timestamp,temperature_c,pressure_hpa,humidity_pct
2023-01-01 00:00:00,-10.0,972.5,82.59073199620696
2023-01-01 01:00:00,-10.2,973.4,81.89982978908134
2023-01-01 02:00:00,-9.5,974.2,75.03868757681627
2023-01-01 03:00:00,-9.4,974.8,74.45190118312678
2023-01-01 04:00:00,-9.4,975.5,73.25421046064115
2023-01-01 05:00:00,-9.2,976.6,72.11447816160089
2023-01-01 06:00:00,-9.2,977.6,68.67823001007511
2023-01-01 07:00:00,-8.7,978.2,67.13125270266616
2023-01-01 08:00:00,-8.5,978.9,70.52655083651082
2023-01-01 09:00:00,-8.2,979.8,68.34488765380594
2023-01-01 10:00:00,-7.7,980.4,64.16755138429815
2023-01-01 11:00:00,-7.7,981.1,72.41732868849175
2023-01-01 12:00:00,-7.5,981.7,62.16527464956244
2023-01-01 13:00:00,-7.5,982.6,87.61548422457379
2023-01-01 14:00:00,-7.2,982.9,79.76205680802235
2023-01-01 15:00:00,-6.9,983.7,79.18193552354246
2023-01-01 16:00:00,-6.7,984.4,68.67824008750398
2023-01-01 17:00:00,-6.7,985.0,65.98287326338604
2023-01-01 18:00:00,-6.7,985.8,65.45526738773376
2023-01-01 19:00:00,-6.5,987.0,62.41836471076937
2023-01-01 20:00:00,-5.9,988.2,69.4023804443984
2023-01-01 21:00:00,-5.5,989.0,60.20969884026856
2023-01-01 22:00:00,-5.2,990.0,67.39103416328855
2023-01-01 23:00:00,-4.9,990.7,69.07197051847191
2023-01-02 00:00:00,-4.5,991.3,80.1715710372979
2023-01-02 01:00:00,-4.5,992.0,66.49424307104735
2023-01-02 02:00:00,-4.4,993.3,59.54030238541228
2023-01-02 03:00:00,-3.7,994.1,62.12910316593096
2023-01-02 04:00:00,-4.2,995.0,75.99765959038646
2023-01-02 05:00:00,-5.0,994.9,74.68204348172543
2023-01-02 06:00:00,-4.5,994.9,87.23750914770348
2023-01-02 07:00:00,-4.0,995.4,82.74584377067087
2023-01-02 08:00:00,-3.7,997.2,83.41966793529745
2023-01-02 09:00:00,-3.7,998.7,79.6775047150663
2023-01-02 10:00:00,-4.0,999.5,79.63176508651837
2023-01-02 11:00:00,-5.2,1000.7,80.69005908098856
2023-01-02 12:00:00,-4.2,1001.4,84.64214239876874
2023-01-02 13:00:00,-4.5,1001.8,88.58012211476411
2023-01-02 14:00:00,-4.5,1002.2,89.25829487633948
2023-01-02 15:00:00,-4.5,1002.5,85.913027280115
2023-01-02 16:00:00,-4.2,1003.0,86.60448401658508
2023-01-02 17:00:00,-3.9,1003.2,85.97870304490752
2023-01-02 18:00:00,-4.0,1003.6,87.28748864154267
2023-01-02 19:00:00,-2.0,1004.2,87.48457293964655
2023-01-02 20:00:00,-1.5,1004.7,87.53314598374334
2023-01-02 21:00:00,0.0,1005.2,88.32468351371529
2023-01-02 22:00:00,1.1,1005.6,85.8790782802092
2023-01-02 23:00:00,1.2,1006.1,84.64292532696574
2023-01-03 00:00:00,1.0,1006.4,82.17062212544323
2023-01-03 01:00:00,1.0,1006.5,80.37531738171192
2023-01-03 02:00:00,1.2,1006.5,75.791560331359
2023-01-03 03:00:00,1.0,1006.6,79.1978708757309
2023-01-03 04:00:00,1.2,1006.4,75.791560331359
2023-01-03 05:00:00,1.2,1006.4,77.49302847124358
2023-01-03 06:00:00,1.5,1006.5,73.63042250546171
2023-01-03 07:00:00,1.6,1006.2,78.70826671898335
2023-01-03 08:00:00,1.7,1006.0,82.2633596599217
2023-01-03 09:00:00,1.5,1006.0,89.75278329469143
2023-01-03 10:00:00,1.5,1006.4,92.39001836994618
2023-01-03 11:00:00,2.5,1006.0,83.57285553231281
2023-01-03 12:00:00,2.5,1005.6,82.96873872890268
2023-01-03 13:00:00,2.6,1005.7,82.9814171583911
2023-01-03 14:00:00,2.7,1005.2,82.99408196412462
2023-01-03 15:00:00,3.0,1005.2,81.8393324828555
2023-01-03 16:00:00,3.0,1005.0,81.24871579165338
2023-01-03 17:00:00,2.7,1005.2,82.99408196412462
2023-01-03 18:00:00,2.7,1005.5,82.39464059888738
2023-01-03 19:00:00,3.0,1005.7,84.24003710329893
2023-01-03 20:00:00,3.0,1006.2,84.24003710329893
2023-01-03 21:00:00,3.1,1006.5,85.47458599835932
2023-01-03 22:00:00,3.0,1006.7,86.70294685196764
2023-01-03 23:00:00,2.7,1006.9,87.93049118655256
2023-01-04 00:00:00,3.0,1007.6,87.95816094920934
2023-01-04 01:00:00,3.0,1007.9,89.22944825878578
2023-01-04 02:00:00,3.0,1008.1,88.59178440898606
2023-01-04 03:00:00,3.0,1008.4,88.59178440898606
2023-01-04 04:00:00,3.0,1008.7,87.32855576747052
2023-01-04 05:00:00,3.1,1008.9,86.71303853789584
2023-01-04 06:00:00,3.0,1009.3,86.08131229073528
2023-01-04 07:00:00,3.0,1009.5,83.0319948248937
2023-01-04 08:00:00,3.0,1009.8,82.43375178538263
2023-01-04 09:00:00,3.0,1010.3,83.63408282413862
2023-01-04 10:00:00,3.0,1010.7,80.66188068286847
2023-01-04 11:00:00,2.2,1011.1,88.52144017042036
2023-01-04 12:00:00,2.7,1011.1,74.94382328448788
2023-01-04 13:00:00,2.6,1011.3,80.60504997845185
2023-01-04 14:00:00,2.6,1011.4,84.80424070110888
2023-01-04 15:00:00,3.0,1011.6,72.2991364185604
2023-01-04 16:00:00,2.7,1011.6,79.45463108704682
2023-01-04 17:00:00,2.7,1011.6,75.49495842083883
2023-01-04 18:00:00,2.1,1011.9,84.74691158518813
2023-01-04 19:00:00,2.5,1012.3,82.96873872890268
2023-01-04 20:00:00,2.7,1012.4,79.45463108704682
2023-01-04 21:00:00,3.0,1012.8,72.2991364185604
2023-01-04 22:00:00,2.7,1013.0,80.03507713965709
2023-01-04 23:00:00,2.7,1013.3,78.30492615241168
2023-01-05 00:00:00,2.7,1013.3,77.73562576947056
2023-01-05 01:00:00,2.7,1013.4,78.8779210241309
2023-01-05 02:00:00,2.7,1013.7,77.73562576947056
2023-01-05 03:00:00,2.6,1013.7,80.02047025725281
2023-01-05 04:00:00,2.6,1014.0,76.03259863190196
2023-01-05 05:00:00,2.5,1013.8,77.7034944816964
2023-01-05 06:00:00,2.5,1014.1,73.81546015228979
2023-01-05 07:00:00,2.6,1014.4,66.575783858855
2023-01-05 08:00:00,2.0,1014.9,81.11001952568657
2023-01-05 09:00:00,2.5,1015.1,76.01549410093868
2023-01-05 10:00:00,2.5,1015.7,71.14498017124721
2023-01-05 11:00:00,2.5,1015.9,73.81546015228979
2023-01-05 12:00:00,1.7,1016.1,84.08552769085911
2023-01-05 13:00:00,2.2,1016.2,77.65517402530722
2023-01-05 14:00:00,1.7,1016.5,77.57430913586997
2023-01-05 15:00:00,1.5,1016.3,81.04011851950804
2023-01-05 16:00:00,1.6,1016.3,81.05412839164413
2023-01-05 17:00:00,1.6,1016.3,81.650198569881
2023-01-05 18:00:00,1.0,1016.5,84.6196776198425
2023-01-05 19:00:00,1.5,1016.6,78.69274744608835
2023-01-05 20:00:00,0.5,1016.7,89.67272221568071
2023-01-05 21:00:00,0.2,1016.7,90.30779776799781
2023-01-05 22:00:00,0.2,1016.5,92.98810567223708
2023-01-05 23:00:00,0.6,1016.1,89.6807696163842
2023-01-06 00:00:00,1.1,1015.9,80.98393007960533
2023-01-06 01:00:00,1.0,1015.5,87.77192440822337
2023-01-06 02:00:00,1.5,1015.1,76.4059089179522
2023-01-06 03:00:00,0.7,1014.8,84.58471021738568
2023-01-06 04:00:00,0.5,1014.1,83.94094829973909
2023-01-06 05:00:00,0.6,1013.8,87.093686845213
2023-01-06 06:00:00,0.2,1013.6,93.66910828389888
2023-01-06 07:00:00,-0.2,1013.0,91.61281836788578
2023-01-06 08:00:00,-1.0,1012.6,95.69724628623466
2023-01-06 09:00:00,0.7,1012.3,80.92750235774244
2023-01-06 10:00:00,0.2,1011.9,82.673331406227
2023-01-06 11:00:00,-0.5,1011.4,95.71460457711434
2023-01-06 12:00:00,0.0,1010.9,91.62605464639685
2023-01-06 13:00:00,0.0,1010.3,88.32468351371529
2023-01-06 14:00:00,-0.5,1009.6,92.94895562508698
2023-01-06 15:00:00,0.5,1008.6,80.30272644608333
2023-01-06 16:00:00,1.1,1008.0,74.65773922139773
2023-01-06 17:00:00,0.5,1007.8,83.32460446550456
2023-01-06 18:00:00,0.1,1007.3,94.35001183127744
2023-01-06 19:00:00,0.1,1007.1,95.73529727263231
2023-01-06 20:00:00,0.1,1007.0,97.13858888363674
2023-01-06 21:00:00,0.5,1006.7,96.44618313383081
2023-01-06 22:00:00,1.1,1006.2,84.63130785088126
2023-01-06 23:00:00,1.2,1005.9,82.80267085486803
2023-01-07 00:00:00,1.5,1005.7,83.44940300334075
2023-01-07 01:00:00,1.5,1005.6,78.69274744608835
2023-01-07 02:00:00,1.6,1005.0,78.13129845068654
2023-01-07 03:00:00,1.5,1004.8,76.4059089179522
2023-01-07 04:00:00,1.7,1004.4,73.12397276659894
2023-01-07 05:00:00,1.7,1003.7,74.76555540957665
2023-01-07 06:00:00,1.5,1003.5,79.8587807164995
2023-01-07 07:00:00,1.0,1003.3,89.06169922834574
2023-01-07 08:00:00,1.7,1002.8,80.47630254808145
2023-01-07 09:00:00,2.0,1002.4,77.05480458775617
2023-01-07 10:00:00,1.7,1002.3,83.47420059477018
2023-01-07 11:00:00,1.7,1001.9,83.47420059477018
2023-01-07 12:00:00,1.2,1001.4,91.7048285371109
2023-01-07 13:00:00,0.7,1001.1,95.06422585058047
2023-01-07 14:00:00,1.2,1000.5,93.71927618289253
2023-01-07 15:00:00,1.2,1000.0,93.04347839890933
2023-01-07 16:00:00,1.5,999.8,91.72435105065941
2023-01-07 17:00:00,1.5,999.6,91.72435105065941
2023-01-07 18:00:00,1.2,999.5,91.7048285371109
2023-01-07 19:00:00,1.5,999.4,90.40575696580589
2023-01-07 20:00:00,1.7,999.3,86.57073112012378
2023-01-07 21:00:00,1.7,999.3,84.70082200911042
2023-01-07 22:00:00,1.7,998.9,79.88831767180031
2023-01-07 23:00:00,1.5,998.5,83.44940300334075
2023-01-08 00:00:00,1.2,998.0,86.5193680147029
2023-01-08 01:00:00,1.5,997.4,76.4059089179522
2023-01-08 02:00:00,1.5,996.8,74.17824773789499
2023-01-08 03:00:00,1.2,996.3,75.791560331359
2023-01-08 04:00:00,1.2,995.7,83.41210562076664
2023-01-08 05:00:00,1.2,994.9,79.22831487098347
2023-01-08 06:00:00,1.2,994.1,79.22831487098347
2023-01-08 07:00:00,1.1,994.0,79.79952044222901
2023-01-08 08:00:00,1.0,993.6,78.61490892982972
2023-01-08 09:00:00,1.0,992.7,72.44921438595446
2023-01-08 10:00:00,1.2,992.6,73.57455503376738
2023-01-08 11:00:00,1.2,992.1,73.57455503376738
2023-01-08 12:00:00,1.2,991.8,79.22831487098347
2023-01-08 13:00:00,1.2,991.0,75.23182037495401
2023-01-08 14:00:00,1.5,990.7,78.11541626114048
2023-01-08 15:00:00,1.6,990.1,72.56474416658814
2023-01-08 16:00:00,2.0,990.0,73.72316892644852
2023-01-08 17:00:00,1.7,989.8,77.57430913586997
2023-01-08 18:00:00,2.7,988.9,70.66167243616354
2023-01-08 19:00:00,3.0,989.0,68.66688789327493
2023-01-08 20:00:00,3.2,988.9,68.20434473341736
2023-01-08 21:00:00,3.1,989.0,68.68808664583503
2023-01-08 22:00:00,3.1,989.0,70.74219978540367
2023-01-08 23:00:00,3.2,989.0,71.28396668853706
2023-01-09 00:00:00,3.5,988.8,69.79087831925592
2023-01-09 01:00:00,3.2,988.8,72.33757966248672
2023-01-09 02:00:00,3.5,988.8,71.86747044647962
2023-01-09 03:00:00,3.0,988.5,74.45036049121158
2023-01-09 04:00:00,3.0,989.2,72.2991364185604
2023-01-09 05:00:00,3.0,989.2,71.77002433989851
2023-01-09 06:00:00,1.5,989.7,82.84120100857713
2023-01-09 07:00:00,1.7,990.4,80.47630254808145
2023-01-09 08:00:00,1.7,990.7,84.70082200911042
2023-01-09 09:00:00,1.2,991.2,85.88982850947745
2023-01-09 10:00:00,1.1,991.3,85.8790782802092
2023-01-09 11:00:00,0.5,992.0,90.33053397407681
2023-01-09 12:00:00,0.2,992.6,90.9713682071004
2023-01-09 13:00:00,0.2,992.8,90.30779776799781
2023-01-09 14:00:00,0.0,993.1,92.97695284762996
2023-01-09 15:00:00,0.0,993.5,92.97695284762996
2023-01-09 16:00:00,0.0,993.5,92.97695284762996
2023-01-09 17:00:00,0.0,993.8,92.97695284762996
2023-01-09 18:00:00,0.0,994.0,94.34548801286994
2023-01-09 19:00:00,0.0,994.1,92.97695284762996
2023-01-09 20:00:00,0.0,994.3,92.97695284762996
2023-01-09 21:00:00,0.0,994.7,92.97695284762996
2023-01-09 22:00:00,0.0,994.7,92.97695284762996
2023-01-09 23:00:00,0.0,995.0,91.62605464639685
2023-01-10 00:00:00,0.0,995.2,91.62605464639685
2023-01-10 01:00:00,-0.2,994.9,92.28709657580984
2023-01-10 02:00:00,-0.2,994.9,92.28709657580984
2023-01-10 03:00:00,-0.2,994.6,92.96577374126038
2023-01-10 04:00:00,-0.4,994.3,92.95456827165204
2023-01-10 05:00:00,-0.2,994.2,92.96577374126038
2023-01-10 06:00:00,-0.2,994.0,93.64887465643805
2023-01-10 07:00:00,-0.5,993.9,94.3227880605007
2023-01-10 08:00:00,-0.4,994.1,93.63872187405376
2023-01-10 09:00:00,-0.5,994.0,93.63363645795147
2023-01-10 10:00:00,-0.5,993.9,93.63363645795147
2023-01-10 11:00:00,-0.7,993.6,92.93771045717165
2023-01-10 12:00:00,-0.5,993.2,90.92148729361404
2023-01-10 13:00:00,-0.4,992.7,89.59987875840511
2023-01-10 14:00:00,-0.2,992.4,88.95920329772198
2023-01-10 15:00:00,-0.2,992.2,89.61613129576551
2023-01-10 16:00:00,-0.2,991.9,90.27736023239346
2023-01-10 17:00:00,-0.4,991.7,89.59987875840511
2023-01-10 18:00:00,0.0,991.7,86.39492176676556
2023-01-10 19:00:00,0.0,991.4,87.67722242964999
2023-01-10 20:00:00,0.2,991.3,82.673331406227
2023-01-10 21:00:00,0.0,991.3,88.32468351371529
2023-01-10 22:00:00,0.0,991.1,89.63234653902111
2023-01-10 23:00:00,0.0,991.1,90.95715781967971
2023-01-11 00:00:00,0.1,991.3,89.64044021019568
2023-01-11 01:00:00,0.0,991.1,89.63234653902111
2023-01-11 02:00:00,-0.2,990.8,90.9429144406859
2023-01-11 03:00:00,-0.4,990.9,90.26208868636408
2023-01-11 04:00:00,-0.4,990.8,89.59987875840511
2023-01-11 05:00:00,-0.4,990.3,90.26208868636408
2023-01-11 06:00:00,-0.5,990.3,92.2687204582999
2023-01-11 07:00:00,-0.4,990.8,90.92863796987683
2023-01-11 08:00:00,-0.5,991.1,90.25443967232712
2023-01-11 09:00:00,-0.9,991.0,88.89876203890118
2023-01-11 10:00:00,-1.0,990.7,87.5814439070121
2023-01-11 11:00:00,-1.0,990.8,92.92079286395739
2023-01-11 12:00:00,-0.4,990.7,88.28837924759235
2023-01-11 13:00:00,-0.2,990.8,87.65815335342351
2023-01-11 14:00:00,-0.2,990.4,92.96577374126038
2023-01-11 15:00:00,-0.2,990.3,86.37401800255994
2023-01-11 16:00:00,-0.7,990.8,87.61029144157635
2023-01-11 17:00:00,-1.0,991.1,86.9335590419379
2023-01-11 18:00:00,-1.4,991.7,87.54282751335542
2023-01-11 19:00:00,-1.7,991.8,88.82909015176138
2023-01-11 20:00:00,-2.0,992.2,88.80279777701882
2023-01-11 21:00:00,-2.5,992.7,92.14454262855458
2023-01-11 22:00:00,-3.0,993.1,94.20723357463334
2023-01-11 23:00:00,-3.7,993.3,91.37609504753351
2023-01-12 00:00:00,-4.2,994.5,92.73654465755463
2023-01-12 01:00:00,-4.2,994.9,87.9350891001398
2023-01-12 02:00:00,-4.0,995.2,77.81377994051132
2023-01-12 03:00:00,-4.0,995.7,73.14507215310321
2023-01-12 04:00:00,-4.7,996.0,69.66002645675576
2023-01-12 05:00:00,-5.0,996.3,74.68204348172543
2023-01-12 06:00:00,-5.4,996.5,74.6080261230548
2023-01-12 07:00:00,-5.7,996.6,72.81406434020458
2023-01-12 08:00:00,-6.0,997.2,71.61439726733599
2023-01-12 09:00:00,-6.0,997.7,72.75506215733262
2023-01-12 10:00:00,-5.9,998.0,73.93089139196022
2023-01-12 11:00:00,-5.9,998.2,76.89316787426841
2023-01-12 12:00:00,-5.9,998.5,79.96072541253993
2023-01-12 13:00:00,-5.9,998.9,79.96072541253993
2023-01-12 14:00:00,-5.9,999.2,80.58715429307966
2023-01-12 15:00:00,-6.0,999.4,75.67787965909015
2023-01-12 17:00:00,-6.5,999.9,74.40290711486426
2023-01-12 18:00:00,-6.7,999.8,70.34219536050468
2023-01-12 19:00:00,-6.7,999.8,65.45526738773376
2023-01-12 20:00:00,-6.5,1000.0,70.38444285807255
2023-01-12 21:00:00,-6.2,1000.2,62.9980312944977
2023-01-12 22:00:00,-6.9,1000.9,67.00357523083083
2023-01-12 23:00:00,-7.4,1001.1,64.76281153870701
2023-01-13 00:00:00,-7.9,1001.2,74.73399796569436
2023-01-13 01:00:00,-8.2,1001.5,83.49263044937534
2023-01-13 02:00:00,-8.7,1001.9,81.45784955849564
2023-01-13 03:00:00,-9.0,1002.0,82.06816986659732
2023-01-13 04:00:00,-8.7,1002.0,74.58409310061236
2023-01-13 05:00:00,-8.9,1002.2,71.01534837598518
2023-01-13 06:00:00,-9.4,1002.5,70.33489178894098
2023-01-13 07:00:00,-9.0,1002.6,60.7710669402796
2023-01-13 08:00:00,-9.4,1002.7,71.4899129499371
2023-01-13 09:00:00,-9.2,1003.1,60.218520843243454
2023-01-13 10:00:00,-9.9,1003.5,83.27134868432691
2023-01-13 11:00:00,-10.0,1003.7,83.25819884475428
2023-01-13 12:00:00,-9.5,1003.8,72.64179300472911
2023-01-13 13:00:00,-9.5,1004.0,81.99830323442409
2023-01-13 14:00:00,-9.2,1004.1,72.7018726602292
2023-01-13 15:00:00,-9.0,1004.4,69.85033668633149
2023-01-13 16:00:00,-9.0,1004.8,66.51630539685908
2023-01-13 17:00:00,-9.2,1005.1,67.01556958079944
2023-01-13 18:00:00,-9.4,1005.4,71.4899129499371
2023-01-13 19:00:00,-9.9,1005.8,67.96121858412845
2023-01-13 20:00:00,-10.0,1005.7,66.8293285653694
2023-01-13 21:00:00,-9.9,1005.8,69.65481940877638
2023-01-13 22:00:00,-9.9,1005.6,73.15554642810285
2023-01-13 23:00:00,-9.7,1005.5,73.19507283848996
2023-01-14 00:00:00,-9.5,1005.0,68.05206051093751
2023-01-14 01:00:00,-9.2,1005.1,65.92719662977098
2023-01-14 02:00:00,-9.5,1004.6,78.13394336452659
2023-01-14 03:00:00,-9.7,1004.0,75.00145194116394
2023-01-14 04:00:00,-9.7,1003.3,81.31367232141523
2023-01-14 05:00:00,-9.5,1002.6,86.03226944304983
2023-01-14 06:00:00,-9.2,1001.7,82.69926687460435
2023-01-14 07:00:00,-9.5,1001.5,83.99368705304133
2023-01-14 09:00:00,-8.7,1001.1,84.09408036574227
2023-01-14 10:00:00,-8.0,1000.5,83.51838495451864
2023-01-14 11:00:00,-7.0,1000.5,82.9927512271716
2023-01-14 12:00:00,-5.9,1000.2,87.77197117606359
2023-01-14 13:00:00,-5.0,1000.2,85.85795478572807
2023-01-14 14:00:00,-5.0,1000.0,85.85795478572807
2023-01-14 15:00:00,-5.0,999.6,86.5203270392162
2023-01-14 16:00:00,-5.5,999.5,87.81064087507505
2023-01-14 17:00:00,-5.5,999.6,87.81064087507505
2023-01-14 18:00:00,-5.4,999.1,87.14681989582482
2023-01-14 19:00:00,-5.0,998.8,86.5203270392162
2023-01-14 20:00:00,-4.9,998.4,81.99137811969076
2023-01-14 21:00:00,-5.0,998.1,81.3463040326124
2023-01-14 22:00:00,-5.0,997.9,85.85795478572807
2023-01-14 23:00:00,-4.5,997.6,86.57301518362914
2023-01-15 00:00:00,-4.5,997.4,90.62850834728738
2023-01-15 01:00:00,-4.5,997.5,87.90653585369903
2023-01-15 02:00:00,-4.7,996.8,88.56202830008512
2023-01-15 03:00:00,-4.7,997.3,85.2345896113114
2023-01-15 04:00:00,-5.0,997.0,87.8587268945905
2023-01-15 05:00:00,-5.0,996.7,85.20009840803989
2023-01-15 06:00:00,-5.0,996.4,85.20009840803989
2023-01-15 07:00:00,-5.2,996.1,92.67751061703403
2023-01-15 08:00:00,-5.2,996.0,91.97217364696876
2023-01-15 09:00:00,-5.4,996.0,91.25754388503432
2023-01-15 10:00:00,-5.0,995.9,88.53480869182341
2023-01-15 11:00:00,-5.2,995.4,90.57580782327405
2023-01-15 12:00:00,-5.0,995.1,89.21551475658485
2023-01-15 13:00:00,-4.7,994.6,83.2919501824812
2023-01-15 14:00:00,-4.5,994.3,86.57301518362914
2023-01-15 15:00:00,-4.5,993.7,90.62850834728738
2023-01-15 16:00:00,-4.5,993.7,89.25829487633948
2023-01-15 17:00:00,-4.5,993.0,89.94108121666503
2023-01-15 18:00:00,-4.2,992.7,92.03665972255259
2023-01-15 19:00:00,-2.5,992.6,92.14454262855458
2023-01-15 20:00:00,-1.5,992.0,92.20699710191815
2023-01-15 21:00:00,-1.2,991.9,92.2255903628762
2023-01-15 22:00:00,-1.2,991.8,92.90948112038907
2023-01-15 23:00:00,-1.5,991.9,94.97608311078942
2023-01-16 00:00:00,-1.5,991.9,91.52602496844557
2023-01-16 01:00:00,-1.0,991.8,91.5595632420443
2023-01-16 02:00:00,-0.2,991.6,93.64887465643805
2023-01-16 03:00:00,-0.2,992.0,93.64887465643805
2023-01-16 04:00:00,-0.5,992.2,91.59290597108397
2023-01-16 05:00:00,-1.0,991.9,92.23794946539958
2023-01-16 06:00:00,-1.2,992.0,92.2255903628762
2023-01-16 07:00:00,-1.0,992.2,90.88560899853698
2023-01-16 08:00:00,-0.7,993.1,93.62344752894298
2023-01-16 09:00:00,0.0,993.9,91.62605464639685
2023-01-16 10:00:00,0.0,994.3,88.97638355603272
2023-01-16 11:00:00,-0.2,994.6,87.01398330813788
2023-01-16 12:00:00,-0.4,994.7,85.08387104547309
2023-01-16 13:00:00,-0.7,994.1,85.04967299814432
2023-01-16 14:00:00,-0.7,994.4,86.96380313558787
2023-01-16 15:00:00,-1.0,995.5,86.9335590419379
2023-01-16 16:00:00,-1.2,996.4,85.62849622570909
2023-01-16 17:00:00,-1.4,996.2,85.60640137924295
2023-01-16 18:00:00,-1.7,996.9,86.21573700215478
2023-01-16 19:00:00,-2.0,997.2,88.14149638533925
2023-01-16 20:00:00,-1.2,997.3,86.26879370372735
2023-01-16 21:00:00,-0.9,997.7,73.17881745048729
2023-01-16 22:00:00,-1.2,998.2,83.109304596872
2023-01-16 23:00:00,-1.7,998.9,81.80630224801871
2023-01-17 00:00:00,-2.2,998.8,82.98077723291357
2023-01-17 01:00:00,-2.5,999.1,82.94194361077642
2023-01-17 02:00:00,-2.7,999.3,81.05125813393065
2023-01-17 03:00:00,-3.0,999.8,78.57538942795716
2023-01-17 04:00:00,-3.0,999.8,75.62561486208871
2023-01-17 05:00:00,-3.2,1000.0,80.36452457668949
2023-01-17 06:00:00,-3.7,1000.2,77.8630403496889
2023-01-17 07:00:00,-3.5,1000.7,71.56082546268965
2023-01-17 08:00:00,-3.2,1000.6,86.05476271716007
2023-01-17 09:00:00,-2.7,1000.3,73.95967470814566
2023-01-17 10:00:00,-3.4,1001.6,76.72526742259443
2023-01-17 11:00:00,-3.4,1001.5,75.55450329984608
2023-01-17 12:00:00,-4.2,1001.3,89.28384345406141
2023-01-17 13:00:00,-3.9,1001.6,85.32599703777657
2023-01-17 14:00:00,-3.2,1001.4,85.40530535131448
2023-01-17 15:00:00,-2.5,1001.8,88.09504211617218
2023-01-17 16:00:00,-1.7,1001.6,88.16924164861757
2023-01-17 17:00:00,-1.4,1002.2,87.54282751335542
2023-01-17 18:00:00,-1.4,1002.4,87.54282751335542
2023-01-17 19:00:00,-1.4,1003.1,86.89307400146683
2023-01-17 20:00:00,-1.0,1003.2,83.75753480564771
2023-01-17 21:00:00,-0.7,1003.9,80.12693202357922
2023-01-17 22:00:00,-0.9,1004.3,78.90545221501797
2023-01-17 23:00:00,-1.5,1004.9,87.53314598374334
2023-01-18 00:00:00,-1.9,1005.4,83.64602815720427
2023-01-18 01:00:00,-2.2,1006.0,80.51112558926205
2023-01-18 02:00:00,-3.0,1006.5,75.0476250040634
2023-01-18 03:00:00,-3.4,1006.7,73.82815508172327
2023-01-18 04:00:00,-3.5,1006.5,71.00832584171032
2023-01-18 05:00:00,-3.2,1006.4,69.43763887848098
2023-01-18 06:00:00,-2.7,1006.3,76.84446933430291
2023-01-18 07:00:00,-2.7,1006.3,84.1802258264903
2023-01-18 08:00:00,-2.2,1006.2,79.30097746439267
2023-01-18 09:00:00,-2.7,1006.5,87.41610460249909
2023-01-18 10:00:00,-2.5,1006.4,84.20444246287285
2023-01-18 11:00:00,-2.7,1006.1,89.41025754513457
2023-01-18 12:00:00,-2.9,1005.5,88.72337386820269
2023-01-18 13:00:00,-3.0,1006.1,89.3851505634672
2023-01-18 14:00:00,-3.2,1006.0,90.72523570533069
2023-01-18 15:00:00,-3.2,1005.8,92.1003833844289
2023-01-18 16:00:00,-3.2,1005.6,91.41051178790923
2023-01-18 17:00:00,-3.5,1005.7,90.02079545722624
2023-01-18 18:00:00,-3.5,1005.5,90.02079545722624
2023-01-18 19:00:00,-3.2,1005.3,87.36686294321517
2023-01-18 20:00:00,-3.4,1005.2,87.34708740724913
2023-01-18 21:00:00,-3.4,1005.0,86.03309281666563
2023-01-18 22:00:00,-3.7,1004.9,88.6520793826218
2023-01-18 23:00:00,-3.5,1004.5,89.34311090987347
2023-01-19 00:00:00,-3.7,1004.3,90.68820768443446
2023-01-19 01:00:00,-3.9,1004.0,94.16477824722756
2023-01-19 02:00:00,-3.5,1003.4,92.08134563407027
2023-01-19 03:00:00,-3.4,1002.7,90.02871573565221
2023-01-19 04:00:00,-2.9,1002.4,92.11935357923706
2023-01-19 05:00:00,-1.9,1001.9,88.15075538315405
2023-01-19 06:00:00,-1.5,1001.6,89.50981815275505
2023-01-19 07:00:00,-1.9,1001.8,87.49430965540952
2023-01-19 08:00:00,-2.7,1002.1,84.1802258264903
2023-01-19 09:00:00,-3.4,1002.3,85.38270954474834
2023-01-19 10:00:00,-3.7,1002.6,84.70134099742087
2023-01-19 11:00:00,-4.2,1002.5,85.29181588664488
2023-01-19 12:00:00,-4.4,1002.2,83.97219532885657
2023-01-19 13:00:00,-4.7,1001.7,83.93507315606288
2023-01-19 14:00:00,-4.2,1001.4,82.71945159179369
2023-01-19 15:00:00,-4.7,1001.5,81.38880869519154
2023-01-19 16:00:00,-4.5,1001.1,83.95983508555646
2023-01-19 17:00:00,-3.9,1000.4,85.32599703777657
2023-01-19 18:00:00,-3.2,1000.1,86.05476271716007
2023-01-19 19:00:00,-2.7,1000.2,88.07638578281855
2023-01-19 20:00:00,-2.7,1001.2,88.07638578281855
2023-01-19 21:00:00,-2.5,1002.1,86.78079146635739
2023-01-19 22:00:00,-3.0,1003.6,82.87693605890465
2023-01-19 23:00:00,-3.5,1005.2,76.12041841601643
2023-01-20 00:00:00,-3.5,1006.3,80.93673680594745
2023-01-20 01:00:00,-4.2,1006.5,92.73654465755463
2023-01-20 02:00:00,-4.0,1006.9,79.63176508651837
2023-01-20 03:00:00,-4.2,1007.5,78.38347223645246
2023-01-20 04:00:00,-4.4,1008.3,78.9588043527321
2023-01-20 05:00:00,-4.5,1008.8,78.33511084432243
2023-01-20 06:00:00,-4.4,1009.7,78.9588043527321
2023-01-20 07:00:00,-5.2,1010.8,74.64507268898515
2023-01-20 08:00:00,-5.7,1011.4,73.38942498972831
2023-01-20 09:00:00,-5.7,1012.0,73.96883321983996
2023-01-20 10:00:00,-5.7,1012.9,75.7315915918741
2023-01-20 11:00:00,-5.9,1012.9,76.89316787426841
2023-01-20 12:00:00,-6.0,1013.3,76.87599526193989
2023-01-20 13:00:00,-5.7,1013.1,76.32743897864978
2023-01-20 14:00:00,-5.2,1012.6,77.01287233500199
2023-01-20 15:00:00,-4.4,1012.0,78.35124839487926
2023-01-20 16:00:00,-4.0,1011.6,79.02161469731482
2023-01-20 17:00:00,-3.9,1011.4,77.83021735587229
2023-01-20 18:00:00,-3.5,1010.4,82.18237888592995
2023-01-20 19:00:00,-1.5,1009.3,83.0708939989399
2023-01-20 20:00:00,-0.4,1008.2,75.51188454069707
2023-01-20 21:00:00,0.2,1006.9,66.03451557909491
2023-01-20 22:00:00,0.5,1005.6,69.687341578975
2023-01-20 23:00:00,0.5,1003.8,74.54927571753703
2023-01-21 00:00:00,0.2,1002.3,86.41577881524513
2023-01-21 01:00:00,1.0,999.6,80.37531738171192
2023-01-21 02:00:00,1.1,997.2,81.58196388711195
2023-01-21 03:00:00,0.7,994.4,91.67213959102538
2023-01-21 04:00:00,1.0,991.1,94.39048550746949
2023-01-21 05:00:00,1.1,987.9,95.08000458175758
2023-01-21 06:00:00,1.2,984.7,96.46618138062811
2023-01-21 07:00:00,1.5,982.4,95.09570843600031
2023-01-21 08:00:00,2.0,979.3,94.43495339699804
2023-01-21 09:00:00,3.0,977.7,94.47889987231041
2023-01-21 10:00:00,2.7,977.4,96.50847380763614
2023-01-21 11:00:00,3.0,978.1,95.15393897430994
2023-01-21 12:00:00,2.7,979.3,94.46577019715377
2023-01-21 13:00:00,3.0,979.9,90.51698607939369
2023-01-21 14:00:00,2.2,981.0,91.11167933483075
2023-01-21 15:00:00,0.5,983.0,69.687341578975
2023-01-21 16:00:00,-0.4,984.1,75.51188454069707
2023-01-21 17:00:00,-0.9,986.1,76.56870194597867
2023-01-21 18:00:00,-1.9,987.4,78.15536527416963
2023-01-21 19:00:00,-2.4,989.1,79.27020017354967
2023-01-21 20:00:00,-3.2,989.9,78.54357208255927
2023-01-21 21:00:00,-3.4,991.0,79.72309770374653
2023-01-21 23:00:00,-3.7,992.7,79.06854715852872
2023-01-22 00:00:00,-3.7,993.2,79.06854715852872
2023-01-22 01:00:00,-3.5,992.6,79.70791629779015
2023-01-22 02:00:00,-3.2,992.6,78.54357208255927
2023-01-22 03:00:00,-3.5,991.8,86.67749421683916
2023-01-22 04:00:00,-3.7,990.5,89.32622656488095
2023-01-22 05:00:00,-3.7,989.1,90.68820768443446
2023-01-22 06:00:00,-2.2,987.3,90.1230421574259
2023-01-22 07:00:00,-1.2,985.0,91.54617148190917
2023-01-22 08:00:00,1.2,982.9,88.43261245338114
2023-01-22 09:00:00,1.2,981.9,93.04347839890933
2023-01-22 10:00:00,2.2,981.0,95.80656231362632
2023-01-22 11:00:00,1.7,980.4,95.78975614003447
2023-01-22 12:00:00,1.5,979.9,95.78300558263491
2023-01-22 13:00:00,1.2,979.5,97.16395766920245
2023-01-22 14:00:00,1.0,979.0,94.39048550746949
2023-01-22 15:00:00,0.7,978.0,95.06422585058047
2023-01-22 16:00:00,0.5,976.1,95.74900987721772
2023-01-22 17:00:00,0.2,974.8,96.43756078120795
2023-01-22 18:00:00,-0.7,974.2,97.83295879686143
2023-01-22 19:00:00,-1.5,974.4,97.8187293038011
2023-01-22 20:00:00,-2.7,974.9,97.07246453262279
2023-01-22 21:00:00,-3.2,976.9,96.33762224877516
2023-01-22 22:00:00,-3.4,977.6,96.33161385754566
2023-01-22 23:00:00,-3.2,978.7,96.33762224877516
2023-01-23 00:00:00,-3.9,980.5,96.31652845375933
2023-01-23 01:00:00,-4.5,982.5,95.57275439006
2023-01-23 02:00:00,-5.7,984.9,94.0784706632726
2023-01-23 03:00:00,-6.2,987.0,92.61776393443753
2023-01-23 04:00:00,-6.7,990.1,91.8739886785298
2023-01-23 05:00:00,-7.2,992.6,90.42280726725592
2023-01-23 06:00:00,-7.0,994.4,88.35089474689549
2023-01-23 07:00:00,-6.2,995.9,87.06541483879458
2023-01-23 08:00:00,-5.7,997.2,85.78032529855383
2023-01-23 09:00:00,-5.2,998.1,77.61517436422731
2023-01-23 10:00:00,-4.9,999.4,75.87400891365681
2023-01-23 11:00:00,-4.9,1000.5,71.27634890834764
2023-01-23 12:00:00,-5.0,1000.6,72.38204140142835
2023-01-23 13:00:00,-4.9,1001.5,63.8244849896783
2023-01-23 14:00:00,-5.0,1002.2,66.90571276822091
2023-01-23 15:00:00,-5.2,1003.5,69.00682024266504
2023-01-23 16:00:00,-5.2,1004.2,70.10310278230943
2023-01-23 17:00:00,-4.7,1005.5,68.03721936956711
2023-01-23 18:00:00,-4.9,1006.1,69.61729252084533
2023-01-23 19:00:00,-4.5,1007.1,65.45439640560055
2023-01-23 20:00:00,-4.2,1007.3,67.61607568215801
2023-01-23 21:00:00,-4.0,1007.5,62.05388907063354
2023-01-23 22:00:00,-3.5,1007.9,60.72692017951438
2023-01-23 23:00:00,-3.0,1008.3,64.78721334244584
2023-01-24 00:00:00,-2.5,1008.3,60.982261080916956
2023-01-24 01:00:00,-2.2,1008.8,66.50216004588975
2023-01-24 02:00:00,-1.9,1009.0,66.57042611084178
2023-01-24 03:00:00,-1.5,1008.7,62.1916622875642
2023-01-24 04:00:00,-1.0,1008.2,71.51445266494767
2023-01-24 05:00:00,-1.5,1008.1,75.88970368487271
2023-01-24 06:00:00,-1.5,1007.4,70.87161435731288
2023-01-24 07:00:00,-1.5,1006.9,71.96049712607936
2023-01-24 08:00:00,-1.2,1006.4,77.6803286010967
2023-01-24 09:00:00,-1.4,1005.9,76.4834221302085
2023-01-24 10:00:00,-1.2,1005.8,73.12160988438524
2023-01-24 11:00:00,-1.5,1005.0,78.811891950711
2023-01-24 12:00:00,-2.4,1004.1,78.67043940329116
2023-01-24 13:00:00,-3.2,1003.3,67.83901493270986
2023-01-24 14:00:00,-2.4,1002.1,82.33041047794639
2023-01-24 15:00:00,-2.5,1001.8,81.07973414490077
2023-01-24 16:00:00,-2.5,1001.3,72.3147931496095
2023-01-24 17:00:00,-2.7,1000.9,63.360029968583945
2023-01-24 18:00:00,-2.7,1001.1,56.32138009911131
2023-01-24 19:00:00,-3.0,1001.2,62.30384367535393
2023-01-24 20:00:00,-3.5,1001.6,67.24598478036793
2023-01-24 21:00:00,-3.9,1001.8,67.68317717926965
2023-01-24 22:00:00,-4.2,1002.6,70.86438593088674
2023-01-24 23:00:00,-4.4,1003.0,73.63865381510213
2023-01-25 00:00:00,-4.9,1003.9,75.87400891365681
2023-01-25 01:00:00,-5.2,1004.7,80.69005908098856
2023-01-25 02:00:00,-4.7,1005.7,78.91152051832341
2023-01-25 03:00:00,-4.5,1006.8,73.04830242029496
2023-01-25 04:00:00,-4.9,1008.0,71.8371429619683
2023-01-25 05:00:00,-4.9,1009.0,70.16644728709926
2023-01-25 06:00:00,-4.5,1010.3,71.35802802886954
2023-01-25 07:00:00,-5.2,1011.9,72.91200673029364
2023-01-25 08:00:00,-5.0,1013.3,69.05027458281673
2023-01-25 09:00:00,-5.0,1014.2,74.10102290836053
2023-01-25 10:00:00,-4.4,1015.7,67.57123627536431
2023-01-25 11:00:00,-4.2,1017.1,74.82917267384818
2023-01-25 12:00:00,-4.4,1018.2,77.74785696248983
2023-01-25 13:00:00,-4.2,1020.3,69.76650122331704
2023-01-25 14:00:00,-4.2,1021.0,68.14807113019192
2023-01-25 15:00:00,-4.2,1022.1,65.52489931966485
2023-01-25 16:00:00,-4.2,1022.8,66.04221725679768
2023-01-25 17:00:00,-4.0,1022.5,76.62240249375137
2023-01-25 18:00:00,-4.2,1024.1,71.41907674501465
2023-01-25 19:00:00,-5.0,1024.2,65.33646153866316
2023-01-25 20:00:00,-5.2,1024.4,65.80905651246745
2023-01-25 21:00:00,-5.2,1024.8,64.26026964393161
2023-01-25 22:00:00,-5.2,1024.5,67.92584225409367
2023-01-25 23:00:00,-4.2,1023.3,68.14807113019192
2023-01-26 00:00:00,-3.4,1022.6,77.91214558563478
2023-01-26 01:00:00,-2.0,1021.2,86.18375948438603
2023-01-26 02:00:00,-1.0,1020.0,86.9335590419379
2023-01-26 04:00:00,-1.0,1017.9,74.8386458561112
2023-01-26 05:00:00,-0.7,1017.3,73.77175744847737
2023-01-26 06:00:00,-0.7,1016.5,74.89277451641242
2023-01-26 07:00:00,-0.2,1016.2,79.0138633583059
2023-01-26 08:00:00,0.7,1015.7,85.20829634902996
2023-01-26 09:00:00,1.5,1015.4,89.10399411313492
2023-01-26 10:00:00,2.5,1014.3,82.36849670364835
2023-01-26 11:00:00,2.7,1013.0,80.61928007687953
2023-01-26 12:00:00,1.6,1012.1,89.11242428257479
2023-01-26 13:00:00,1.7,1011.2,88.47715174612614
2023-01-26 14:00:00,1.5,1009.8,83.44940300334075
2023-01-26 15:00:00,0.5,1008.0,94.3680534789215
2023-01-26 16:00:00,0.6,1005.3,95.7524277725059
2023-01-26 17:00:00,1.0,1002.7,93.70928987035867
2023-01-26 18:00:00,1.2,1000.7,95.08393754666196
2023-01-26 19:00:00,1.0,998.7,94.39048550746949
2023-01-26 20:00:00,1.1,996.7,96.46333477402813
2023-01-26 21:00:00,1.5,995.3,96.47470073765042
2023-01-26 22:00:00,2.2,994.0,96.49446056360664
2023-01-26 23:00:00,2.6,992.9,90.48751137985101
2023-01-27 00:00:00,4.1,992.0,67.89711900422364
2023-01-27 01:00:00,2.7,991.6,80.61928007687953
2023-01-27 02:00:00,3.6,990.1,71.36297236188996
2023-01-27 03:00:00,3.5,989.2,71.86747044647962
2023-01-27 04:00:00,2.0,988.2,89.14604940724496
2023-01-27 05:00:00,2.0,986.9,89.79247211022094
2023-01-27 06:00:00,1.7,985.9,90.42069815348157
2023-01-27 07:00:00,1.7,985.2,92.40199314458661
2023-01-27 08:00:00,1.0,984.0,93.03245577175895
2023-01-27 09:00:00,0.7,983.0,94.37704224444765
2023-01-27 10:00:00,0.7,982.6,82.13066355179032
2023-01-27 11:00:00,0.7,982.4,74.58550243345705
2023-01-27 12:00:00,0.7,981.9,81.52711315475894
2023-01-27 13:00:00,0.2,981.6,76.18415388647234
2023-01-27 14:00:00,0.5,981.4,80.30272644608333
2023-01-27 15:00:00,-0.5,981.3,82.58195718148943
2023-01-27 16:00:00,-3.0,980.9,92.11303766771334
2023-01-27 17:00:00,-4.0,981.2,92.04946506783155
2023-01-27 18:00:00,-5.2,982.5,83.8729256597598
2023-01-27 19:00:00,-5.9,983.7,83.78533285224675
2023-01-27 20:00:00,-6.7,984.4,79.83879968487304
2023-01-27 21:00:00,-6.7,984.6,79.83879968487304
2023-01-27 22:00:00,-6.7,985.1,83.03221400290072
2023-01-27 23:00:00,-6.0,986.4,85.74686556299531
2023-01-28 00:00:00,-3.2,988.6,89.36836397821901
2023-01-28 01:00:00,-3.2,991.2,85.40530535131448
2023-01-28 02:00:00,-3.7,993.7,80.90795130918895
2023-01-28 03:00:00,-4.7,995.8,82.01884392190053
2023-01-28 04:00:00,-5.5,997.0,85.80256831583948
2023-01-28 05:00:00,-5.5,999.7,83.18874967916852
2023-01-28 06:00:00,-6.0,1000.6,83.7727634077692
2023-01-28 07:00:00,-6.2,1001.3,85.06095646063207
2023-01-28 08:00:00,-6.2,1002.1,82.45229685033482
2023-01-28 09:00:00,-6.7,1004.0,83.03221400290072
2023-01-28 10:00:00,-6.2,1004.2,75.04845162533319
2023-01-28 11:00:00,-6.2,1004.7,75.64197863707462
2023-01-28 12:00:00,-6.4,1005.0,73.25386120721895
2023-01-28 13:00:00,-6.5,1004.7,78.00873512538816
2023-01-28 14:00:00,-6.5,1004.9,78.62461272844303
2023-01-28 15:00:00,-6.5,1004.8,78.62461272844303
2023-01-28 16:00:00,-6.5,1004.3,74.40290711486426
2023-01-28 17:00:00,-6.9,1003.8,75.51573575195658
2023-01-28 18:00:00,-7.0,1003.2,70.84221043413616
2023-01-28 19:00:00,-6.7,1002.7,75.55189896619916
2023-01-28 20:00:00,-6.7,1002.2,74.36536340556279
2023-01-28 21:00:00,-6.7,1001.7,69.78359233689618
2023-01-28 22:00:00,-6.9,1001.0,79.80815254144728
2023-01-28 23:00:00,-6.9,1000.1,72.57698295097961
2023-01-29 00:00:00,-7.0,999.8,79.79280398877873
2023-01-29 01:00:00,-7.2,999.1,72.51726350618235
2023-01-29 02:00:00,-7.5,998.4,67.40666028057889
2023-01-29 03:00:00,-7.7,997.9,70.1297093373179
2023-01-29 04:00:00,-7.7,997.1,71.83926967229085
2023-01-29 05:00:00,-7.7,996.4,70.69548554935879
2023-01-29 06:00:00,-7.9,995.8,62.571598982227115
2023-01-29 07:00:00,-7.9,995.5,63.59913338319993
2023-01-29 08:00:00,-8.0,995.3,71.2031150657776
2023-01-29 09:00:00,-8.2,994.9,77.72579556777346
2023-01-29 10:00:00,-7.7,994.6,77.19323422390424
2023-01-29 11:00:00,-7.7,994.3,72.99953330209846
2023-01-29 12:00:00,-7.2,994.1,68.56765676716408
2023-01-29 13:00:00,-6.9,993.8,73.74001757845686
2023-01-29 14:00:00,-6.5,994.0,58.03456134905287
2023-01-29 15:00:00,-6.7,994.4,74.95653842289477
2023-01-29 16:00:00,-5.7,994.7,80.61663572128221
2023-01-29 17:00:00,-5.7,995.2,68.89781891499402
2023-01-29 18:00:00,-5.5,996.5,63.67787382984563
2023-01-29 19:00:00,-6.0,997.5,62.54407583902627
2023-01-29 20:00:00,-6.0,998.5,61.54742886394927
2023-01-29 21:00:00,-5.5,999.4,59.72825586411058
2023-01-29 22:00:00,-6.9,1000.3,83.00592019876655
2023-01-29 23:00:00,-6.0,1001.2,68.8321665808063
2023-01-30 00:00:00,-6.5,1002.0,71.51234237870875
2023-01-30 01:00:00,-6.7,1002.6,64.41133360586171
2023-01-30 02:00:00,-6.9,1003.6,78.56010101904671
2023-01-30 03:00:00,-7.0,1004.5,80.42385211148166
2023-01-30 04:00:00,-7.2,1005.3,78.51153519403378
2023-01-30 05:00:00,-7.2,1006.0,73.09774899427252
2023-01-30 06:00:00,-7.5,1006.8,80.34897272651256
2023-01-30 07:00:00,-7.9,1007.7,86.88991064130211
2023-01-30 08:00:00,-7.7,1008.0,82.24800568861475
2023-01-30 09:00:00,-7.5,1008.3,68.50105103898285
2023-01-30 10:00:00,-7.5,1009.1,76.61622524604758
2023-01-30 11:00:00,-7.4,1009.4,69.07609050252768
2023-01-30 12:00:00,-7.2,1008.4,80.39394948270044
2023-01-30 13:00:00,-6.5,1008.4,76.1868118000194
2023-01-30 14:00:00,-6.2,1008.3,74.45907834945845
2023-01-30 15:00:00,-6.2,1008.5,78.67281527617175
2023-01-30 16:00:00,-5.9,1008.7,73.35079047664992
2023-01-30 17:00:00,-5.7,1008.5,76.32743897864978
2023-01-30 18:00:00,-6.4,1008.2,85.03758151136729
2023-01-30 19:00:00,-5.7,1007.7,76.32743897864978
2023-01-30 20:00:00,-5.7,1007.1,84.46253937662989
2023-01-30 21:00:00,-5.2,1007.0,80.0665471116662
2023-01-30 23:00:00,-5.0,1006.1,80.09663502189662
2023-01-31 00:00:00,-5.2,1005.6,83.8729256597598
2023-01-31 01:00:00,-5.0,1005.1,83.25335755677804
2023-01-31 02:00:00,-4.7,1004.7,82.01884392190053
2023-01-31 03:00:00,-4.7,1004.3,79.52446569444282
2023-01-31 04:00:00,-4.5,1003.8,82.67975398501751
2023-01-31 05:00:00,-4.2,1003.3,80.21633894531023
2023-01-31 06:00:00,-4.2,1003.4,81.45934111716862
2023-01-31 07:00:00,-4.2,1003.3,83.99687447097139
2023-01-31 08:00:00,-4.4,1003.2,86.58351676374927
2023-01-31 10:00:00,-4.4,1002.8,85.26896412342269
2023-01-31 11:00:00,-4.2,1002.8,89.28384345406141
2023-01-31 12:00:00,-3.9,1003.0,88.63415251301771
2023-01-31 13:00:00,-4.5,1003.3,87.90653585369903
2023-01-31 14:00:00,-4.7,1003.6,89.92502603748687
2023-01-31 15:00:00,-4.2,1003.7,83.99687447097139
2023-01-31 16:00:00,-4.9,1004.3,83.91025583777959
2023-01-31 17:00:00,-5.0,1004.7,73.52403190247124
2023-01-31 18:00:00,-5.5,1004.8,67.85876263561626
2023-01-31 19:00:00,-4.9,1004.7,69.61729252084533
2023-01-31 20:00:00,-5.2,1005.3,89.19833265003484
2023-01-31 21:00:00,-5.4,1005.5,81.28941387545467
2023-01-31 23:00:00,-5.2,1006.3,71.77663495946281
2023-02-01 00:00:00,-5.5,1006.6,72.85330036487183
2023-02-01 01:00:00,-5.9,1006.8,80.58715429307966
2023-02-01 02:00:00,-6.0,1007.0,78.70486435093422
2023-02-01 03:00:00,-6.2,1007.5,76.84159582251317
2023-02-01 04:00:00,-6.2,1007.5,79.91512715424989
2023-02-01 05:00:00,-6.4,1007.4,81.78344640989592
2023-02-01 06:00:00,-6.4,1007.1,86.37118625239306
2023-02-01 07:00:00,-5.9,1007.4,82.49274813757394
2023-02-01 08:00:00,-5.7,1007.5,82.51964100804
2023-02-01 09:00:00,-5.2,1007.8,81.95006604033036
2023-02-01 10:00:00,-5.0,1008.3,81.97762256443384
2023-02-01 11:00:00,-4.9,1008.3,84.55870449643534
2023-02-01 12:00:00,-4.7,1008.6,87.88744538470237
2023-02-01 13:00:00,-4.4,1008.7,87.91606458035302
2023-02-01 14:00:00,-3.7,1008.8,86.00049590386752
2023-02-01 15:00:00,-3.2,1009.0,88.02955727257459
2023-02-01 16:00:00,-2.5,1009.0,87.43572274269725
2023-02-01 17:00:00,-2.9,1008.8,77.99364446006302
2023-02-01 18:00:00,-3.2,1009.3,89.36836397821901
2023-02-01 19:00:00,-3.0,1009.9,79.78366126559958
2023-02-01 20:00:00,-3.9,1010.1,78.43168018712467
2023-02-01 21:00:00,-4.0,1010.4,80.86465600088033
2023-02-01 23:00:00,-3.9,1011.1,83.39423756002205
2023-02-02 00:00:00,-4.0,1011.6,83.38150122197516
2023-02-02 01:00:00,-4.2,1011.7,81.45934111716862
2023-02-02 02:00:00,-4.4,1012.2,80.1865097713484
2023-02-02 03:00:00,-4.7,1012.5,77.09783872686782
2023-02-02 04:00:00,-5.2,1012.4,77.61517436422731
2023-02-02 05:00:00,-5.4,1013.0,78.18909992766955
2023-02-02 06:00:00,-5.5,1012.8,76.96167815300527
2023-02-02 07:00:00,-5.7,1012.9,75.7315915918741
2023-02-02 08:00:00,-6.0,1012.6,75.67787965909015
2023-02-02 09:00:00,-6.5,1013.0,75.58798703032863
2023-02-02 10:00:00,-6.7,1013.5,74.95653842289477
2023-02-02 11:00:00,-6.7,1013.2,72.04200766403733
2023-02-02 12:00:00,-6.7,1013.3,73.195467499046
2023-02-02 13:00:00,-6.7,1013.3,77.97571395855083
2023-02-02 14:00:00,-6.9,1013.0,77.94262230733611
2023-02-02 15:00:00,-6.9,1013.2,76.11605577121787
2023-02-02 16:00:00,-7.0,1012.6,76.09832041972174
2023-02-02 17:00:00,-6.9,1012.4,78.56010101904671
2023-02-02 18:00:00,-7.0,1012.0,77.9260499917504
2023-02-02 19:00:00,-6.9,1011.8,77.32947280457599
2023-02-02 20:00:00,-6.5,1011.6,74.99336068481597
2023-02-02 21:00:00,-6.0,1012.2,75.67787965909015
2023-02-02 23:00:00,-5.5,1012.8,74.00669784745797
2023-02-03 00:00:00,-5.2,1013.0,74.64507268898515
2023-02-03 01:00:00,-5.5,1013.4,74.58947436624908
2023-02-03 02:00:00,-5.2,1013.6,75.23086123269056
2023-02-03 03:00:00,-5.2,1014.2,78.221667460003
2023-02-03 04:00:00,-5.2,1014.5,78.83237695475299
2023-02-03 05:00:00,-5.5,1015.2,78.17279019146946
2023-02-03 06:00:00,-5.5,1015.6,79.40084655861138
2023-02-03 07:00:00,-5.7,1016.2,80.61663572128221
2023-02-03 08:00:00,-5.9,1016.4,81.85313914147852
2023-02-03 10:00:00,-6.0,1017.0,80.57238947300448
2023-02-03 11:00:00,-6.5,1017.9,78.00873512538816
2023-02-03 12:00:00,-7.2,1017.6,79.76205680802235
2023-02-03 13:00:00,-6.5,1018.5,83.05844909435022
2023-02-03 14:00:00,-5.0,1018.2,85.85795478572807
2023-02-03 15:00:00,-4.5,1018.1,85.913027280115
2023-02-03 16:00:00,-4.4,1017.2,87.24752798529717
2023-02-03 17:00:00,-3.9,1015.9,87.96354379163144
2023-02-03 18:00:00,-2.7,1015.3,88.07638578281855
2023-02-03 19:00:00,-1.7,1014.0,89.49332045949569
2023-02-03 21:00:00,1.0,1012.0,95.76605852469864
2023-02-03 23:00:00,2.0,1009.8,91.09779343065976
2023-02-04 00:00:00,2.2,1008.4,90.45790159157659
2023-02-04 01:00:00,2.0,1006.8,90.44304578633792
2023-02-04 02:00:00,1.1,1004.8,92.36598495645184
2023-02-04 03:00:00,1.0,1002.2,93.70928987035867
2023-02-04 04:00:00,0.5,1000.4,95.74900987721772
2023-02-04 05:00:00,0.2,998.4,97.84880178584133
2023-02-04 06:00:00,0.7,996.1,98.5671208145866
2023-02-04 07:00:00,1.7,994.6,98.57872758733629
2023-02-04 08:00:00,1.1,995.0,97.86447230257932
2023-02-04 09:00:00,3.2,995.2,74.48633823307797
2023-02-04 10:00:00,3.0,996.2,65.68341937581822
2023-02-04 11:00:00,3.1,997.5,56.15348579461175
2023-02-04 12:00:00,3.0,998.3,61.88468832424855
2023-02-04 13:00:00,1.7,998.5,79.88831767180031
2023-02-04 14:00:00,1.0,998.6,85.24196876431684
2023-02-04 15:00:00,1.7,999.1,75.8780361116585
2023-02-04 16:00:00,2.0,999.1,70.52001293311068
2023-02-04 17:00:00,1.6,999.3,69.39648188089888
2023-02-04 18:00:00,1.1,999.9,73.01040837864315
2023-02-04 19:00:00,0.6,1000.4,71.83197802111414
2023-02-04 20:00:00,0.6,1000.8,74.01302889022439
2023-02-04 21:00:00,0.2,1001.3,75.05418272173246
2023-02-04 23:00:00,0.2,1002.3,71.21559671360943
2023-02-05 00:00:00,0.0,1003.3,71.71348318558873
2023-02-05 01:00:00,0.0,1003.6,72.25515755483588
2023-02-05 02:00:00,0.0,1004.1,72.25515755483588
2023-02-05 03:00:00,0.1,1004.3,75.59976984428663
2023-02-05 04:00:00,0.7,1004.2,74.58550243345705
2023-02-05 05:00:00,1.0,1004.7,73.53721818228419
2023-02-05 06:00:00,0.7,1005.5,75.7046470644158
2023-02-05 07:00:00,1.0,1005.6,73.53721818228419
2023-02-05 08:00:00,1.0,1005.8,72.44921438595446
2023-02-05 09:00:00,1.2,1006.2,73.57455503376738
2023-02-05 10:00:00,1.2,1005.9,84.02551630879778
2023-02-05 11:00:00,1.2,1005.6,80.99799957219847
2023-02-05 12:00:00,1.1,1005.3,81.58196388711195
2023-02-05 13:00:00,1.0,1004.5,81.56827317877085
2023-02-05 14:00:00,1.1,1003.9,84.01347470854151
2023-02-05 15:00:00,1.2,1002.2,90.3832807788543
2023-02-05 16:00:00,1.5,1001.2,92.39001836994618
2023-02-05 17:00:00,1.5,999.7,95.09570843600031
2023-02-05 18:00:00,2.1,998.9,95.80320907877476
2023-02-05 19:00:00,1.5,997.5,95.78300558263491
2023-02-05 20:00:00,1.6,995.8,97.17309950207581
2023-02-05 21:00:00,1.7,993.4,97.1753780875917
2023-02-05 23:00:00,1.5,990.6,96.47470073765042
2023-02-06 00:00:00,1.5,988.7,97.17081817187089
2023-02-06 01:00:00,1.6,987.1,97.87310453673413
2023-02-06 02:00:00,2.2,985.8,97.1867299977931
2023-02-06 03:00:00,2.2,984.5,95.80656231362632
2023-02-06 04:00:00,3.0,982.6,89.22944825878578
2023-02-06 05:00:00,4.2,982.3,81.4132284254786
2023-02-06 06:00:00,3.6,983.0,69.30095757743554
2023-02-06 07:00:00,2.7,983.3,67.0944154408486
2023-02-06 08:00:00,2.2,983.8,65.99209250178126
2023-02-06 09:00:00,2.0,983.9,65.94678205355152
2023-02-06 10:00:00,2.1,984.6,61.66358909470622
2023-02-06 11:00:00,1.2,986.6,63.33031628501582
2023-02-06 12:00:00,1.1,988.4,62.35476221402189
2023-02-06 13:00:00,1.0,988.7,69.79149744510308
2023-02-06 14:00:00,2.0,987.7,58.02160051561619
2023-02-06 15:00:00,1.2,987.0,86.5193680147029
2023-02-06 16:00:00,1.7,985.7,81.06812340848101
2023-02-06 17:00:00,1.1,986.3,67.24286602726754
2023-02-06 18:00:00,0.7,986.8,71.31569967204412
2023-02-06 19:00:00,1.0,986.7,72.44921438595446
2023-02-06 20:00:00,0.5,987.1,65.60435475826297
2023-02-06 21:00:00,0.2,987.3,69.62461147569815
2023-02-06 23:00:00,0.5,987.3,67.6184630864104
2023-02-07 00:00:00,0.2,987.0,67.04306930443448
2023-02-07 01:00:00,0.0,986.7,70.1100457159425
2023-02-07 02:00:00,0.7,985.8,66.1482479220645
2023-02-07 03:00:00,0.2,985.0,78.48952275582569
2023-02-07 04:00:00,-0.7,985.3,74.89277451641242
2023-02-07 05:00:00,-1.5,985.9,74.74806676161758
2023-02-07 06:00:00,-1.4,986.6,69.28702777336083
2023-02-07 07:00:00,-1.2,986.9,61.786811832486876
2023-02-07 08:00:00,-1.2,987.4,55.85019198910079
2023-02-07 09:00:00,-1.4,988.2,67.19736096901666
2023-02-07 10:00:00,-1.4,988.5,60.78767243273523
2023-02-07 12:00:00,-1.0,988.8,73.71563495078209
2023-02-07 13:00:00,-0.4,988.2,76.08081240552116
2023-02-07 14:00:00,0.5,986.1,71.81227670386644
2023-02-07 15:00:00,0.7,983.9,70.25442141707522
2023-02-07 16:00:00,0.2,980.1,89.64852459959666
2023-02-07 17:00:00,1.2,975.8,90.3832807788543
2023-02-07 18:00:00,1.2,972.4,93.04347839890933
2023-02-07 19:00:00,0.7,971.5,70.25442141707522
2023-02-07 20:00:00,0.2,971.9,68.58158134095974
2023-02-07 21:00:00,-1.2,972.0,68.80230634371752
2023-02-07 22:00:00,-2.5,972.2,65.92079118220975
2023-02-07 23:00:00,-2.4,972.7,69.60767079534882
2023-02-08 00:00:00,-3.0,973.3,63.783480792726166
2023-02-08 01:00:00,-3.4,973.2,63.686514249088965
2023-02-08 02:00:00,-3.2,973.7,57.99319454185825
2023-02-08 03:00:00,-3.5,973.8,55.657219337298315
2023-02-08 04:00:00,-3.9,974.4,48.44264493743282
2023-02-08 05:00:00,-4.9,974.8,55.26764970850484
2023-02-08 06:00:00,-5.2,974.8,64.26026964393161
2023-02-08 07:00:00,-5.2,975.4,66.33266422690117
2023-02-08 08:00:00,-5.4,975.8,72.30255220146164
2023-02-08 09:00:00,-5.4,976.8,71.17379656795968
2023-02-08 10:00:00,-5.4,977.4,69.51009599169272
2023-02-08 11:00:00,-5.4,978.4,70.6153292783353
2023-02-08 12:00:00,-5.7,978.8,71.67538738856396
2023-02-08 13:00:00,-6.0,979.4,71.61439726733599
2023-02-08 14:00:00,-6.4,979.4,69.84786825935517
2023-02-08 15:00:00,-6.2,979.7,69.89061463953026
2023-02-08 16:00:00,-6.0,979.9,66.14671467876832
2023-02-08 17:00:00,-6.0,980.1,63.55509566614494
2023-02-08 18:00:00,-6.0,980.9,66.14671467876832
2023-02-08 19:00:00,-6.5,981.4,66.56064526930302
2023-02-08 20:00:00,-6.2,982.0,67.701500604903
2023-02-08 21:00:00,-6.4,982.6,68.74433537575962
2023-02-08 22:00:00,-6.5,982.8,61.9171019899853
2023-02-08 23:00:00,-6.2,983.4,67.16386792586998
2023-02-09 00:00:00,-6.2,983.8,67.701500604903
2023-02-09 01:00:00,-6.0,984.3,64.0660516843407
2023-02-09 02:00:00,-6.7,985.2,79.21341118533884
2023-02-09 04:00:00,-6.9,986.9,74.32774249692451
2023-02-09 05:00:00,-7.2,987.6,74.27116596442822
2023-02-09 06:00:00,-7.0,988.6,71.40977904903407
2023-02-09 07:00:00,-7.0,989.7,63.3078859953382
2023-02-09 08:00:00,-7.2,990.7,66.93455431945803
2023-02-09 09:00:00,-7.2,991.6,62.74796881242728
2023-02-09 10:00:00,-7.7,992.6,64.69021573179748
2023-02-09 11:00:00,-7.5,993.6,57.76243256286073
2023-02-09 12:00:00,-8.4,994.5,55.18384822955764
2023-02-09 13:00:00,-8.5,995.2,54.6991748418602
2023-02-09 14:00:00,-8.5,995.4,58.92960004152453
2023-02-09 15:00:00,-8.5,995.7,58.4455391139997
2023-02-09 16:00:00,-8.4,996.2,56.10621082698819
2023-02-09 17:00:00,-8.4,996.8,53.37968248606365
2023-02-09 18:00:00,-8.4,997.3,62.958054815844356
2023-02-09 19:00:00,-8.7,997.7,68.78944480473655
2023-02-09 20:00:00,-9.0,998.4,59.7754935456418
2023-02-09 21:00:00,-8.5,999.1,63.450015645437965
2023-02-09 22:00:00,-8.0,999.8,64.61742027066839
2023-02-09 23:00:00,-7.5,1000.6,67.95188973963235
2023-02-10 00:00:00,-7.5,1001.6,70.73751063680767
2023-02-10 01:00:00,-7.0,1002.0,68.0642706529321
2023-02-10 02:00:00,-6.7,1003.1,65.45526738773376
2023-02-10 03:00:00,-6.5,1003.2,70.94639417327892
2023-02-10 04:00:00,-6.7,1003.6,66.51426988299339
2023-02-10 05:00:00,-6.7,1003.8,61.36808141874154
2023-02-10 06:00:00,-6.7,1003.8,61.36808141874154
2023-02-10 07:00:00,-6.7,1004.2,58.45382199864769
2023-02-10 08:00:00,-6.7,1004.1,57.51023378420904
2023-02-10 09:00:00,-6.7,1004.5,58.45382199864769
2023-02-10 10:00:00,-6.7,1004.5,57.98031401496132
2023-02-10 11:00:00,-6.7,1004.6,59.411208521128486
2023-02-10 12:00:00,-6.7,1004.6,58.45382199864769
2023-02-10 13:00:00,-6.9,1004.7,56.98847996391512
2023-02-10 14:00:00,-7.0,1004.6,56.96090679353254
2023-02-10 15:00:00,-7.2,1004.5,59.278158465591055
2023-02-10 16:00:00,-7.2,1005.0,57.84430567501614
2023-02-10 17:00:00,-7.7,1005.0,62.622102317774974
2023-02-10 18:00:00,-8.4,1004.7,61.93557833255018
2023-02-10 19:00:00,-9.5,1005.2,66.39885912153528
2023-02-10 20:00:00,-9.5,1005.0,67.49695377900962
2023-02-10 21:00:00,-8.9,1004.8,66.5397282037985
2023-02-10 22:00:00,-8.0,1004.8,66.74954198053528
2023-02-10 23:00:00,-6.9,1004.9,67.54319212864526
2023-02-11 00:00:00,-5.5,1005.0,68.94148221474116
2023-02-11 01:00:00,-4.7,1004.6,69.66002645675576
2023-02-11 02:00:00,-4.0,1003.8,70.3553769566849
2023-02-11 03:00:00,-3.2,1003.3,69.43763887848098
2023-02-11 04:00:00,-2.5,1002.2,72.3147931496095
2023-02-11 05:00:00,-2.0,1001.4,77.54905596403343
2023-02-11 06:00:00,-1.5,999.9,86.88292413351203
2023-02-11 07:00:00,-1.4,998.7,90.18519890801244
2023-02-11 08:00:00,-1.0,997.6,91.5595632420443
2023-02-11 09:00:00,-0.4,996.8,95.02044438648952
2023-02-11 10:00:00,0.2,995.5,97.14090910418261
2023-02-11 11:00:00,0.7,994.5,95.75584157843477
2023-02-11 12:00:00,1.0,993.7,95.07606693706266
2023-02-11 13:00:00,1.0,992.6,95.07606693706266
2023-02-11 14:00:00,1.2,991.2,95.08393754666196
2023-02-11 15:00:00,1.2,988.9,95.77284949368438
2023-02-11 16:00:00,1.5,986.8,94.41278513724247
2023-02-11 17:00:00,1.0,984.4,94.39048550746949
2023-02-11 19:00:00,2.2,978.9,95.80656231362632
2023-02-11 20:00:00,4.1,977.4,74.1077643937472
2023-02-11 21:00:00,4.2,977.0,64.99151404314122
2023-02-11 22:00:00,3.2,976.6,71.28396668853706
2023-02-11 23:00:00,3.1,975.8,67.68102090227823
2023-02-12 00:00:00,2.7,974.9,66.10501448979981
2023-02-12 01:00:00,2.0,974.3,66.44156261137351
2023-02-12 02:00:00,1.0,973.7,84.6196776198425
2023-02-12 03:00:00,1.5,972.3,77.5418469109433
2023-02-12 04:00:00,0.0,971.3,75.01844046375166
2023-02-12 05:00:00,-5.4,971.0,81.92244882399388
2023-02-12 06:00:00,-6.2,970.8,85.72449538189986
2023-02-12 07:00:00,-6.4,972.5,85.70207407342845
2023-02-12 08:00:00,-6.2,974.8,82.45229685033482
2023-02-12 09:00:00,-6.2,977.2,83.09769200991799
2023-02-12 10:00:00,-5.9,980.9,83.13680375760269
2023-02-12 11:00:00,-6.0,984.5,77.48136648103818
2023-02-12 12:00:00,-6.2,987.6,77.44773730065032
2023-02-12 13:00:00,-6.4,990.1,79.884645834699
2023-02-12 14:00:00,-6.7,992.2,80.4685836909921
2023-02-12 15:00:00,-6.5,994.4,79.86938036334928
2023-02-12 16:00:00,-6.5,996.3,81.13167490981265
2023-02-12 17:00:00,-6.2,997.9,84.4019945499334
2023-02-12 18:00:00,-6.0,999.6,85.08427840394091
2023-02-12 19:00:00,-5.7,1000.7,87.79132842414266
2023-02-12 20:00:00,-6.0,1002.7,87.08583654134937
2023-02-12 21:00:00,-5.7,1004.3,85.78032529855383
2023-02-12 22:00:00,-5.5,1005.3,83.83546996365905
2023-02-12 23:00:00,-5.4,1006.2,81.92244882399388
2023-02-13 00:00:00,-5.2,1006.0,80.69005908098856
2023-02-13 01:00:00,-5.2,1005.4,80.69005908098856
2023-02-13 02:00:00,-5.0,1006.6,81.3463040326124
2023-02-13 03:00:00,-4.5,1007.0,73.61959835362703
2023-02-13 04:00:00,-4.4,1006.5,60.97783356672036
2023-02-13 05:00:00,-4.4,1006.8,72.50068209148924
2023-02-13 06:00:00,-3.5,1006.4,80.93673680594745
2023-02-13 07:00:00,-3.2,1005.7,86.70860669045872
2023-02-13 08:00:00,-3.0,1004.4,93.50451683591436
2023-02-13 09:00:00,-2.4,1003.5,95.64808249813736
2023-02-13 10:00:00,-1.0,1002.1,96.40275766609606
2023-02-13 11:00:00,0.0,1000.6,97.8452961150099
2023-02-13 12:00:00,0.7,999.1,97.1524681930789
2023-02-13 13:00:00,1.7,998.3,95.10353243086632
2023-02-13 14:00:00,1.5,997.7,94.41278513724247
2023-02-13 15:00:00,1.5,997.3,95.09570843600031
2023-02-13 16:00:00,1.0,997.8,96.46048474791905
2023-02-13 17:00:00,1.7,997.7,97.1753780875917
2023-02-13 18:00:00,1.7,997.7,96.48036331077311
2023-02-13 19:00:00,1.6,997.8,95.09962275503979
2023-02-13 20:00:00,2.0,998.1,94.43495339699804
2023-02-13 21:00:00,1.5,998.3,96.47470073765042
2023-02-13 22:00:00,2.2,998.4,96.49446056360664
2023-02-13 23:00:00,2.0,998.2,95.79985185029075
2023-02-14 00:00:00,1.7,997.9,97.87482472488949
2023-02-14 01:00:00,2.1,997.7,97.88168472668718
2023-02-14 02:00:00,2.2,997.4,97.88339455605323
2023-02-14 03:00:00,2.2,997.1,99.29000534590858
2023-02-14 04:00:00,2.1,996.6,97.88168472668718
2023-02-14 05:00:00,1.7,996.6,98.57872758733629
2023-02-14 06:00:00,2.1,996.5,97.88168472668718
2023-02-14 07:00:00,1.7,996.7,97.87482472488949
2023-02-14 08:00:00,1.2,996.8,98.57294185815628
2023-02-14 09:00:00,1.2,997.1,97.86620293305378
2023-02-14 10:00:00,1.2,997.4,97.86620293305378
2023-02-14 11:00:00,1.2,997.8,97.86620293305378
2023-02-14 12:00:00,1.1,997.4,97.86447230257932
2023-02-14 13:00:00,1.0,996.8,97.86273957354368
2023-02-14 14:00:00,1.0,996.9,96.46048474791905
2023-02-14 15:00:00,1.0,996.0,97.1593701966396
2023-02-14 16:00:00,0.7,995.5,97.85752876122031
2023-02-14 17:00:00,0.7,995.1,97.85752876122031
2023-02-14 18:00:00,0.7,994.8,97.85752876122031
2023-02-14 19:00:00,0.7,993.7,97.1524681930789
2023-02-14 20:00:00,1.2,994.2,97.16395766920245
2023-02-14 21:00:00,2.1,993.9,90.45047794212677
2023-02-14 22:00:00,2.2,993.5,89.80828438413754
2023-02-14 23:00:00,1.1,993.4,94.39495599226298
2023-02-15 00:00:00,1.0,993.1,95.07606693706266
2023-02-15 01:00:00,1.0,993.0,94.39048550746949
2023-02-15 02:00:00,1.0,993.1,93.70928987035867
2023-02-15 03:00:00,1.2,992.4,94.3994211893991
2023-02-15 04:00:00,1.7,991.8,93.07092226805938
2023-02-15 05:00:00,2.0,991.3,91.09779343065976
2023-02-15 06:00:00,1.2,990.5,93.04347839890933
2023-02-15 07:00:00,1.0,990.4,93.70928987035867
2023-02-15 08:00:00,0.7,990.3,95.75584157843477
2023-02-15 09:00:00,0.2,990.5,96.43756078120795
2023-02-15 10:00:00,0.2,990.0,96.43756078120795
2023-02-15 11:00:00,0.2,989.9,96.43756078120795
2023-02-15 12:00:00,1.1,989.9,85.8790782802092
2023-02-15 13:00:00,1.1,990.0,87.14313926505852
2023-02-15 14:00:00,0.2,990.2,89.64852459959666
2023-02-15 15:00:00,-0.2,990.8,91.61281836788578
2023-02-15 16:00:00,-1.4,990.5,88.85529207472645
2023-02-15 17:00:00,-1.5,990.4,86.23699547038358
2023-02-15 18:00:00,-2.2,991.0,88.12294658099164
2023-02-15 19:00:00,-2.2,992.0,86.16238105929526
2023-02-15 20:00:00,-2.2,992.7,85.51752607390108
2023-02-15 21:00:00,-2.7,993.0,85.46157316233152
2023-02-15 22:00:00,-3.0,993.2,87.38659334274871
2023-02-15 23:00:00,-3.0,993.8,86.72928948237622
2023-02-16 00:00:00,-3.2,994.2,89.36836397821901
2023-02-16 01:00:00,-3.7,994.8,86.00049590386752
2023-02-16 02:00:00,-3.9,994.8,87.29745021697545
2023-02-16 03:00:00,-4.2,994.8,84.64214239876874
2023-02-16 04:00:00,-4.5,994.7,85.25751888708325
2023-02-16 05:00:00,-4.7,994.9,83.93507315606288
2023-02-16 06:00:00,-5.4,995.4,83.20170003312917
2023-02-16 07:00:00,-6.2,995.7,83.09769200991799
2023-02-16 08:00:00,-6.5,996.1,81.13167490981265
2023-02-16 10:00:00,-6.7,997.1,79.21341118533884
2023-02-16 11:00:00,-7.0,997.3,79.16617218945959
2023-02-16 13:00:00,-7.7,997.7,78.43024354502745
2023-02-16 14:00:00,-7.7,997.9,79.68489568598011
2023-02-16 15:00:00,-7.9,998.0,79.65391348864391
2023-02-16 16:00:00,-8.0,998.0,77.75934994424054
2023-02-16 17:00:00,-7.9,998.0,80.92814073283714
2023-02-16 18:00:00,-8.0,997.6,79.63839706627753
2023-02-16 19:00:00,-8.0,997.4,79.0075982428304
2023-02-16 20:00:00,-7.7,997.7,77.19323422390424
2023-02-16 21:00:00,-7.2,997.6,79.13459440012284
2023-02-16 22:00:00,-6.7,997.4,77.36335219785983
2023-02-16 23:00:00,-6.5,997.2,77.3971598675557
2023-02-17 00:00:00,-6.5,996.9,76.78986077462918
2023-02-17 01:00:00,-6.4,997.0,73.83569782247748
2023-02-17 02:00:00,-6.2,996.7,75.04845162533319
2023-02-17 03:00:00,-6.4,996.6,76.20445458176074
2023-02-17 04:00:00,-6.2,996.6,72.71562832731304
2023-02-17 05:00:00,-6.4,996.6,75.60600294071529
2023-02-17 06:00:00,-6.5,996.6,69.82646382244141
2023-02-17 07:00:00,-6.5,997.3,74.40290711486426
2023-02-17 08:00:00,-6.5,997.8,70.38444285807255
2023-02-17 09:00:00,-6.7,998.4,74.36536340556279
2023-02-17 10:00:00,-6.7,998.9,72.61669571447499
2023-02-17 11:00:00,-6.7,999.2,72.61669571447499
2023-02-17 12:00:00,-6.7,999.5,74.36536340556279
2023-02-17 13:00:00,-6.5,1000.0,77.3971598675557
2023-02-17 14:00:00,-6.7,1000.4,73.77834826875741
2023-02-17 15:00:00,-6.9,1000.9,75.51573575195658
2023-02-17 16:00:00,-7.2,1001.3,79.13459440012284
2023-02-17 17:00:00,-7.2,1001.6,81.67113458992621
2023-02-17 18:00:00,-6.9,1002.4,70.86308837080351
2023-02-17 19:00:00,-7.0,1003.0,68.61195391184532
2023-02-17 20:00:00,-7.9,1003.6,80.92814073283714
2023-02-17 21:00:00,-7.7,1004.1,77.19323422390424
2023-02-17 22:00:00,-7.7,1004.6,72.41732868849175
2023-02-17 23:00:00,-8.2,1005.4,83.49263044937534
2023-02-18 00:00:00,-8.2,1006.0,74.08131152836886
2023-02-18 01:00:00,-8.9,1006.7,75.75779013009377
2023-02-18 02:00:00,-9.0,1007.3,67.61150550829615
2023-02-18 03:00:00,-8.9,1007.5,65.99837314096517
2023-02-18 04:00:00,-9.7,1008.0,76.22770968932639
2023-02-18 05:00:00,-9.2,1008.1,61.729868043983636
2023-02-18 06:00:00,-9.7,1008.5,70.2706242708292
2023-02-18 07:00:00,-10.4,1009.1,70.69862952705299
2023-02-18 08:00:00,-10.5,1009.7,70.09830524675642
2023-02-18 09:00:00,-10.5,1010.0,79.89096778445155
2023-02-18 10:00:00,-9.9,1010.3,67.40491646360356
2023-02-18 11:00:00,-9.5,1010.6,61.65235177255026
2023-02-18 12:00:00,-9.0,1010.7,62.2922207361459
2023-02-18 13:00:00,-8.5,1010.9,69.95821077705958
2023-02-18 14:00:00,-8.2,1011.0,82.83356774005743
2023-02-18 15:00:00,-7.9,1011.2,78.3976043278439
2023-02-18 16:00:00,-7.4,1011.2,77.85958358325699
2023-02-18 17:00:00,-8.0,1011.7,85.52084485822837
2023-02-18 18:00:00,-7.7,1012.1,70.69548554935879
2023-02-18 19:00:00,-8.0,1012.3,69.50288046251185
2023-02-18 20:00:00,-7.7,1012.6,59.14454802308531
2023-02-18 21:00:00,-7.9,1012.5,67.86159757999614
2023-02-18 22:00:00,-7.5,1012.5,68.50105103898285
2023-02-18 23:00:00,-7.4,1012.6,65.81796396496613
2023-02-19 00:00:00,-7.4,1012.5,67.97440889196942
2023-02-19 01:00:00,-7.4,1012.4,61.6873425125432
2023-02-19 02:00:00,-7.4,1012.3,66.88843190663806
2023-02-19 03:00:00,-7.2,1012.1,67.47502334364053
2023-02-19 04:00:00,-7.2,1011.9,74.86414898312998
2023-02-19 05:00:00,-7.0,1011.2,66.98058992417602
2023-02-19 06:00:00,-7.2,1010.6,63.258178098561245
2023-02-19 07:00:00,-6.7,1010.2,61.866200495814816
2023-02-19 08:00:00,-6.0,1009.9,62.54407583902627
2023-02-19 09:00:00,-6.2,1009.7,62.9980312944977
2023-02-19 10:00:00,-5.9,1009.2,63.579695234352286
2023-02-19 11:00:00,-5.7,1008.2,63.62882842572619
2023-02-19 12:00:00,-5.7,1007.5,65.69166928239619
2023-02-19 13:00:00,-5.2,1006.3,68.46442987007177
2023-02-19 14:00:00,-5.0,1005.2,69.05027458281673
2023-02-19 15:00:00,-4.2,1003.9,74.82917267384818
2023-02-19 16:00:00,-3.5,1002.6,74.38113957814573
2023-02-19 17:00:00,-2.9,1001.2,72.23596950988569
2023-02-19 18:00:00,-2.2,1000.0,70.187307901766
2023-02-19 19:00:00,-2.2,999.2,64.97625906602397
2023-02-19 20:00:00,-1.9,998.6,77.56552485099058
2023-02-19 21:00:00,-1.5,997.8,74.74806676161758
2023-02-19 22:00:00,-1.0,997.3,69.90211886325389
2023-02-19 23:00:00,-1.0,996.8,68.3221906429305
2023-02-20 00:00:00,-0.9,996.6,67.82464968543768
2023-02-20 01:00:00,-1.4,996.5,73.08337698210137
2023-02-20 02:00:00,-1.4,996.6,77.64761274885284
2023-02-20 03:00:00,-1.2,996.7,74.80246902916817
2023-02-20 04:00:00,-1.2,996.9,75.9420371617819
2023-02-20 05:00:00,-1.5,997.4,77.04681450844737
2023-02-20 06:00:00,-1.4,998.3,73.64054359772402
2023-02-20 07:00:00,-1.4,999.2,74.20148360473743
2023-02-20 08:00:00,-1.4,1000.0,73.08337698210137
2023-02-20 09:00:00,-1.2,1000.9,75.9420371617819
2023-02-20 10:00:00,-1.0,1001.7,74.27525388002506
2023-02-20 11:00:00,-1.0,1002.5,73.71563495078209
2023-02-20 12:00:00,-1.0,1003.3,73.71563495078209
2023-02-20 13:00:00,-0.9,1003.8,74.29365028195994
2023-02-20 14:00:00,-1.0,1004.3,80.08263263285758
2023-02-20 15:00:00,-1.0,1004.8,83.75753480564771
2023-02-20 16:00:00,-1.0,1005.5,81.90177728341357
2023-02-20 17:00:00,-0.9,1005.8,79.49944890669553
2023-02-20 18:00:00,-0.7,1006.3,80.12693202357922
2023-02-20 19:00:00,-0.7,1006.7,83.17304304715488
2023-02-20 20:00:00,-0.7,1007.0,83.79445923402426
2023-02-20 21:00:00,-0.7,1007.3,84.4199946771342
2023-02-20 22:00:00,-0.7,1007.3,86.32155332356248
2023-02-20 23:00:00,-0.7,1007.4,87.61029144157635
2023-02-21 00:00:00,-0.7,1007.1,84.4199946771342
2023-02-21 01:00:00,-0.5,1006.7,85.07248433332649
2023-02-21 02:00:00,-0.2,1006.2,87.01398330813788
2023-02-21 03:00:00,0.1,1005.6,87.68674081205982
2023-02-21 04:00:00,0.5,1004.9,89.01916297421701
2023-02-21 05:00:00,0.2,1004.4,93.66910828389888
2023-02-21 06:00:00,0.2,1004.0,94.35453027868783
2023-02-21 07:00:00,0.6,1003.6,93.68924649131938
2023-02-21 08:00:00,1.0,1003.2,93.70928987035867
2023-02-21 09:00:00,1.1,1003.1,92.36598495645184
2023-02-21 10:00:00,0.6,1003.4,93.01033280052245
2023-02-21 11:00:00,0.6,1002.8,94.37255052624755
2023-02-21 12:00:00,0.7,1002.4,95.06422585058047
2023-02-21 13:00:00,0.2,1002.3,96.43756078120795
2023-02-21 14:00:00,0.2,1002.2,95.73873159030938
2023-02-21 15:00:00,0.1,1002.2,95.0404163253797
2023-02-21 16:00:00,0.1,1002.2,94.35001183127744
2023-02-21 17:00:00,0.0,1002.4,94.34548801286994
2023-02-21 18:00:00,-0.2,1002.0,92.96577374126038
2023-02-21 19:00:00,-0.7,1001.9,92.25643373622192
2023-02-21 21:00:00,-0.9,1002.1,92.92643872096293
2023-02-21 22:00:00,-0.7,1001.6,95.00840378324095
2023-02-21 23:00:00,-0.9,1000.9,94.30453055714368
2023-02-22 01:00:00,-0.7,999.2,88.91608040381527
2023-02-22 02:00:00,-1.0,998.5,90.21606165794711
2023-02-22 03:00:00,-0.9,997.7,90.22375503135702
2023-02-22 04:00:00,-1.2,996.9,90.87119915056806
2023-02-22 05:00:00,-2.5,996.3,92.83529839748435
2023-02-22 06:00:00,-3.2,995.6,92.79487718130088
2023-02-22 07:00:00,-3.7,995.1,92.06861611370358
2023-02-22 08:00:00,-3.9,994.3,92.75411757334933
2023-02-22 09:00:00,-3.9,993.9,92.05585633422633
2023-02-22 10:00:00,-3.5,993.4,92.77745043008039
2023-02-22 11:00:00,-2.9,992.8,91.431064641162
2023-02-22 12:00:00,-2.7,992.5,89.41025754513457
2023-02-22 13:00:00,-3.5,992.7,92.08134563407027
2023-02-22 14:00:00,-5.2,993.1,89.19833265003484
2023-02-22 15:00:00,-6.2,993.7,89.80340211826162
2023-02-22 16:00:00,-6.7,994.1,90.46139841825513
2023-02-22 17:00:00,-7.0,994.4,89.73765163079615
2023-02-22 18:00:00,-7.0,995.2,89.73765163079615
2023-02-22 19:00:00,-7.5,996.0,86.25231074090827
2023-02-22 20:00:00,-7.5,996.4,86.93151712159131
2023-02-22 21:00:00,-7.5,997.4,84.24296810530598
2023-02-22 22:00:00,-8.2,997.8,82.17914683127825
2023-02-22 23:00:00,-8.2,998.4,85.49795657059725
2023-02-23 00:00:00,-8.2,998.5,83.49263044937534
2023-02-23 01:00:00,-8.4,998.9,82.15149552621047
2023-02-23 02:00:00,-8.7,999.3,78.2663424266838
2023-02-23 03:00:00,-8.7,999.0,80.16758039600475
2023-02-23 04:00:00,-8.7,999.9,80.8104183598256
2023-02-23 05:00:00,-9.0,999.8,79.4822987944243
2023-02-23 06:00:00,-9.4,1000.2,76.28122343124754
2023-02-23 07:00:00,-9.4,1000.4,76.89985132545297
2023-02-23 08:00:00,-9.5,1000.6,76.88242747428934
2023-02-23 09:00:00,-9.2,1001.4,78.81502852114396
2023-02-23 10:00:00,-9.2,1002.0,74.48976847049533
2023-02-23 11:00:00,-9.0,1002.4,73.92801336817168
2023-02-23 12:00:00,-8.7,1003.0,78.2663424266838
2023-02-23 13:00:00,-8.5,1003.6,75.22370157605427
2023-02-23 14:00:00,-8.5,1004.6,77.67532913363087
2023-02-23 15:00:00,-8.5,1005.2,71.09900836817347
2023-02-23 16:00:00,-8.4,1005.5,75.84806312178314
2023-02-23 17:00:00,-8.7,1005.4,73.39149242796591
2023-02-23 18:00:00,-8.5,1006.2,74.02397286961526
2023-02-23 19:00:00,-8.5,1007.1,75.83004646659973
2023-02-23 20:00:00,-8.5,1007.7,74.02397286961526
2023-02-23 21:00:00,-8.5,1008.6,71.67560936968388
2023-02-23 22:00:00,-8.7,1009.4,73.39149242796591
2023-02-23 23:00:00,-8.7,1009.9,72.21593907654594
2023-02-24 00:00:00,-8.7,1010.7,70.48410759719471
2023-02-24 01:00:00,-9.0,1011.3,70.99438114138505
2023-02-24 02:00:00,-9.4,1012.0,72.66183997551579
2023-02-24 03:00:00,-9.5,1012.6,68.05206051093751
2023-02-24 04:00:00,-9.4,1013.1,70.91030251927792
2023-02-24 05:00:00,-9.9,1013.9,66.85268629358237
2023-02-24 06:00:00,-10.0,1014.4,67.3818519453106
2023-02-24 07:00:00,-10.5,1015.0,65.61644132543141
2023-02-24 08:00:00,-11.0,1015.7,69.41348483009922
2023-02-24 09:00:00,-10.9,1015.9,72.35897655849662
2023-02-24 10:00:00,-10.7,1015.6,74.81409865495027
2023-02-24 11:00:00,-10.7,1016.4,73.59801855099442
2023-02-24 12:00:00,-10.9,1016.3,72.9566909084029
2023-02-24 13:00:00,-10.5,1016.8,72.44019430745534
2023-02-24 14:00:00,-10.4,1017.0,70.69862952705299
2023-02-24 15:00:00,-10.0,1016.9,69.6329879949608
2023-02-24 16:00:00,-10.0,1017.5,70.2061650607161
2023-02-24 17:00:00,-10.0,1017.0,71.9510685159999
2023-02-24 18:00:00,-9.7,1017.8,72.01250239574355
2023-02-24 19:00:00,-9.7,1017.5,73.19507283848996
2023-02-24 20:00:00,-10.0,1017.2,73.13575274923545
2023-02-24 21:00:00,-9.7,1016.8,72.60163768184407
2023-02-24 22:00:00,-9.2,1016.3,68.11996219615403
2023-02-24 23:00:00,-8.7,1015.9,69.91512484394512
2023-02-25 00:00:00,-7.2,1015.0,78.51153519403378
2023-02-25 01:00:00,-5.4,1014.1,79.41635713747274
2023-02-25 02:00:00,-4.0,1013.0,79.63176508651837
2023-02-25 03:00:00,-2.7,1012.0,93.52021509829403
2023-02-25 04:00:00,-1.9,1011.1,95.66573653580338
2023-02-25 05:00:00,-0.7,1009.9,95.70767379132471
2023-02-25 06:00:00,0.5,1008.9,95.74900987721772
2023-02-25 07:00:00,0.7,1008.3,96.45191409804669
2023-02-25 08:00:00,1.0,1008.1,93.70928987035867
2023-02-25 09:00:00,1.2,1007.8,93.71927618289253
2023-02-25 10:00:00,2.0,1006.9,87.23145875891231
2023-02-25 11:00:00,1.6,1006.1,89.11242428257479
2023-02-25 12:00:00,1.6,1005.8,88.46826401595686
2023-02-25 13:00:00,4.6,1004.5,79.16645334678516
2023-02-25 14:00:00,4.7,1003.6,77.49464675207791
2023-02-25 15:00:00,4.7,1003.2,79.18148321506024
2023-02-25 16:00:00,4.5,1003.0,79.15140799449874
2023-02-25 17:00:00,5.1,1002.9,69.10797970695009
2023-02-25 18:00:00,5.2,1003.4,59.28485877651831
2023-02-25 19:00:00,4.5,1003.1,55.68852464973031
2023-02-25 20:00:00,3.7,1002.8,56.31372219410289
2023-02-25 21:00:00,3.0,1003.5,63.75893519700136
2023-02-25 22:00:00,2.7,1003.6,59.53437738146684
2023-02-25 23:00:00,2.7,1004.2,59.08806673170937
2023-02-26 00:00:00,3.0,1004.6,59.610791620973146
2023-02-26 01:00:00,2.7,1005.0,65.6151894230154
2023-02-26 02:00:00,3.0,1005.5,65.68341937581822
2023-02-26 03:00:00,3.2,1005.6,63.33335802657092
2023-02-26 04:00:00,3.1,1006.5,66.68708223959888
2023-02-26 05:00:00,3.2,1006.3,72.86954854375455
2023-02-26 06:00:00,4.5,1006.8,75.80555885070335
2023-02-26 07:00:00,4.5,1006.6,79.72159032253347
2023-02-26 08:00:00,5.0,1006.7,82.10469248902496
2023-02-26 09:00:00,6.5,1006.8,74.00893832757096
2023-02-26 10:00:00,6.5,1006.9,71.9268670666496
2023-02-26 11:00:00,6.2,1007.0,74.48452716909304
2023-02-26 12:00:00,5.6,1007.7,79.31605852329604
2023-02-26 13:00:00,6.2,1006.7,75.01758115829871
2023-02-26 14:00:00,5.7,1005.5,77.10272836448442
2023-02-26 15:00:00,4.7,1005.1,81.48116363234871
2023-02-26 16:00:00,5.5,1004.9,62.034327952451775
2023-02-26 17:00:00,4.2,1005.2,64.04099737267698
2023-02-26 18:00:00,2.7,1006.0,72.24133230799718
2023-02-26 19:00:00,2.7,1007.0,65.6151894230154
2023-02-26 20:00:00,2.7,1007.7,64.164994156959
2023-02-26 21:00:00,2.2,1008.8,67.48484083025149
2023-02-26 22:00:00,1.5,1009.9,71.47486577183462
2023-02-26 23:00:00,1.0,1010.9,75.19643541298092
2023-02-27 00:00:00,0.6,1012.6,76.25269848062685
2023-02-27 01:00:00,0.5,1013.7,75.66975865487531
2023-02-27 02:00:00,0.0,1015.4,71.17542033354151
2023-02-27 03:00:00,-1.0,1017.5,50.485228998075804
2023-02-27 04:00:00,-2.2,1019.2,58.25962078660246
2023-02-27 05:00:00,-3.0,1020.9,60.37858316019658
2023-02-27 06:00:00,-3.5,1022.3,50.15480789501324
2023-02-27 07:00:00,-3.7,1023.3,57.40127405334178
2023-02-27 08:00:00,-4.0,1024.1,54.63690996035091
2023-02-27 09:00:00,-4.2,1025.3,56.35795521385263
2023-02-27 10:00:00,-4.2,1026.5,56.81026356327871
2023-02-27 11:00:00,-4.4,1027.7,59.54030238541228
2023-02-27 12:00:00,-4.5,1028.4,56.72819469862731
2023-02-27 13:00:00,-4.5,1028.6,56.72819469862731
2023-02-27 14:00:00,-4.7,1029.0,60.90085205525179
2023-02-27 15:00:00,-4.5,1029.3,63.41807638552027
2023-02-27 16:00:00,-4.4,1029.3,61.953298718645044
2023-02-27 17:00:00,-4.4,1029.1,55.853492627710025
2023-02-27 18:00:00,-4.2,1029.4,48.74721764614283
2023-02-27 19:00:00,-4.9,1029.1,46.208689028560904
2023-02-27 20:00:00,-4.2,1028.7,59.120732114587796
2023-02-27 21:00:00,-3.7,1028.5,64.62067937532954
2023-02-27 22:00:00,-2.4,1028.3,74.58386769967244
2023-02-27 23:00:00,-0.4,1027.4,79.57506081497286
2023-02-28 00:00:00,0.6,1026.5,84.57302878676465
2023-02-28 01:00:00,1.0,1026.3,88.41472607968947
2023-02-28 02:00:00,1.7,1025.9,91.0769045267992
2023-02-28 03:00:00,3.0,1025.4,83.0319948248937
2023-02-28 04:00:00,2.6,1025.1,87.92124725303319
2023-02-28 05:00:00,3.0,1024.9,83.63408282413862
2023-02-28 06:00:00,6.1,1024.2,69.31504230649304
2023-02-28 07:00:00,6.5,1023.4,67.91773671220056
2023-02-28 08:00:00,7.1,1023.6,70.01814352969733
2023-02-28 09:00:00,6.7,1023.6,71.4534069178428
2023-02-28 10:00:00,6.6,1023.4,68.92177797221994
2023-02-28 11:00:00,7.5,1023.3,66.20998243188644
2023-02-28 12:00:00,6.7,1023.3,68.94254301295632
2023-02-28 13:00:00,6.1,1022.5,70.31935708813126
2023-02-28 14:00:00,7.0,1022.3,68.02397937060675
2023-02-28 15:00:00,6.7,1022.0,66.99045841184255
2023-02-28 16:00:00,3.7,1021.4,79.60355729935424
2023-02-28 17:00:00,7.1,1020.3,69.02541382215384
2023-02-28 18:00:00,7.6,1019.8,66.70719028461639
2023-02-28 19:00:00,7.7,1019.4,59.91232165814117
2023-02-28 20:00:00,8.2,1018.8,55.04443919154247
2023-02-28 21:00:00,6.5,1018.5,59.17894555036116
2023-02-28 22:00:00,7.7,1017.8,68.6589959796897
2023-02-28 23:00:00,7.2,1016.5,74.66124099266607
2023-03-01 00:00:00,5.6,1015.5,79.8822977225535
2023-03-01 01:00:00,5.2,1014.8,75.38182334041095
2023-03-01 02:00:00,4.2,1013.8,74.66516564883324
2023-03-01 03:00:00,3.2,1012.9,71.28396668853706
2023-03-01 04:00:00,2.5,1011.4,76.01549410093868
2023-03-01 05:00:00,2.0,1010.3,64.96702877086845
2023-03-01 06:00:00,1.6,1008.8,62.47676140309784
2023-03-01 07:00:00,1.5,1006.9,61.9822559420966
2023-03-01 08:00:00,1.5,1005.7,64.36484715663644
2023-03-01 09:00:00,1.2,1004.7,67.77175759210662
2023-03-01 10:00:00,0.7,1004.1,71.8516602607817
2023-03-01 11:00:00,1.0,1003.5,71.3755305571187
2023-03-01 12:00:00,1.5,1003.3,63.40221707198875
2023-03-01 13:00:00,1.5,1003.5,62.452403182709205
2023-03-01 14:00:00,1.2,1004.3,64.29429721109514
2023-03-01 15:00:00,1.2,1006.1,62.853160813487094
2023-03-01 16:00:00,1.0,1006.9,62.80468573544218
2023-03-01 17:00:00,0.5,1007.7,64.128956482303
2023-03-01 18:00:00,0.0,1008.3,66.99844623099193
2023-03-01 19:00:00,-0.2,1008.5,65.94315939614751
2023-03-01 20:00:00,-0.5,1008.6,66.8865305413115
2023-03-01 21:00:00,-0.5,1010.3,65.87442537976152
2023-03-01 22:00:00,-0.7,1011.9,71.03419138440286
2023-03-01 23:00:00,-0.5,1013.0,73.25483047655787
2023-03-02 00:00:00,-1.0,1014.6,80.08263263285758
2023-03-02 01:00:00,-1.0,1015.9,77.13038660571328
2023-03-02 02:00:00,-2.0,1017.9,68.62964889533629
2023-03-02 03:00:00,-2.4,1019.0,64.92912497499637
2023-03-02 04:00:00,-2.5,1020.1,64.90552614644574
2023-03-02 05:00:00,-2.5,1020.6,62.916665737502
2023-03-02 06:00:00,-2.5,1020.3,62.42801063118147
2023-03-02 07:00:00,-2.5,1020.0,61.460828635660924
2023-03-02 08:00:00,-2.0,1019.8,62.551640591764055
2023-03-02 09:00:00,-1.9,1020.2,63.0636104146899
2023-03-02 10:00:00,-1.9,1019.9,64.04837345624343
2023-03-02 11:00:00,-1.5,1019.3,68.21324982819792
2023-03-02 12:00:00,-0.9,1018.3,72.07887991924905
2023-03-02 13:00:00,-1.2,1017.4,72.56883338493043
2023-03-02 14:00:00,-1.2,1016.6,62.74833761786978
2023-03-02 15:00:00,-1.0,1015.4,73.15976713684621
2023-03-02 16:00:00,-1.0,1014.5,72.05919766029389
2023-03-02 17:00:00,-1.0,1014.2,78.88989977683664
2023-03-02 18:00:00,-1.7,1015.1,76.4320436074627
2023-03-02 19:00:00,-2.5,1016.0,72.87173571805732
2023-03-02 20:00:00,-3.2,1018.1,72.73584679225513
2023-03-02 21:00:00,-4.4,1019.9,67.57123627536431
2023-03-03 07:00:00,-11.0,1031.7,62.29661589734121
2023-03-03 19:00:00,-11.4,1035.2,67.0566147747755
2023-03-03 20:00:00,-11.2,1035.5,70.52775937586762
2023-03-03 21:00:00,-11.2,1035.7,68.79650843630144
2023-03-03 22:00:00,-11.2,1035.7,70.52775937586762
2023-03-03 23:00:00,-11.0,1035.7,68.27335117335794
2023-03-04 00:00:00,-10.9,1035.9,71.7656413333141
2023-03-04 01:00:00,-10.9,1035.8,69.43553280212164
2023-03-04 02:00:00,-10.7,1036.0,68.90834364198697
2023-03-04 03:00:00,-10.7,1035.6,70.0550110126537
2023-03-04 04:00:00,-10.9,1035.5,70.59199617866425
2023-03-04 05:00:00,-10.5,1035.4,72.44019430745534
2023-03-04 06:00:00,-10.2,1035.1,70.74113365503865
2023-03-04 07:00:00,-10.2,1035.0,69.01963191807756
2023-03-04 08:00:00,-10.2,1034.6,68.45417282297579
2023-03-04 09:00:00,-10.0,1034.4,68.49915871066855
2023-03-04 10:00:00,-10.0,1034.0,67.9384532371823
2023-03-04 11:00:00,-9.5,1033.7,64.25042725746307
2023-03-04 12:00:00,-9.5,1033.4,63.1996848515717
2023-03-04 13:00:00,-9.2,1032.9,62.75617363737741
2023-03-04 14:00:00,-9.0,1032.3,60.7710669402796
2023-03-04 15:00:00,-9.0,1031.6,61.78143174249946
2023-03-04 16:00:00,-9.0,1031.5,62.80677962009342
2023-03-04 17:00:00,-9.7,1031.2,65.8081234703087
2023-03-04 18:00:00,-10.0,1031.1,67.9384532371823
2023-03-04 19:00:00,-10.0,1031.0,67.9384532371823
2023-03-04 20:00:00,-10.0,1030.9,67.9384532371823
2023-03-04 21:00:00,-10.2,1031.1,67.89285653606328
2023-03-04 22:00:00,-10.2,1030.9,65.1474932179297
2023-03-04 23:00:00,-10.2,1030.9,66.23349980743835
2023-03-05 00:00:00,-9.5,1030.8,63.723120832012526
2023-03-05 01:00:00,-9.0,1030.6,62.80677962009342
2023-03-05 02:00:00,-8.2,1030.4,58.52691895094942
2023-03-05 03:00:00,-7.7,1030.3,54.47573268939054
2023-03-05 04:00:00,-7.7,1030.0,64.69021573179748
2023-03-05 05:00:00,-8.0,1029.8,77.75934994424054
2023-03-05 06:00:00,-7.7,1029.7,62.622102317774974
2023-03-05 07:00:00,-8.0,1030.1,64.09398376408569
2023-03-05 08:00:00,-8.2,1030.3,66.70307049470163
2023-03-05 09:00:00,-8.4,1030.7,66.65651127889035
2023-03-05 10:00:00,-8.0,1031.0,70.63229177775133
2023-03-05 11:00:00,-7.0,1030.5,66.44454403449744
2023-03-05 12:00:00,-7.7,1031.0,71.26533049914693
2023-03-05 13:00:00,-8.7,1031.0,71.05722011225404
2023-03-05 14:00:00,-9.5,1031.0,62.68009446803232
2023-03-05 15:00:00,-9.9,1031.1,69.08614363835207
2023-03-05 16:00:00,-10.2,1030.5,85.95404223782276
2023-03-05 17:00:00,-9.7,1030.3,85.3246052026303
2023-03-05 18:00:00,-9.9,1030.4,80.63187166298688
2023-03-05 19:00:00,-9.7,1030.0,66.8993351162659
2023-03-05 20:00:00,-9.7,1030.1,73.79283523326738
2023-03-05 21:00:00,-9.5,1030.7,80.04531787611431
2023-03-05 22:00:00,-8.7,1030.9,64.97587638686059
2023-03-05 23:00:00,-8.5,1030.6,66.63319871434375
2023-03-06 00:00:00,-8.5,1030.4,71.09900836817347
2023-03-06 01:00:00,-8.4,1030.2,70.54774093688475
2023-03-06 02:00:00,-8.2,1030.0,81.5293392258185
2023-03-06 03:00:00,-8.0,1029.4,75.91994075745428
2023-03-06 04:00:00,-8.0,1029.2,77.14184564585929
2023-03-06 05:00:00,-8.2,1028.6,81.5293392258185
2023-03-06 06:00:00,-8.0,1028.4,72.94036397526071
2023-03-06 07:00:00,-7.7,1027.9,65.74695974045196
2023-03-06 08:00:00,-7.7,1027.8,66.81908512018742
2023-03-06 09:00:00,-7.5,1027.5,69.05416888053621
2023-03-06 10:00:00,-8.2,1027.6,84.15636360406748
2023-03-06 11:00:00,-8.0,1027.3,84.18117798862502
2023-03-06 12:00:00,-8.0,1027.0,79.63839706627753
2023-03-06 13:00:00,-7.7,1026.5,74.17648301550439
2023-03-06 14:00:00,-8.0,1026.3,71.7780509641282
2023-03-06 15:00:00,-7.5,1025.8,68.50105103898285
2023-03-06 16:00:00,-7.9,1025.4,71.223874210354
2023-03-06 17:00:00,-8.5,1024.8,78.9276653093186
2023-03-06 18:00:00,-8.0,1024.2,70.06555542376253
2023-03-06 19:00:00,-8.4,1024.0,86.83763010910769
2023-03-06 20:00:00,-8.0,1024.2,77.75934994424054
2023-03-06 21:00:00,-6.9,1024.2,71.43033253380196
2023-03-06 22:00:00,-7.2,1023.7,80.39394948270044
2023-03-06 23:00:00,-6.5,1023.6,69.27243258312717
2023-03-07 00:00:00,-6.7,1023.9,67.58853036142656
2023-03-07 01:00:00,-6.5,1023.5,64.97940697405808
2023-03-07 02:00:00,-6.7,1023.1,67.04948096722737
2023-03-07 03:00:00,-6.5,1023.1,69.27243258312717
2023-03-07 04:00:00,-6.5,1023.0,71.51234237870875
2023-03-07 05:00:00,-6.9,1022.9,76.72062606317118
2023-03-07 06:00:00,-6.4,1022.8,72.10243426244787
2023-03-07 07:00:00,-6.2,1022.6,74.45907834945845
2023-03-07 08:00:00,-6.5,1022.9,77.3971598675557
2023-03-07 09:00:00,-6.5,1023.3,69.82646382244141
2023-03-07 10:00:00,-6.7,1023.4,74.36536340556279
2023-03-07 11:00:00,-7.2,1023.6,78.51153519403378
2023-03-07 12:00:00,-7.4,1023.3,86.94188862240715
2023-03-07 13:00:00,-7.9,1023.1,84.19356406771989
2023-03-07 14:00:00,-7.5,1023.0,73.62455464589334
2023-03-07 15:00:00,-7.2,1022.7,67.47502334364053
2023-03-07 16:00:00,-7.2,1022.1,77.89285226364584
2023-03-07 17:00:00,-6.5,1021.7,66.56064526930302
2023-03-07 18:00:00,-7.2,1021.5,89.72111664101648
2023-03-07 19:00:00,-7.0,1021.5,91.8541389527565
2023-03-07 20:00:00,-7.0,1021.2,89.73765163079615
2023-03-07 21:00:00,-7.0,1021.5,90.43827126301652
2023-03-07 22:00:00,-7.2,1021.4,76.66850821647367
2023-03-07 23:00:00,-7.0,1021.4,70.84221043413616
2023-03-08 00:00:00,-6.4,1021.4,64.48403757414245
2023-03-08 01:00:00,-6.2,1020.9,71.57363613380147
2023-03-08 02:00:00,-6.0,1020.7,68.2874292689454
2023-03-08 03:00:00,-5.4,1020.0,58.331335500851125
2023-03-08 04:00:00,-5.2,1019.6,69.55303672298781
2023-03-08 05:00:00,-6.0,1019.3,82.47927932706011
2023-03-08 06:00:00,-6.0,1019.0,87.08583654134937
2023-03-08 07:00:00,-6.0,1018.7,76.87599526193989
2023-03-08 08:00:00,-6.0,1018.6,74.4964298983865
2023-03-08 09:00:00,-6.5,1018.1,70.38444285807255
2023-03-08 10:00:00,-6.7,1017.8,68.13144203611198
2023-03-08 11:00:00,-6.9,1016.9,71.43033253380196
2023-03-08 12:00:00,-7.0,1016.4,70.27866846476691
2023-03-08 13:00:00,-7.2,1015.8,66.93455431945803
2023-03-08 14:00:00,-7.5,1015.0,74.21441464950934
2023-03-08 15:00:00,-7.7,1014.1,75.37032756144387
2023-03-08 16:00:00,-7.7,1013.5,74.17648301550439
2023-03-08 17:00:00,-8.0,1012.9,70.63229177775133
2023-03-08 18:00:00,-8.2,1012.8,67.24638742146915
2023-03-08 19:00:00,-8.0,1012.4,71.2031150657776
2023-03-08 20:00:00,-7.9,1012.0,74.13847321560928
2023-03-08 21:00:00,-7.5,1011.7,72.45736312235715
2023-03-08 22:00:00,-6.7,1011.5,74.36536340556279
2023-03-08 23:00:00,-5.7,1010.8,85.78032529855383
2023-03-09 00:00:00,-6.0,1010.9,83.7727634077692
2023-03-09 01:00:00,-6.2,1010.9,76.23968484059795
2023-03-09 02:00:00,-6.2,1011.4,81.17488345534305
2023-03-09 03:00:00,-6.2,1011.6,70.44765893026383
2023-03-09 04:00:00,-6.5,1011.5,69.27243258312717
2023-03-09 05:00:00,-6.5,1011.5,75.58798703032863
2023-03-09 06:00:00,-7.5,1011.8,71.87997994683009
2023-03-09 07:00:00,-8.0,1011.8,69.50288046251185
2023-03-09 08:00:00,-8.7,1012.6,78.2663424266838
2023-03-09 09:00:00,-9.5,1012.9,82.65868098090957
2023-03-09 10:00:00,-10.0,1013.4,57.072271850330814
2023-03-09 11:00:00,-10.7,1013.9,76.04809484532898
2023-03-09 12:00:00,-11.5,1014.1,79.73490467419828
2023-03-09 13:00:00,-12.2,1014.5,66.30978886934771
2023-03-09 14:00:00,-12.2,1014.7,60.94539709645811
2023-03-09 15:00:00,-12.0,1014.6,61.51624807939823
2023-03-09 16:00:00,-11.7,1013.9,52.40890317914027
2023-03-09 17:00:00,-11.4,1013.5,51.607350947343534
2023-03-09 18:00:00,-12.2,1013.9,83.64800199505667
2023-03-09 19:00:00,-12.0,1014.0,80.31363713788362
2023-03-09 20:00:00,-11.7,1014.0,71.00764022824156
2023-03-09 21:00:00,-12.2,1014.0,76.40487096580627
2023-03-09 22:00:00,-12.2,1013.5,77.67853767561894
2023-03-09 23:00:00,-12.2,1013.3,75.14990206256923
2023-03-10 00:00:00,-12.0,1012.8,69.1918024097139
2023-03-10 01:00:00,-12.4,1013.0,87.11760602788253
2023-03-10 02:00:00,-12.2,1012.7,75.77506437401725
2023-03-10 03:00:00,-12.7,1012.4,87.08617892865924
2023-03-10 04:00:00,-13.0,1012.3,87.77248213837873
2023-03-10 05:00:00,-13.0,1012.0,85.63466992207461
2023-03-10 06:00:00,-13.0,1011.6,87.05463974022068
2023-03-10 07:00:00,-13.0,1011.4,87.05463974022068
2023-03-10 08:00:00,-13.2,1011.4,82.82939440181073
2023-03-10 09:00:00,-13.0,1011.2,87.05463974022068
2023-03-10 10:00:00,-13.4,1010.9,87.73243666835353
2023-03-10 11:00:00,-13.2,1010.8,87.0335510874805
2023-03-10 12:00:00,-13.2,1010.9,87.75248334554298
2023-03-10 13:00:00,-13.0,1010.9,84.93247554926488
2023-03-10 14:00:00,-12.7,1010.5,77.59272796465638
2023-03-10 15:00:00,-12.5,1010.3,84.29835668871931
2023-03-10 16:00:00,-12.2,1010.2,83.64800199505667
2023-03-10 17:00:00,-12.0,1010.0,88.5893855596673
2023-03-10 18:00:00,-11.7,1009.6,86.48482469742805
2023-03-10 19:00:00,-11.4,1009.6,83.75154479718671
2023-03-10 20:00:00,-11.5,1009.3,85.8070612396389
2023-03-10 21:00:00,-10.7,1008.9,85.89777448743793
2023-03-10 22:00:00,-10.5,1008.0,90.1622447557512
2023-03-10 23:00:00,-10.7,1008.3,88.70963036114841
2023-03-11 00:00:00,-10.2,1008.4,85.95404223782276
2023-03-11 01:00:00,-10.4,1008.5,79.90647948840197
2023-03-11 02:00:00,-10.2,1008.2,82.56344484975422
2023-03-11 03:00:00,-9.7,1007.9,88.80086630270495
2023-03-11 04:00:00,-9.5,1007.9,78.76649288279742
2023-03-11 05:00:00,-9.0,1007.6,80.12185790542416
2023-03-11 06:00:00,-9.2,1007.5,83.36298096353576
2023-03-11 07:00:00,-9.4,1007.7,82.01230787809823
2023-03-11 08:00:00,-9.5,1008.0,86.72153669918258
2023-03-11 09:00:00,-9.4,1008.4,76.28122343124754
2023-03-11 10:00:00,-9.2,1008.6,76.31680482230078
2023-03-11 11:00:00,-9.7,1009.0,86.00998368407853
2023-03-11 12:00:00,-9.5,1009.4,66.94589525187006
2023-03-11 13:00:00,-9.7,1009.6,76.22770968932639
2023-03-11 14:00:00,-9.9,1009.6,71.38601972371212
2023-03-11 15:00:00,-9.7,1009.7,75.00145194116394
2023-03-11 16:00:00,-10.0,1009.6,76.17402536988442
2023-03-11 17:00:00,-9.9,1009.5,62.578336982452186
2023-03-11 18:00:00,-9.9,1009.6,59.53467703107043
2023-03-11 19:00:00,-10.2,1009.7,77.38626568952154
2023-03-11 20:00:00,-10.2,1009.7,78.01715171943748
2023-03-11 21:00:00,-10.2,1009.5,71.91000867182417
2023-03-11 22:00:00,-10.2,1009.6,71.91000867182417
2023-03-11 23:00:00,-10.7,1009.2,80.51151463846973
2023-03-12 00:00:00,-10.2,1009.0,65.1474932179297
2023-03-12 01:00:00,-10.4,1008.9,68.97518204189105
2023-03-12 02:00:00,-10.2,1008.6,63.548312131758486
2023-03-12 03:00:00,-10.5,1008.3,68.95292441129162
2023-03-12 04:00:00,-10.5,1008.0,70.67734553923799
2023-03-12 05:00:00,-10.2,1007.6,62.50177917631156
2023-03-12 06:00:00,-10.5,1007.2,77.33470415597684
2023-03-12 07:00:00,-10.7,1007.0,72.3996269394634
2023-03-12 08:00:00,-10.7,1006.6,77.93318572401469
2023-03-12 09:00:00,-10.9,1006.3,76.01194225605161
2023-03-12 10:00:00,-10.2,1006.1,68.45417282297579
2023-03-12 11:00:00,-9.9,1005.1,74.96413823119299
2023-03-12 12:00:00,-9.2,1005.0,82.69926687460435
2023-03-12 13:00:00,-8.0,1004.5,88.25731315332126
2023-03-12 14:00:00,-5.5,1002.7,94.08815360171005
2023-03-12 15:00:00,-6.4,1003.0,85.70207407342845
2023-03-12 16:00:00,-6.7,1002.9,85.00241936276412
2023-03-12 17:00:00,-6.7,1003.2,88.37875620842358
2023-03-12 18:00:00,-6.7,1003.9,86.33891469379603
2023-03-12 19:00:00,-6.5,1004.1,79.24481899130173
2023-03-12 20:00:00,-6.5,1004.3,76.1868118000194
2023-03-12 21:00:00,-6.7,1004.2,75.55189896619916
2023-03-12 22:00:00,-6.7,1004.3,73.195467499046
2023-03-12 23:00:00,-7.0,1004.1,74.90116209930432
2023-03-13 00:00:00,-7.2,1003.8,74.86414898312998
2023-03-13 01:00:00,-7.0,1003.5,74.90116209930432
2023-03-13 02:00:00,-6.9,1003.3,75.51573575195658
2023-03-13 03:00:00,-7.0,1003.2,68.61195391184532
2023-03-13 04:00:00,-7.2,1003.2,79.76205680802235
2023-03-13 05:00:00,-7.2,1002.5,69.11987007977663
2023-03-13 06:00:00,-7.4,1002.3,81.6429010417539
2023-03-13 07:00:00,-7.2,1002.1,77.89285226364584
2023-03-13 08:00:00,-7.0,1001.8,79.79280398877873
2023-03-13 09:00:00,-6.7,1001.3,79.21341118533884
2023-03-13 10:00:00,-6.7,1001.1,83.03221400290072
2023-03-13 11:00:00,-7.0,1000.6,76.70327175503247
2023-03-13 12:00:00,-7.0,999.6,89.04186914606412
2023-03-13 13:00:00,-6.5,1000.1,81.76946166188664
2023-03-13 14:00:00,-5.7,999.2,85.78032529855383
2023-03-13 15:00:00,-4.7,998.7,92.00451273153134
2023-03-13 16:00:00,-3.9,998.2,91.36227136398152
2023-03-13 17:00:00,-3.2,998.9,69.97791734170768
2023-03-13 18:00:00,-4.7,998.9,88.56202830008512
2023-03-13 19:00:00,-3.2,998.9,78.54357208255927
2023-03-13 20:00:00,-4.0,999.1,88.62517350551109
2023-03-13 21:00:00,-3.7,999.2,80.90795130918895
2023-03-13 22:00:00,-4.0,999.6,81.48744654273536
2023-03-13 23:00:00,-4.5,1000.3,85.25751888708325
2023-03-14 00:00:00,-4.5,1000.7,88.58012211476411
2023-03-14 01:00:00,-4.7,1001.0,87.88744538470237
2023-03-14 02:00:00,-5.0,1001.6,91.98513242821033
2023-03-14 03:00:00,-5.2,1002.2,89.88472284916173
2023-03-14 04:00:00,-5.5,1002.5,89.17248404608664
2023-03-14 05:00:00,-5.7,1003.1,78.14011866459748
2023-03-14 06:00:00,-5.9,1003.7,71.63474749454429
2023-03-14 07:00:00,-6.0,1004.3,75.67787965909015
2023-03-14 08:00:00,-6.2,1004.8,73.87383348370611
2023-03-14 09:00:00,-6.5,1005.3,76.78986077462918
2023-03-14 10:00:00,-7.0,1006.1,79.79280398877873
2023-03-14 11:00:00,-7.4,1006.4,79.10294829574507
2023-03-14 12:00:00,-7.5,1006.7,74.80848547662315
2023-03-14 13:00:00,-7.5,1006.7,77.84292257718552
2023-03-14 14:00:00,-7.5,1006.6,81.62876080870915
2023-03-14 15:00:00,-7.2,1005.6,83.62082392258378
2023-03-14 16:00:00,-7.0,1005.3,89.73765163079615
2023-03-14 17:00:00,-5.4,1003.3,94.09298626288852
2023-03-14 18:00:00,-2.7,1002.1,87.41610460249909
2023-03-14 19:00:00,-2.7,1002.7,81.05125813393065
2023-03-14 20:00:00,-3.0,1003.6,74.4735686673442
2023-03-14 21:00:00,-2.7,1004.5,81.05125813393065
2023-03-14 22:00:00,-3.7,1006.3,94.17425257917257
2023-03-14 23:00:00,-4.0,1007.3,94.87305138634568
2023-03-15 00:00:00,-4.0,1008.6,92.74826693141233
2023-03-15 01:00:00,-3.9,1009.5,94.16477824722756
2023-03-15 02:00:00,-4.5,1010.5,93.42517369795765
2023-03-15 03:00:00,-4.9,1011.3,89.22409076687397
2023-03-15 04:00:00,-5.4,1011.9,86.47795916528355
2023-03-15 05:00:00,-6.0,1012.3,85.08427840394091
2023-03-15 07:00:00,-7.0,1012.9,78.54392978675754
2023-03-15 08:00:00,-7.5,1013.6,68.50105103898285
2023-03-15 09:00:00,-7.2,1014.3,67.47502334364053
2023-03-15 10:00:00,-7.0,1014.5,71.40977904903407
2023-03-15 11:00:00,-7.2,1014.9,66.93455431945803
2023-03-15 12:00:00,-7.0,1015.2,63.3078859953382
2023-03-15 13:00:00,-7.4,1015.5,66.88843190663806
2023-03-15 14:00:00,-7.0,1015.5,65.91232905928082
2023-03-15 15:00:00,-7.0,1015.8,64.85929640221535
2023-03-15 16:00:00,-7.0,1016.0,64.33843130853074
2023-03-15 17:00:00,-6.9,1016.0,70.29986488167343
2023-03-15 18:00:00,-6.7,1016.4,72.04200766403733
2023-03-15 19:00:00,-6.7,1016.7,69.78359233689618
2023-03-15 20:00:00,-6.5,1017.0,74.40290711486426
2023-03-15 21:00:00,-6.2,1017.1,75.04845162533319
2023-03-15 22:00:00,-6.0,1017.4,75.08508422886409
2023-03-15 23:00:00,-6.0,1017.5,76.87599526193989
2023-03-16 00:00:00,-5.7,1017.8,76.32743897864978
2023-03-16 01:00:00,-5.5,1017.9,76.96167815300527
2023-03-16 02:00:00,-5.5,1018.0,73.42798139143889
2023-03-16 03:00:00,-5.4,1018.2,73.44723035984372
2023-03-16 04:00:00,-5.5,1018.3,72.85330036487183
2023-03-16 05:00:00,-5.7,1018.6,72.81406434020458
2023-03-16 06:00:00,-5.7,1018.9,73.96883321983996
2023-03-16 07:00:00,-5.5,1019.1,70.59444226554335
2023-03-16 08:00:00,-5.2,1019.6,70.10310278230943
2023-03-16 09:00:00,-5.5,1020.0,70.03957325826586
2023-03-16 10:00:00,-5.2,1020.1,67.92584225409367
2023-03-16 11:00:00,-4.7,1020.2,66.97414840125529
2023-03-16 12:00:00,-4.7,1020.6,67.50381910469596
2023-03-16 13:00:00,-4.7,1020.8,66.97414840125529
2023-03-16 14:00:00,-4.7,1020.8,68.03721936956711
2023-03-16 15:00:00,-4.5,1020.7,65.45439640560055
2023-03-16 16:00:00,-4.5,1020.6,63.41807638552027
2023-03-16 17:00:00,-4.5,1020.6,70.25061990437985
2023-03-16 18:00:00,-4.7,1020.7,69.66002645675576
2023-03-16 19:00:00,-4.7,1020.7,69.66002645675576
2023-03-16 20:00:00,-4.9,1020.7,67.45876868902921
2023-03-16 21:00:00,-5.4,1020.5,73.44723035984372
2023-03-16 22:00:00,-4.9,1020.3,69.61729252084533
2023-03-16 23:00:00,-6.0,1020.2,71.61439726733599
2023-03-17 00:00:00,-7.0,1020.1,73.13689588937402
2023-03-17 01:00:00,-6.2,1019.9,68.2429677496948
2023-03-17 02:00:00,-5.5,1019.8,64.70096533057884
2023-03-17 03:00:00,-5.0,1019.5,63.80010436765639
2023-03-17 04:00:00,-3.9,1019.2,67.68317717926965
2023-03-17 05:00:00,-3.9,1018.9,66.11174846843946
2023-03-17 06:00:00,-3.7,1018.7,67.72780669568682
2023-03-17 07:00:00,-3.9,1018.8,70.37626743538678
2023-03-17 08:00:00,-3.5,1018.6,71.56082546268965
2023-03-17 09:00:00,-3.0,1018.6,69.48026883646392
2023-03-17 10:00:00,-2.7,1018.7,67.42552824085229
2023-03-17 11:00:00,-2.2,1018.7,70.7283249307504
2023-03-17 12:00:00,-2.2,1018.4,71.27304909068056
2023-03-17 13:00:00,-2.0,1018.3,69.15910915686187
2023-03-17 14:00:00,-2.0,1018.1,70.22894493835867
2023-03-17 15:00:00,-2.0,1017.8,70.22894493835867
2023-03-17 16:00:00,-2.0,1017.5,69.15910915686187
2023-03-17 17:00:00,-2.7,1017.2,71.1716292047159
2023-03-17 18:00:00,-3.2,1017.1,73.86582672028204
2023-03-17 19:00:00,-2.2,1017.0,74.6204855328065
2023-03-17 20:00:00,-1.9,1016.8,78.74918963614512
2023-03-17 21:00:00,-1.7,1016.7,78.18750662917994
2023-03-17 22:00:00,-1.7,1016.4,83.04521680585705
2023-03-17 23:00:00,-1.7,1016.1,86.86258995113296
2023-03-18 00:00:00,-1.7,1015.7,87.51374989399355
2023-03-18 01:00:00,-1.7,1015.2,85.57316634761561
2023-03-18 02:00:00,-1.2,1015.0,85.62849622570909
2023-03-18 03:00:00,-1.2,1014.5,86.91333937459812
2023-03-18 04:00:00,-1.5,1014.0,89.50981815275505
2023-03-18 05:00:00,-1.2,1013.8,88.87270997201924
2023-03-18 06:00:00,-1.5,1013.6,90.1774608388735
2023-03-18 07:00:00,-1.2,1013.3,88.87270997201924
2023-03-18 08:00:00,0.1,1013.2,86.40535612205097
2023-03-18 09:00:00,0.0,1013.1,88.97638355603272
2023-03-18 10:00:00,0.0,1012.9,90.29259655761705
2023-03-18 11:00:00,-0.4,1012.7,95.02044438648952
2023-03-18 12:00:00,0.1,1012.3,90.96426713108606
2023-03-18 13:00:00,0.5,1012.2,80.89919836445814
2023-03-18 14:00:00,0.2,1012.4,79.66527029573372
2023-03-18 15:00:00,-2.2,1013.3,86.81155277289227
2023-03-18 16:00:00,-3.7,1014.1,84.70134099742087
2023-03-18 17:00:00,-4.2,1014.3,83.99687447097139
2023-03-18 18:00:00,-4.5,1014.4,86.57301518362914
2023-03-18 19:00:00,-4.7,1015.0,85.2345896113114
2023-03-18 20:00:00,-4.7,1015.2,83.2919501824812
2023-03-18 21:00:00,-4.9,1015.3,83.91025583777959
2023-03-18 22:00:00,-4.9,1015.3,83.91025583777959
2023-03-18 23:00:00,-5.0,1015.3,83.89782635836733
2023-03-19 00:00:00,-5.2,1015.0,85.83583800359787
2023-03-19 01:00:00,-5.4,1014.3,87.82028034357762
2023-03-19 02:00:00,-5.5,1013.9,87.81064087507505
2023-03-19 03:00:00,-5.2,1013.4,87.83952585032256
2023-03-19 04:00:00,-5.0,1013.1,85.20009840803989
2023-03-19 05:00:00,-5.5,1012.9,88.48923125383908
2023-03-19 06:00:00,-5.5,1012.5,89.17248404608664
2023-03-19 07:00:00,-5.4,1012.3,88.49836795842634
2023-03-19 08:00:00,-5.2,1011.9,87.1670542280593
2023-03-19 09:00:00,-5.5,1011.4,89.86042704862088
2023-03-19 10:00:00,-5.5,1011.2,87.81064087507505
2023-03-19 11:00:00,-5.7,1011.2,86.4460557170488
2023-03-19 12:00:00,-6.0,1011.3,87.08583654134937
2023-03-19 13:00:00,-6.2,1011.5,86.39263892458291
2023-03-19 14:00:00,-6.7,1011.5,87.01415380570681
2023-03-19 15:00:00,-6.9,1011.8,83.00592019876655
2023-03-19 16:00:00,-7.2,1012.0,79.76205680802235
2023-03-19 17:00:00,-7.5,1012.5,74.80848547662315
2023-03-19 18:00:00,-8.0,1013.3,72.94036397526071
2023-03-19 19:00:00,-8.5,1014.0,68.83377977087025
2023-03-19 20:00:00,-8.9,1014.4,66.5397282037985
2023-03-19 21:00:00,-9.0,1014.8,60.7710669402796
2023-03-19 22:00:00,-9.7,1015.2,72.01250239574355
2023-03-19 23:00:00,-9.9,1015.5,64.68396596075088
2023-03-20 00:00:00,-10.4,1015.8,60.90828132307294
2023-03-20 01:00:00,-10.5,1015.9,60.88195880243996
2023-03-20 02:00:00,-11.2,1016.2,68.22792525685716
2023-03-20 03:00:00,-11.9,1016.4,72.15447235461366
2023-03-20 04:00:00,-12.0,1016.6,64.70715622757734
2023-03-20 05:00:00,-11.7,1016.7,69.83724299231727
2023-03-20 06:00:00,-12.0,1016.9,63.62744330838099
2023-03-20 07:00:00,-11.7,1017.3,65.87545214048403
2023-03-20 08:00:00,-12.0,1017.6,69.77148866173614
2023-03-20 09:00:00,-11.7,1017.7,62.115887199201566
2023-03-20 10:00:00,-11.5,1017.9,64.28968276216078
2023-03-20 11:00:00,-11.4,1018.2,68.18241074562027
2023-03-20 12:00:00,-11.0,1018.1,72.93669260472615
2023-03-20 13:00:00,-11.0,1018.3,65.49590726878044
2023-03-20 14:00:00,-10.9,1018.7,63.37238615775613
2023-03-20 15:00:00,-10.9,1018.9,58.76861131258546
2023-03-20 16:00:00,-10.9,1018.9,60.77643809109189
2023-03-20 17:00:00,-10.7,1019.0,59.81868506828513
2023-03-20 18:00:00,-10.7,1018.8,58.82316859925629
2023-03-20 19:00:00,-10.9,1019.0,59.76498247351143
2023-03-20 20:00:00,-10.7,1019.2,59.31905877102229
2023-03-20 21:00:00,-10.7,1019.1,60.32207210025254
2023-03-20 22:00:00,-10.7,1019.3,58.33099008014402
2023-03-20 23:00:00,-10.7,1019.3,57.842498876604544
2023-03-21 00:00:00,-10.9,1019.1,59.76498247351143
2023-03-21 01:00:00,-10.9,1018.7,59.76498247351143
2023-03-21 02:00:00,-10.7,1018.6,59.81868506828513
2023-03-21 03:00:00,-10.5,1018.5,60.37523952092214
2023-03-21 04:00:00,-10.5,1018.5,60.37523952092214
2023-03-21 05:00:00,-10.5,1018.0,62.425015278580574
2023-03-21 06:00:00,-10.2,1018.0,65.1474932179297
2023-03-21 07:00:00,-10.2,1017.8,60.45481780702192
2023-03-21 08:00:00,-10.0,1017.9,62.552840577153766
2023-03-21 09:00:00,-9.7,1017.9,62.62926130965767
2023-03-21 10:00:00,-9.7,1017.8,64.20111258463625
2023-03-21 11:00:00,-9.5,1017.9,66.39885912153528
2023-03-21 12:00:00,-9.5,1017.9,70.88923031955632
2023-03-21 13:00:00,-9.0,1017.8,69.28451068978804
2023-03-21 15:00:00,-8.0,1017.1,72.94036397526071
2023-03-21 16:00:00,-7.7,1016.8,75.97365122903223
2023-03-21 17:00:00,-7.2,1016.5,81.67113458992621
2023-03-21 20:00:00,-7.7,1016.7,61.10997355175637
2023-03-21 22:00:00,-8.4,1016.9,70.54774093688475
2023-03-21 23:00:00,-8.4,1016.7,64.52004805265874
2023-03-22 00:00:00,-8.7,1016.6,71.05722011225404
2023-03-22 01:00:00,-8.5,1016.4,65.02421446088483
2023-03-22 02:00:00,-8.7,1016.2,69.91512484394512
2023-03-22 03:00:00,-9.0,1016.0,73.33277794893324
2023-03-22 04:00:00,-9.2,1015.7,70.95238381633774
2023-03-22 05:00:00,-9.4,1015.3,72.07374981094658
2023-03-22 06:00:00,-9.5,1014.9,70.88923031955632
2023-03-22 07:00:00,-9.0,1014.6,65.97466986538709
2023-03-22 08:00:00,-8.9,1014.3,77.60778779455221
2023-03-22 09:00:00,-8.7,1014.1,69.3502458635071
2023-03-22 10:00:00,-8.7,1014.0,71.05722011225404
2023-03-22 11:00:00,-8.5,1013.6,64.49564920732941
2023-03-22 12:00:00,-8.4,1013.5,72.27656978261838
2023-03-22 13:00:00,-8.4,1012.7,74.64045326230672
2023-03-22 14:00:00,-8.0,1012.4,75.31548619346022
2023-03-22 15:00:00,-8.0,1011.8,72.94036397526071
2023-03-22 16:00:00,-8.0,1011.4,72.3571252846395
2023-03-22 17:00:00,-8.0,1010.6,75.91994075745428
2023-03-22 18:00:00,-8.0,1010.1,70.06555542376253
2023-03-22 19:00:00,-8.0,1010.0,71.2031150657776
2023-03-22 20:00:00,-7.9,1009.6,70.08696108622019
2023-03-22 21:00:00,-7.9,1009.4,74.13847321560928
2023-03-22 22:00:00,-7.9,1009.0,70.08696108622019
2023-03-22 23:00:00,-8.0,1008.5,75.91994075745428
2023-03-23 00:00:00,-7.5,1008.3,69.61126809660372
2023-03-23 01:00:00,-7.9,1008.2,76.5462566457966
2023-03-23 02:00:00,-7.5,1008.0,67.95188973963235
2023-03-23 03:00:00,-7.2,1007.6,70.80039261000694
2023-03-23 04:00:00,-7.2,1007.4,71.94089254757554
2023-03-23 05:00:00,-6.9,1007.1,79.80815254144728
2023-03-23 06:00:00,-7.0,1007.2,69.16356492594223
2023-03-23 07:00:00,-7.5,1007.5,67.95188973963235
2023-03-23 08:00:00,-7.5,1007.4,63.18344923731113
2023-03-23 09:00:00,-7.5,1007.6,61.661701865984575
2023-03-23 10:00:00,-7.5,1007.6,60.17276378019386
2023-03-23 11:00:00,-7.5,1007.5,63.18344923731113
2023-03-23 12:00:00,-7.4,1007.5,64.76281153870701
2023-03-23 13:00:00,-7.2,1007.5,68.01938269541131
2023-03-23 14:00:00,-6.4,1007.7,68.74433537575962
2023-03-23 15:00:00,-5.9,1007.6,75.69580222642473
2023-03-23 16:00:00,-6.2,1007.9,79.91512715424989
2023-03-23 17:00:00,-6.4,1007.8,71.53279393615773
2023-03-23 18:00:00,-6.2,1008.3,74.45907834945845
2023-03-23 19:00:00,-6.0,1008.7,71.05006484089927
2023-03-23 20:00:00,-5.7,1009.2,71.67538738856396
2023-03-23 21:00:00,-5.5,1009.9,73.42798139143889
2023-03-23 22:00:00,-6.2,1009.7,90.49976105459187
2023-03-23 23:00:00,-5.7,1010.0,86.4460557170488
2023-03-24 00:00:00,-5.2,1010.5,79.44732830895909
2023-03-24 01:00:00,-5.2,1010.7,79.44732830895909
2023-03-24 02:00:00,-4.5,1010.8,51.50295378945508
2023-03-24 03:00:00,-4.2,1011.0,55.46296295123456
2023-03-24 04:00:00,-4.7,1011.3,83.2919501824812
2023-03-24 05:00:00,-5.0,1011.3,84.54673114255203
2023-03-24 06:00:00,-5.2,1011.4,91.97217364696876
2023-03-24 07:00:00,-5.2,1012.0,86.49916733637491
2023-03-24 08:00:00,-4.9,1012.5,71.27634890834764
2023-03-24 09:00:00,-4.7,1013.0,78.91152051832341
2023-03-24 10:00:00,-4.5,1013.3,67.01966588914738
2023-03-24 11:00:00,-4.9,1013.5,65.36009161376892
2023-03-24 12:00:00,-5.0,1013.9,73.52403190247124
2023-03-24 13:00:00,-4.7,1014.0,70.208574478734
2023-03-24 14:00:00,-5.0,1014.2,72.38204140142835
2023-03-24 15:00:00,-5.0,1014.5,67.43621172324829
2023-03-24 16:00:00,-5.2,1014.7,60.28784214505505
2023-03-24 17:00:00,-5.5,1014.8,61.6748688992906
2023-03-24 18:00:00,-6.2,1014.8,69.89061463953026
2023-03-24 19:00:00,-6.5,1015.2,66.56064526930302
2023-03-24 20:00:00,-6.9,1015.2,64.36275414691252
2023-03-24 21:00:00,-7.2,1015.2,66.39795135842313
2023-03-24 22:00:00,-7.5,1015.2,67.95188973963235
2023-03-24 23:00:00,-7.9,1015.1,70.6533772192389
2023-03-25 00:00:00,-8.2,1015.3,68.34488765380594
2023-03-25 01:00:00,-8.7,1015.3,68.78944480473655
2023-03-25 02:00:00,-9.2,1015.1,71.53132412656966
2023-03-25 03:00:00,-9.2,1014.9,73.29353450399977
2023-03-25 04:00:00,-9.2,1014.8,73.88949071780657
2023-03-25 05:00:00,-8.7,1014.5,73.98564845262604
2023-03-25 06:00:00,-9.0,1014.4,76.35231089289819
2023-03-25 07:00:00,-8.5,1014.5,78.29926403495472
2023-03-25 08:00:00,-7.9,1015.0,78.3976043278439
2023-03-25 09:00:00,-7.5,1015.4,82.92668483407594
2023-03-25 10:00:00,-6.7,1015.6,82.38457801496433
2023-03-25 11:00:00,-6.0,1015.8,81.20361025645262
2023-03-25 12:00:00,-5.0,1015.6,80.71931680023648
2023-03-25 13:00:00,-4.5,1016.2,70.25061990437985
2023-03-25 14:00:00,-3.9,1016.5,58.26692987519413
2023-03-25 15:00:00,-3.4,1017.3,58.86410551525678
2023-03-25 16:00:00,-3.9,1017.9,59.1998378479109
2023-03-25 17:00:00,-3.9,1018.4,63.564821568346574
2023-03-25 18:00:00,-3.7,1019.0,62.6204564203371
2023-03-25 19:00:00,-4.0,1019.3,84.66586165628736
2023-03-25 20:00:00,-3.9,1019.9,69.2877900819884
2023-03-25 21:00:00,-3.7,1020.3,77.8630403496889
2023-03-25 22:00:00,-4.0,1020.3,72.01759172047358
2023-03-25 23:00:00,-3.5,1021.0,80.93673680594745
2023-03-26 00:00:00,-3.7,1021.4,84.70134099742087
2023-03-26 01:00:00,-3.5,1021.8,75.5366797753628
2023-03-26 02:00:00,-3.5,1022.2,71.56082546268965
2023-03-26 03:00:00,-3.4,1022.5,67.26850091328737
2023-03-26 04:00:00,-3.5,1022.7,72.67731863293977
2023-03-26 05:00:00,-3.5,1023.1,69.37354084796458
2023-03-26 06:00:00,-3.9,1023.5,68.21433119071253
2023-03-26 07:00:00,-4.0,1023.7,68.19226536764079
2023-03-26 08:00:00,-4.4,1024.1,70.27161201284753
2023-03-26 09:00:00,-4.0,1024.4,70.90561206703886
2023-03-26 10:00:00,-4.2,1024.7,70.86438593088674
2023-03-26 11:00:00,-4.5,1024.7,71.91754098472705
2023-03-26 12:00:00,-4.7,1025.0,73.58142967222292
2023-03-26 13:00:00,-5.9,1025.4,75.10337219490312
2023-03-26 14:00:00,-6.4,1025.4,75.01174330143475
2023-03-26 15:00:00,-6.7,1025.4,72.04200766403733
2023-03-26 16:00:00,-7.5,1025.4,76.00936440350767
2023-03-26 17:00:00,-7.2,1025.3,71.36861068318997
2023-03-26 18:00:00,-6.7,1025.2,79.21341118533884
2023-03-26 19:00:00,-6.2,1025.0,77.44773730065032
2023-03-26 20:00:00,-6.0,1025.1,77.48136648103818
2023-03-26 21:00:00,-6.2,1025.1,79.2918038700629
2023-03-26 22:00:00,-5.9,1025.4,68.3096282425894
2023-03-26 23:00:00,-6.5,1025.6,72.65632854290413
2023-03-27 00:00:00,-6.9,1026.1,76.11605577121787
2023-03-27 01:00:00,-6.7,1026.1,63.38228124585319
2023-03-27 02:00:00,-7.2,1026.1,77.2785188211488
2023-03-27 03:00:00,-7.4,1026.1,72.47735006163573
2023-03-27 04:00:00,-7.5,1026.1,70.17237365044423
2023-03-27 05:00:00,-7.9,1026.0,70.6533772192389
2023-03-27 06:00:00,-8.0,1026.0,68.94424148712748
2023-03-27 07:00:00,-8.2,1026.1,70.59005822083189
2023-03-27 08:00:00,-8.0,1026.3,68.94424148712748
2023-03-27 09:00:00,-8.0,1026.3,70.63229177775133
2023-03-27 10:00:00,-8.0,1026.4,71.7780509641282
2023-03-27 11:00:00,-8.0,1026.3,71.7780509641282
2023-03-27 12:00:00,-7.7,1026.4,72.41732868849175
2023-03-27 13:00:00,-7.5,1026.4,72.45736312235715
2023-03-27 14:00:00,-7.5,1026.2,72.45736312235715
2023-03-27 15:00:00,-7.0,1026.1,73.72082286479983
2023-03-27 16:00:00,-7.2,1025.9,74.86414898312998
2023-03-27 17:00:00,-7.2,1025.9,77.2785188211488
2023-03-27 18:00:00,-7.2,1025.8,76.66850821647367
2023-03-27 19:00:00,-7.2,1026.0,73.6823745798946
2023-03-27 20:00:00,-6.9,1025.7,74.9196399632271
2023-03-27 21:00:00,-6.9,1025.8,73.74001757845686
2023-03-27 22:00:00,-6.7,1025.6,74.36536340556279
2023-03-27 23:00:00,-6.7,1025.5,76.15147081347057
2023-03-28 00:00:00,-6.7,1025.2,76.75527987578928
2023-03-28 01:00:00,-6.7,1025.1,81.10279006153458
2023-03-28 02:00:00,-6.5,1024.8,79.24481899130173
2023-03-28 03:00:00,-6.2,1024.5,82.45229685033482
2023-03-28 04:00:00,-5.7,1024.3,84.46253937662989
2023-03-28 05:00:00,-5.5,1023.8,89.17248404608664
2023-03-28 06:00:00,-4.7,1023.7,86.55197602775291
2023-03-28 07:00:00,-3.9,1023.2,89.30930290848296
2023-03-28 08:00:00,-2.9,1023.2,87.39644165799902
2023-03-28 09:00:00,-2.4,1023.1,74.01575737203987
2023-03-28 10:00:00,-2.5,1022.9,71.76164086472606
2023-03-28 11:00:00,-1.5,1022.8,76.46631355308956
2023-03-28 12:00:00,-1.5,1022.7,71.41421011444825
2023-03-28 13:00:00,-1.2,1022.6,69.32950591804553
2023-03-28 14:00:00,-1.2,1022.1,75.9420371617819
2023-03-28 15:00:00,-1.0,1021.7,74.27525388002506
2023-03-28 16:00:00,-1.5,1021.5,73.06423210607846
2023-03-28 17:00:00,-1.9,1020.9,68.12572963067328
2023-03-28 18:00:00,-3.4,1020.8,67.26850091328737
2023-03-28 19:00:00,-3.7,1020.5,64.62067937532954
2023-03-28 20:00:00,-4.5,1020.3,65.9724940356695
2023-03-28 21:00:00,-3.9,1020.1,63.564821568346574
2023-03-28 22:00:00,-4.7,1019.9,61.877626602821266
2023-03-28 23:00:00,-4.7,1019.3,62.371232122033305
2023-03-29 00:00:00,-3.5,1018.8,69.91470622364537
2023-03-29 01:00:00,-2.5,1018.1,76.87836838045116
2023-03-29 02:00:00,-2.7,1017.5,81.66864756487313
2023-03-29 03:00:00,-3.2,1017.2,77.9447965014694
2023-03-29 04:00:00,-3.0,1016.6,75.62561486208871
2023-03-29 05:00:00,-3.4,1016.1,79.72309770374653
2023-03-29 06:00:00,-3.9,1016.0,65.5952094399641
2023-03-29 07:00:00,-3.7,1015.8,76.67391512895803
2023-03-29 08:00:00,-2.5,1015.5,78.05853629790164
2023-03-29 09:00:00,-1.5,1015.4,71.41421011444825
2023-03-29 10:00:00,-0.5,1015.2,75.49425402144169
2023-03-29 11:00:00,-0.2,1015.1,71.13516643460586
2023-03-29 12:00:00,1.0,1014.9,69.79149744510308
2023-03-29 13:00:00,0.7,1014.7,74.0314594723858
2023-03-29 14:00:00,1.2,1014.3,68.7955321984981
2023-03-29 15:00:00,1.5,1014.0,65.83315039370403
2023-03-29 16:00:00,-0.4,1013.8,74.38535640764414
2023-03-29 17:00:00,-0.5,1013.6,75.49425402144169
2023-03-29 18:00:00,-1.0,1013.6,71.51445266494767
2023-03-29 19:00:00,-1.2,1013.6,72.01977536170835
2023-03-29 20:00:00,-2.0,1013.7,74.65702941357559
2023-03-29 21:00:00,-2.5,1013.9,75.71409532047252
2023-03-29 22:00:00,-2.5,1014.0,75.71409532047252
2023-03-29 23:00:00,-2.5,1014.2,76.29425666890424
2023-03-30 00:00:00,-2.0,1014.2,80.54025751338591
2023-03-30 01:00:00,-1.5,1014.3,84.32472345939549
2023-03-30 02:00:00,-2.7,1014.3,86.10872369676508
2023-03-30 03:00:00,-2.5,1014.3,88.09504211617218
2023-03-30 04:00:00,-2.0,1014.2,79.33168958072388
2023-03-30 05:00:00,-1.4,1014.2,78.8275263389102
2023-03-30 06:00:00,-0.9,1014.3,77.72927509802383
2023-03-30 07:00:00,-0.5,1014.5,77.2135284004377
2023-03-30 08:00:00,-0.4,1014.8,80.77108179603061
2023-03-30 09:00:00,0.1,1015.1,78.4737759554241
2023-03-30 10:00:00,0.1,1015.3,82.05035854735597
2023-03-30 11:00:00,0.5,1015.4,76.23558846346211
2023-03-30 12:00:00,0.5,1015.6,81.49959969128778
2023-03-30 13:00:00,0.7,1015.7,77.98776659160026
2023-03-30 17:00:00,0.2,1016.0,88.99352461852784
2023-03-30 18:00:00,0.2,1016.2,85.15192707145415
2023-03-30 19:00:00,0.5,1016.5,80.89919836445814
2023-03-30 20:00:00,0.2,1016.8,80.25898719247036
2023-03-30 21:00:00,0.0,1016.8,83.88014510869826
2023-03-30 22:00:00,0.2,1016.9,81.45821892687046
2023-03-30 23:00:00,0.2,1016.9,77.329209203291
2023-03-31 00:00:00,0.2,1017.2,77.329209203291
2023-03-31 01:00:00,0.2,1017.2,77.329209203291
2023-03-31 02:00:00,-0.5,1017.2,73.25483047655787
2023-03-31 03:00:00,0.2,1017.0,79.66527029573372
2023-03-31 04:00:00,-0.4,1017.0,78.9829699479243
2023-03-31 05:00:00,-0.2,1016.9,80.79965843396265
2023-03-31 06:00:00,0.2,1017.1,82.06377875824955
2023-03-31 07:00:00,-0.4,1017.4,86.9939451377467
2023-03-31 08:00:00,0.2,1017.6,82.673331406227
2023-03-31 10:00:00,1.0,1018.1,84.00141995763781
2023-03-31 11:00:00,1.0,1018.3,83.38717315110453
2023-03-31 12:00:00,1.7,1018.6,81.06812340848101
2023-03-31 13:00:00,1.7,1019.0,82.86681859294383
2023-03-31 14:00:00,1.0,1019.0,86.4987425359005
2023-03-31 15:00:00,1.2,1019.0,82.80267085486803
2023-03-31 16:00:00,1.5,1019.2,81.6365807489076
2023-03-31 17:00:00,1.0,1019.3,82.77691467907673
2023-03-31 18:00:00,0.7,1019.4,83.9651766172887
2023-03-31 19:00:00,0.5,1019.6,85.18578601401433
2023-03-31 20:00:00,0.5,1019.8,83.94094829973909
2023-03-31 21:00:00,0.5,1020.1,85.18578601401433
2023-03-31 22:00:00,0.5,1020.2,89.01916297421701
2023-03-31 23:00:00,0.2,1020.4,92.98810567223708
2023-04-01 00:00:00,0.2,1020.6,93.66910828389888
2023-04-01 01:00:00,0.5,1020.6,91.65901074491217
2023-04-01 02:00:00,0.5,1020.7,92.3297238875498
2023-04-01 03:00:00,0.5,1020.6,91.65901074491217
2023-04-01 04:00:00,0.5,1020.7,91.65901074491217
2023-04-01 05:00:00,0.5,1020.9,92.3297238875498
2023-04-01 06:00:00,0.5,1021.0,93.00478580831098
2023-04-01 07:00:00,0.2,1021.2,94.35453027868783
2023-04-01 08:00:00,0.5,1021.4,93.00478580831098
2023-04-01 09:00:00,0.6,1021.5,93.01033280052245
2023-04-01 10:00:00,0.6,1021.6,93.01033280052245
2023-04-01 11:00:00,0.7,1021.9,93.01587328294224
2023-04-01 12:00:00,1.1,1021.9,90.3757714901858
2023-04-01 13:00:00,1.2,1022.0,90.3832807788543
2023-04-01 14:00:00,1.2,1022.0,91.04192875320088
2023-04-01 15:00:00,1.2,1021.8,88.43261245338114
2023-04-01 16:00:00,1.2,1021.5,88.43261245338114
2023-04-01 17:00:00,1.2,1021.2,87.79073699824328
2023-04-01 18:00:00,1.5,1021.1,87.182502190398
2023-04-01 19:00:00,1.2,1020.9,88.43261245338114
2023-04-01 20:00:00,1.2,1020.6,89.0786460466193
2023-04-01 21:00:00,1.5,1020.2,86.55022018278777
2023-04-01 22:00:00,1.5,1019.7,87.81887658615398
2023-04-01 23:00:00,1.6,1019.3,85.30898021690862
2023-04-02 00:00:00,1.6,1018.6,85.93271049160914
2023-04-02 01:00:00,1.6,1017.9,87.1923154145493
2023-04-02 02:00:00,1.5,1017.2,89.10399411313492
2023-04-02 03:00:00,1.2,1016.4,91.7048285371109
2023-04-02 04:00:00,1.5,1015.3,90.40575696580589
2023-04-02 05:00:00,1.5,1014.3,90.40575696580589
2023-04-02 06:00:00,1.1,1013.7,93.7142859670883
2023-04-02 07:00:00,1.1,1013.4,94.39495599226298
2023-04-02 08:00:00,1.0,1013.1,94.39048550746949
2023-04-02 09:00:00,1.2,1013.0,96.46618138062811
2023-04-02 10:00:00,0.6,1013.0,95.7524277725059
2023-04-02 11:00:00,0.2,1012.8,97.14090910418261
2023-04-02 12:00:00,0.0,1013.0,97.1362658516625
2023-04-02 13:00:00,-0.2,1013.1,97.84178189963477
2023-04-02 14:00:00,0.0,1012.7,96.43179521086441
2023-04-02 15:00:00,-0.2,1012.5,97.13161133533717
2023-04-02 16:00:00,-0.4,1012.0,97.83825911203111
2023-04-02 17:00:00,0.0,1011.4,97.1362658516625
2023-04-02 18:00:00,0.6,1011.0,97.15016196218008
2023-04-02 19:00:00,0.7,1011.1,95.75584157843477
2023-04-02 20:00:00,0.0,1011.2,93.65900343482977
2023-04-02 21:00:00,-1.0,1011.7,82.51626377978262
2023-04-02 22:00:00,-2.5,1012.2,83.571074082505
2023-04-02 23:00:00,-5.2,1012.8,92.67751061703403
2023-04-03 00:00:00,-5.0,1013.7,92.68937407739088
2023-04-03 01:00:00,-4.7,1014.3,92.00451273153134
2023-04-03 02:00:00,-5.0,1015.0,91.28565358412362
2023-04-03 03:00:00,-5.7,1015.7,91.23637375566311
2023-04-03 04:00:00,-6.2,1016.4,92.61776393443753
2023-04-03 05:00:00,-6.4,1017.9,93.32259410076864
2023-04-03 06:00:00,-6.5,1018.8,89.77881844927069
2023-04-03 07:00:00,-6.5,1019.0,89.0856631810848
2023-04-03 08:00:00,-6.9,1020.2,90.44598947896911
2023-04-03 09:00:00,-7.0,1021.0,89.73765163079615
2023-04-03 10:00:00,-7.5,1021.9,88.99781675888056
2023-04-03 11:00:00,-7.5,1022.3,86.25231074090827
2023-04-03 12:00:00,-7.7,1022.9,86.23053475537124
2023-04-03 13:00:00,-7.7,1023.8,83.5569078796351
2023-04-03 14:00:00,-7.5,1024.3,84.90806486898929
2023-04-03 15:00:00,-7.5,1024.7,82.92668483407594
2023-04-03 16:00:00,-7.7,1025.0,81.6004333150502
2023-04-03 17:00:00,-7.5,1024.6,82.27544192579995
2023-04-03 18:00:00,-7.7,1024.8,81.6004333150502
2023-04-03 19:00:00,-7.5,1025.3,81.62876080870915
2023-04-03 20:00:00,-7.5,1024.4,82.27544192579995
2023-04-03 21:00:00,-7.2,1024.7,82.31648185176081
2023-04-03 22:00:00,-7.0,1024.4,82.3437657669034
2023-04-03 23:00:00,-6.5,1023.9,83.05844909435022
2023-04-04 00:00:00,-6.5,1024.0,82.41171067955368
2023-04-04 01:00:00,-6.2,1023.5,82.45229685033482
2023-04-04 02:00:00,-5.9,1022.7,82.49274813757394
2023-04-04 03:00:00,-5.9,1021.6,89.13787776707652
2023-04-04 04:00:00,-5.5,1020.5,91.25049556409508
2023-04-04 05:00:00,-4.9,1018.8,92.69529514624097
2023-04-04 06:00:00,-4.0,1017.8,91.35534726018618
2023-04-04 07:00:00,-3.2,1016.5,92.1003833844289
2023-04-04 08:00:00,-2.2,1015.4,91.47874000253651
2023-04-04 09:00:00,-1.5,1013.9,92.20699710191815
2023-04-04 10:00:00,-0.7,1012.7,92.25643373622192
2023-04-04 11:00:00,0.2,1011.5,88.99352461852784
2023-04-04 12:00:00,0.7,1010.8,91.67213959102538
2023-04-04 13:00:00,1.5,1009.5,90.40575696580589
2023-04-04 14:00:00,1.5,1008.7,93.73421163579397
2023-04-04 15:00:00,1.5,1007.7,95.78300558263491
2023-04-04 16:00:00,1.5,1007.3,95.09570843600031
2023-04-04 17:00:00,1.5,1006.9,95.78300558263491
2023-04-04 18:00:00,1.5,1006.7,95.78300558263491
2023-04-04 19:00:00,1.1,1006.3,96.46333477402813
2023-04-04 20:00:00,1.0,1006.0,97.1593701966396
2023-04-04 21:00:00,1.1,1005.8,97.16166531627822
2023-04-04 22:00:00,1.2,1005.7,97.16395766920245
2023-04-04 23:00:00,1.1,1005.2,97.86447230257932
2023-04-05 00:00:00,1.0,1005.0,97.86273957354368
2023-04-05 01:00:00,1.2,1004.6,98.57294185815628
2023-04-05 02:00:00,1.2,1004.1,98.57294185815628
2023-04-05 03:00:00,1.0,1003.6,97.86273957354368
2023-04-05 04:00:00,0.7,1003.1,98.5671208145866
2023-04-05 05:00:00,1.0,1002.7,97.1593701966396
2023-04-05 06:00:00,1.5,1002.3,97.87138226682413
2023-04-05 07:00:00,1.5,1002.0,97.17081817187089
2023-04-05 08:00:00,1.5,1001.4,97.17081817187089
2023-04-05 09:00:00,1.7,1000.9,98.57872758733629
2023-04-05 10:00:00,1.5,1000.3,97.87138226682413
2023-04-05 11:00:00,1.2,999.8,97.86620293305378
2023-04-05 12:00:00,1.2,999.3,97.86620293305378
2023-04-05 13:00:00,1.2,998.7,98.57294185815628
2023-04-05 14:00:00,1.6,998.0,97.17309950207581
2023-04-05 15:00:00,1.7,997.5,97.87482472488949
2023-04-05 16:00:00,1.6,997.1,97.17309950207581
2023-04-05 17:00:00,1.5,996.6,96.47470073765042
2023-04-05 18:00:00,1.1,997.0,97.16166531627822
2023-04-05 19:00:00,1.0,997.1,96.46048474791905
2023-04-05 20:00:00,0.5,997.1,96.44618313383081
2023-04-05 21:00:00,0.6,997.3,97.85578760405656
2023-04-05 22:00:00,1.1,997.1,97.16166531627822
2023-04-05 23:00:00,0.7,997.0,97.85752876122031
2023-04-06 00:00:00,1.2,996.9,97.16395766920245
2023-04-06 01:00:00,0.6,996.7,97.15016196218008
2023-04-06 02:00:00,0.7,996.6,98.5671208145866
2023-04-06 03:00:00,0.5,996.5,97.1478529423213
2023-04-06 04:00:00,0.5,996.5,97.1478529423213
2023-04-06 05:00:00,0.5,996.8,96.44618313383081
2023-04-06 06:00:00,0.1,997.4,96.43467973325302
2023-04-06 07:00:00,-1.2,998.1,92.90948112038907
2023-04-06 08:00:00,-2.0,999.2,92.86396555773935
2023-04-06 09:00:00,-3.0,1000.4,92.80646046802748
2023-04-06 10:00:00,-3.4,1002.5,90.7104505709334
2023-04-06 11:00:00,-3.7,1003.9,87.98245905084534
2023-04-06 12:00:00,-4.2,1004.7,90.65096148841283
2023-04-06 13:00:00,-4.2,1006.6,87.9350891001398
2023-04-06 14:00:00,-4.4,1007.7,87.24752798529717
2023-04-06 15:00:00,-4.4,1008.1,87.91606458035302
2023-04-06 16:00:00,-4.5,1008.4,87.90653585369903
2023-04-06 17:00:00,-4.5,1009.5,86.57301518362914
2023-04-06 18:00:00,-4.5,1010.3,87.23750914770348
2023-04-06 19:00:00,-4.4,1010.8,87.91606458035302
2023-04-06 20:00:00,-4.2,1011.0,89.28384345406141
2023-04-06 21:00:00,-4.0,1011.4,89.30082630126421
2023-04-06 22:00:00,-3.7,1011.5,90.68820768443446
2023-04-06 23:00:00,-3.5,1011.6,93.47822753237251
2023-04-07 00:00:00,-3.4,1011.7,93.48349799257169
2023-04-07 01:00:00,-3.0,1011.8,92.80646046802748
2023-04-07 02:00:00,-2.7,1011.7,92.82378379271776
2023-04-07 03:00:00,-2.4,1011.7,92.84104544844041
2023-04-07 04:00:00,-2.5,1011.8,91.45835575380151
2023-04-07 05:00:00,-2.5,1012.0,92.14454262855458
2023-04-07 06:00:00,-2.5,1012.5,92.14454262855458
2023-04-07 07:00:00,-2.0,1012.9,89.4685023658283
2023-04-07 08:00:00,-2.2,1013.7,88.78521907566022
2023-04-07 09:00:00,-2.4,1014.5,91.46515849100334
2023-04-07 10:00:00,-2.4,1014.9,91.46515849100334
2023-04-07 11:00:00,-2.4,1015.6,90.10741248867824
2023-04-07 12:00:00,-2.5,1016.3,90.09958400651871
2023-04-07 13:00:00,-2.5,1017.1,87.43572274269725
2023-04-07 14:00:00,-2.7,1017.8,90.76204721835059
2023-04-07 15:00:00,-2.9,1018.7,90.06817876959632
2023-04-07 16:00:00,-2.9,1019.7,88.05768661573394
2023-04-07 17:00:00,-3.0,1020.0,85.42785040920785
2023-04-07 18:00:00,-3.2,1021.1,83.48299804567297
2023-04-07 19:00:00,-3.2,1021.9,83.48299804567297
2023-04-07 20:00:00,-3.2,1023.0,83.48299804567297
2023-04-07 21:00:00,-3.5,1023.3,84.72492775002922
2023-04-07 22:00:00,-3.4,1023.7,84.73670134076748
2023-04-07 23:00:00,-3.2,1024.2,87.36686294321517
2023-04-08 00:00:00,-2.9,1024.7,92.11935357923706
2023-04-08 01:00:00,-2.4,1024.7,87.4455150524599
2023-04-08 02:00:00,-2.0,1025.0,83.63357021133505
2023-04-08 03:00:00,-1.7,1025.3,84.9348534060726
2023-04-08 04:00:00,-1.5,1025.4,86.88292413351203
2023-04-08 05:00:00,-1.4,1025.4,88.85529207472645
2023-04-08 06:00:00,-1.0,1025.6,91.5595632420443
2023-04-08 07:00:00,-0.2,1025.9,92.28709657580984
2023-04-08 08:00:00,0.2,1025.9,90.9713682071004
2023-04-08 09:00:00,0.7,1025.4,91.67213959102538
2023-04-08 10:00:00,1.0,1025.1,96.46048474791905
2023-04-08 11:00:00,1.0,1025.0,96.46048474791905
2023-04-08 12:00:00,1.0,1025.2,96.46048474791905
2023-04-08 13:00:00,1.0,1025.4,97.1593701966396
2023-04-08 14:00:00,0.7,1025.0,97.85752876122031
2023-04-08 15:00:00,1.1,1025.0,97.86447230257932
2023-04-08 16:00:00,1.0,1024.8,97.86273957354368
2023-04-08 17:00:00,1.0,1024.4,97.86273957354368
2023-04-08 18:00:00,1.2,1023.9,98.57294185815628
2023-04-08 19:00:00,1.1,1023.6,98.57178048374432
2023-04-08 20:00:00,1.2,1023.4,97.86620293305378
2023-04-08 21:00:00,1.2,1023.0,96.46618138062811
2023-04-08 22:00:00,1.5,1022.8,94.41278513724247
2023-04-08 23:00:00,1.5,1022.6,93.73421163579397
2023-04-09 00:00:00,1.2,1022.4,95.77284949368438
2023-04-09 01:00:00,1.2,1021.8,95.08393754666196
2023-04-09 02:00:00,1.2,1021.4,94.3994211893991
2023-04-09 03:00:00,1.2,1021.1,95.77284949368438
2023-04-09 04:00:00,1.5,1020.5,94.41278513724247
2023-04-09 05:00:00,1.5,1020.4,97.17081817187089
2023-04-09 06:00:00,1.7,1020.5,96.48036331077311
2023-04-09 07:00:00,2.0,1020.7,95.11523367172789
2023-04-09 08:00:00,1.7,1021.1,95.78975614003447
2023-04-09 09:00:00,1.7,1021.2,96.48036331077311
2023-04-09 10:00:00,1.7,1021.0,96.48036331077311
2023-04-09 11:00:00,2.0,1021.2,96.4888317808188
2023-04-09 12:00:00,1.7,1021.2,96.48036331077311
2023-04-09 13:00:00,1.7,1021.4,97.1753780875917
2023-04-09 14:00:00,1.5,1021.6,97.17081817187089
2023-04-09 15:00:00,1.5,1021.8,96.47470073765042
2023-04-09 16:00:00,1.1,1022.0,97.86447230257932
2023-04-09 17:00:00,1.1,1021.9,98.57178048374432
2023-04-09 18:00:00,1.1,1021.8,97.86447230257932
2023-04-09 19:00:00,1.2,1021.8,98.57294185815628
2023-04-09 20:00:00,1.2,1021.7,97.16395766920245
2023-04-09 21:00:00,1.2,1021.9,96.46618138062811
2023-04-09 22:00:00,1.1,1021.8,95.08000458175758
2023-04-09 23:00:00,0.7,1021.5,95.75584157843477
2023-04-10 00:00:00,1.1,1021.3,93.7142859670883
2023-04-10 01:00:00,1.1,1021.2,95.08000458175758
2023-04-10 02:00:00,1.1,1020.6,95.76945603776025
2023-04-10 03:00:00,1.0,1020.5,93.03245577175895
2023-04-10 04:00:00,1.0,1020.2,90.36825356678611
2023-04-10 05:00:00,0.7,1020.1,93.01587328294224
2023-04-10 06:00:00,1.0,1019.5,90.36825356678611
2023-04-10 07:00:00,1.0,1019.5,90.36825356678611
2023-04-10 08:00:00,1.0,1019.5,91.6917757298076
2023-04-10 09:00:00,1.2,1019.2,91.04192875320088
2023-04-10 10:00:00,1.2,1018.7,90.3832807788543
2023-04-10 11:00:00,1.6,1018.2,87.1923154145493
2023-04-10 12:00:00,1.7,1017.9,85.94340133809594
2023-04-10 13:00:00,2.1,1017.4,84.13330194646427
2023-04-10 14:00:00,2.0,1017.0,85.35340908218896
2023-04-10 15:00:00,2.2,1016.5,85.99667851918491
2023-04-10 16:00:00,2.5,1016.0,85.40867099332952
2023-04-10 17:00:00,2.2,1015.3,89.16280483488964
2023-04-10 18:00:00,2.0,1015.0,92.41990313124087
2023-04-10 19:00:00,2.0,1014.6,93.75898728590181
2023-04-10 20:00:00,1.7,1014.4,96.48036331077311
2023-04-10 21:00:00,1.7,1014.3,95.10353243086632
2023-04-10 22:00:00,2.0,1014.0,91.75673814359024
2023-04-10 23:00:00,2.2,1013.5,92.43180846252054
2023-04-11 00:00:00,2.2,1013.3,89.16280483488964
2023-04-11 01:00:00,2.2,1013.1,87.25096492104907
2023-04-11 02:00:00,2.2,1012.7,85.99667851918491
2023-04-11 03:00:00,2.0,1012.4,86.60141209181765
2023-04-11 04:00:00,2.1,1012.2,87.87487181321256
2023-04-11 05:00:00,2.2,1011.9,88.52144017042036
2023-04-11 06:00:00,2.5,1011.6,89.83193535957619
2023-04-11 07:00:00,2.7,1011.7,88.56547955804818
2023-04-11 08:00:00,3.1,1011.8,86.0918390971986
2023-04-11 09:00:00,3.2,1011.9,88.60927172461798
2023-04-11 10:00:00,3.5,1011.8,87.3767001132672
2023-04-11 11:00:00,3.5,1011.9,88.00407132506595
2023-04-11 12:00:00,3.2,1011.8,88.60927172461798
2023-04-11 13:00:00,3.5,1011.8,84.29888531558268
2023-04-11 14:00:00,2.6,1011.5,82.9814171583911
2023-04-11 15:00:00,2.5,1011.4,83.57285553231281
2023-04-11 16:00:00,2.5,1011.2,82.96873872890268
2023-04-11 20:00:00,1.7,1010.3,87.83758362622342
2023-04-11 21:00:00,2.0,1010.3,85.97540298981342
2023-04-11 22:00:00,2.0,1009.9,87.23145875891231
2023-04-11 23:00:00,2.5,1009.1,79.424659580253
2023-04-12 00:00:00,2.6,1008.9,80.02047025725281
2023-04-12 01:00:00,3.0,1008.6,80.66188068286847
2023-04-12 02:00:00,3.0,1008.1,81.8393324828555
2023-04-12 03:00:00,3.1,1007.5,82.4467610148126
2023-04-12 04:00:00,3.2,1006.8,83.65848132503892
2023-04-12 05:00:00,3.5,1006.3,84.90664774269553
2023-04-12 06:00:00,3.5,1006.1,86.13383056017504
2023-04-12 07:00:00,3.7,1006.0,87.39588302248758
2023-04-12 08:00:00,4.0,1005.9,86.8033629535462
2023-04-12 09:00:00,4.2,1005.9,87.4436542957111
2023-04-12 10:00:00,4.5,1006.1,86.85315647495074
2023-04-12 11:00:00,4.0,1006.5,88.67882945718449
2023-04-12 12:00:00,3.7,1006.7,91.21481297706822
2023-04-12 13:00:00,3.7,1007.3,90.56824416103413
2023-04-12 14:00:00,3.5,1007.7,91.20116409900645
2023-04-12 15:00:00,3.5,1008.3,91.85278421733881
2023-04-12 16:00:00,3.5,1008.8,91.85278421733881
2023-04-12 17:00:00,3.1,1009.4,93.81298492396853
2023-04-12 18:00:00,3.0,1010.0,93.80810473397261
2023-04-12 19:00:00,2.7,1010.7,95.8232688028567
2023-04-12 20:00:00,2.6,1011.3,94.46138333420541
2023-04-12 21:00:00,2.7,1011.8,95.14237540553022
2023-04-12 22:00:00,2.7,1012.5,94.46577019715377
2023-04-12 23:00:00,3.2,1012.8,95.16162529501135
2023-04-13 00:00:00,3.5,1013.1,94.50068009653909
2023-04-13 01:00:00,2.5,1013.7,95.13464355162179
2023-04-13 02:00:00,2.1,1014.5,95.80320907877476
2023-04-13 03:00:00,1.7,1014.8,96.48036331077311
2023-04-13 04:00:00,2.2,1015.1,96.49446056360664
2023-04-13 05:00:00,1.7,1015.4,97.1753780875917
2023-04-13 06:00:00,2.2,1015.7,97.1867299977931
2023-04-13 07:00:00,2.0,1016.1,96.4888317808188
2023-04-13 08:00:00,2.1,1017.0,95.80320907877476
2023-04-13 09:00:00,0.6,1017.4,95.7524277725059
2023-04-13 10:00:00,0.2,1018.0,96.43756078120795
2023-04-13 11:00:00,0.6,1018.0,96.44905033935652
2023-04-13 12:00:00,1.1,1017.9,96.46333477402813
2023-04-13 13:00:00,2.1,1017.8,96.49164785504183
2023-04-13 14:00:00,2.7,1017.6,96.50847380763614
2023-04-13 15:00:00,2.7,1017.5,96.50847380763614
2023-04-13 16:00:00,2.2,1016.9,97.1867299977931
2023-04-13 17:00:00,2.1,1016.7,96.49164785504183
2023-04-13 18:00:00,2.0,1016.6,96.4888317808188
2023-04-13 19:00:00,3.5,1016.6,95.84979378804988
2023-04-13 20:00:00,4.0,1016.4,93.19512193933073
2023-04-13 21:00:00,3.5,1016.4,93.83244875226153
2023-04-13 22:00:00,3.5,1016.2,95.17312082977196
2023-04-13 23:00:00,2.7,1016.1,95.14237540553022
2023-04-14 00:00:00,2.2,1016.0,96.49446056360664
2023-04-14 01:00:00,2.7,1015.6,95.8232688028567
2023-04-14 02:00:00,3.2,1015.5,95.8398763884676
2023-04-14 03:00:00,3.0,1015.5,95.15393897430994
2023-04-14 04:00:00,3.0,1015.3,94.47889987231041
2023-04-14 05:00:00,3.0,1015.0,93.80810473397261
2023-04-14 06:00:00,3.0,1014.8,94.47889987231041
2023-04-14 07:00:00,3.1,1014.7,94.48326615273558
2023-04-14 08:00:00,3.0,1014.7,94.47889987231041
2023-04-14 09:00:00,2.7,1014.4,94.46577019715377
2023-04-14 10:00:00,3.0,1014.4,93.80810473397261
2023-04-14 11:00:00,3.2,1014.4,93.81785941203167
2023-04-14 12:00:00,3.5,1014.4,93.16840406265926
2023-04-14 13:00:00,3.6,1014.1,92.5143768497648
2023-04-14 14:00:00,3.5,1014.0,91.20116409900645
2023-04-14 15:00:00,2.7,1013.6,93.79342986441821
2023-04-14 16:00:00,2.6,1013.4,93.78852677863733
2023-04-14 17:00:00,2.5,1013.2,93.78361794681284
2023-04-14 18:00:00,2.2,1013.0,94.4437841458576
2023-04-14 19:00:00,2.2,1013.0,94.4437841458576
2023-04-14 20:00:00,2.0,1013.1,95.11523367172789
2023-04-14 21:00:00,2.0,1013.4,94.43495339699804
2023-04-14 22:00:00,2.6,1013.5,95.13851176413263
2023-04-14 23:00:00,2.6,1013.5,95.13851176413263
2023-04-15 00:00:00,2.7,1013.9,95.14237540553022
2023-04-15 01:00:00,3.0,1014.1,94.47889987231041
2023-04-15 02:00:00,2.6,1014.2,95.81993544217441
2023-04-15 03:00:00,2.7,1013.9,96.50847380763614
2023-04-15 04:00:00,2.5,1013.8,95.81659811915002
2023-04-15 05:00:00,2.5,1014.1,95.81659811915002
2023-04-15 06:00:00,1.6,1014.1,97.17309950207581
2023-04-15 07:00:00,1.6,1014.5,97.87310453673413
2023-04-15 08:00:00,2.0,1014.6,97.18219741975065
2023-04-15 09:00:00,2.5,1014.6,97.88851168650504
2023-04-15 10:00:00,2.5,1014.8,97.88851168650504
2023-04-15 11:00:00,2.5,1014.8,97.88851168650504
2023-04-15 12:00:00,2.2,1014.8,97.88339455605323
2023-04-15 13:00:00,2.5,1014.8,97.1935084865612
2023-04-15 14:00:00,2.2,1014.8,97.1867299977931
2023-04-15 15:00:00,2.2,1014.3,97.88339455605323
2023-04-15 16:00:00,2.2,1014.0,98.58447828650894
2023-04-15 17:00:00,2.1,1013.8,97.18446507021248
2023-04-15 18:00:00,2.1,1013.4,97.88168472668718
2023-04-15 19:00:00,2.1,1013.1,97.88168472668718
2023-04-15 20:00:00,2.0,1013.0,97.87997283220567
2023-04-15 21:00:00,2.2,1013.0,97.88339455605323
2023-04-15 22:00:00,1.2,1013.0,97.86620293305378
2023-04-15 23:00:00,2.2,1012.8,94.4437841458576
2023-04-16 00:00:00,1.7,1012.9,93.74413936637231
2023-04-16 01:00:00,1.5,1012.9,95.09570843600031
2023-04-16 02:00:00,1.5,1012.9,95.78300558263491
2023-04-16 03:00:00,1.5,1012.9,95.78300558263491
2023-04-16 04:00:00,1.5,1013.2,95.78300558263491
2023-04-16 05:00:00,1.1,1013.4,97.16166531627822
2023-04-16 06:00:00,1.1,1013.7,97.16166531627822
2023-04-16 07:00:00,1.5,1014.1,97.17081817187089
2023-04-16 08:00:00,1.7,1014.8,97.87482472488949
2023-04-16 09:00:00,2.0,1015.5,95.79985185029075
2023-04-16 10:00:00,2.6,1016.0,95.81993544217441
2023-04-16 11:00:00,3.2,1016.7,92.49092235705642
2023-04-16 12:00:00,2.7,1017.4,93.79342986441821
2023-04-16 13:00:00,2.6,1018.0,93.11991882889156
2023-04-16 14:00:00,2.5,1018.7,93.78361794681284
2023-04-16 15:00:00,1.7,1018.9,95.78975614003447
2023-04-16 16:00:00,2.2,1019.0,94.4437841458576
2023-04-16 17:00:00,2.0,1019.9,93.75898728590181
2023-04-16 18:00:00,0.7,1020.5,95.06422585058047
2023-04-16 19:00:00,0.7,1020.8,94.37704224444765
2023-04-16 20:00:00,1.0,1021.2,93.70928987035867
2023-04-16 21:00:00,0.7,1021.5,95.75584157843477
2023-04-16 22:00:00,1.0,1022.1,94.39048550746949
2023-04-16 23:00:00,0.7,1022.6,95.75584157843477
2023-04-17 00:00:00,0.6,1022.9,94.37255052624755
2023-04-17 01:00:00,0.2,1022.9,95.04439642103681
2023-04-17 02:00:00,0.5,1023.1,93.68422085265917
2023-04-17 03:00:00,0.6,1023.3,94.37255052624755
2023-04-17 04:00:00,0.7,1023.1,96.45191409804669
2023-04-17 05:00:00,1.5,1023.1,96.47470073765042
2023-04-17 06:00:00,1.1,1023.5,97.16166531627822
2023-04-17 07:00:00,1.5,1023.5,97.17081817187089
2023-04-17 08:00:00,1.7,1023.5,97.1753780875917
2023-04-17 09:00:00,2.0,1023.7,97.18219741975065
2023-04-17 10:00:00,2.2,1023.3,97.88339455605323
2023-04-17 11:00:00,2.5,1023.4,97.1935084865612
2023-04-17 12:00:00,2.5,1023.2,97.1935084865612
2023-04-17 13:00:00,2.7,1022.3,97.89191284169895
2023-04-17 14:00:00,2.5,1021.5,97.1935084865612
2023-04-17 15:00:00,2.6,1021.0,97.89021328842276
2023-04-17 16:00:00,2.7,1020.6,97.89191284169895
2023-04-17 17:00:00,3.0,1019.5,97.20475191319618
2023-04-17 18:00:00,2.5,1018.5,97.1935084865612
2023-04-17 19:00:00,2.5,1018.1,97.88851168650504
2023-04-17 20:00:00,2.1,1017.3,97.88168472668718
2023-04-17 21:00:00,2.0,1016.7,97.18219741975065
2023-04-17 22:00:00,2.7,1015.7,97.89191284169895
2023-04-17 23:00:00,3.2,1015.4,97.20923046474576
2023-04-18 00:00:00,3.2,1015.5,97.90037999285835
2023-04-18 01:00:00,2.6,1015.8,97.89021328842276
2023-04-18 02:00:00,2.0,1016.4,97.18219741975065
2023-04-18 03:00:00,1.5,1017.3,97.17081817187089
2023-04-18 04:00:00,0.7,1018.3,97.85752876122031
2023-04-18 05:00:00,0.7,1019.4,97.85752876122031
2023-04-18 06:00:00,0.5,1020.3,94.3680534789215
2023-04-18 07:00:00,1.7,1021.5,78.7237698970863
2023-04-18 08:00:00,3.2,1022.4,57.89769075563368
2023-04-18 09:00:00,0.7,1023.3,86.46771793696921
2023-04-18 10:00:00,0.7,1024.2,85.20829634902996
2023-04-18 11:00:00,0.5,1024.9,84.56133451115642
2023-04-18 12:00:00,0.7,1025.5,86.46771793696921
2023-04-18 13:00:00,1.0,1026.2,84.00141995763781
2023-04-18 14:00:00,0.7,1026.5,84.58471021738568
2023-04-18 15:00:00,1.1,1026.7,84.63130785088126
2023-04-18 16:00:00,1.2,1027.5,86.5193680147029
2023-04-18 17:00:00,1.6,1027.4,87.1923154145493
2023-04-18 18:00:00,1.5,1027.5,90.40575696580589
2023-04-18 19:00:00,0.1,1028.0,95.0404163253797
2023-04-18 20:00:00,-0.2,1028.7,95.72496956200844
2023-04-18 22:00:00,-0.2,1029.0,95.72496956200844
2023-04-18 23:00:00,0.5,1029.2,97.1478529423213
2023-04-19 00:00:00,0.1,1029.1,97.13858888363674
2023-04-19 01:00:00,-0.7,1029.0,96.41150580219748
2023-04-19 02:00:00,-0.9,1028.9,97.11523130071518
2023-04-19 03:00:00,0.0,1028.7,97.1362658516625
2023-04-19 04:00:00,0.6,1028.3,97.15016196218008
2023-04-19 05:00:00,0.6,1028.1,97.15016196218008
2023-04-19 06:00:00,0.7,1027.7,96.45191409804669
2023-04-19 07:00:00,1.0,1027.8,97.1593701966396
2023-04-19 08:00:00,1.2,1027.7,96.46618138062811
2023-04-19 09:00:00,1.5,1027.3,95.78300558263491
2023-04-19 10:00:00,1.6,1027.1,95.78638287394953
2023-04-19 11:00:00,1.7,1026.9,95.78975614003447
2023-04-19 12:00:00,2.0,1026.6,95.11523367172789
2023-04-19 13:00:00,2.2,1026.9,96.49446056360664
2023-04-19 14:00:00,3.1,1026.9,95.1577844024522
2023-04-19 15:00:00,6.5,1026.9,82.88093484098613
2023-04-19 16:00:00,6.7,1026.7,87.0690219652813
2023-04-19 17:00:00,5.2,1026.5,84.49660388061497
2023-04-19 18:00:00,4.1,1026.7,86.81334365053578
2023-04-19 19:00:00,3.0,1026.7,91.16690477821598
2023-04-19 20:00:00,7.2,1026.7,81.2444450816009
2023-04-19 21:00:00,6.7,1026.6,73.52006157835513
2023-04-19 22:00:00,6.7,1026.5,69.93735059397628
2023-04-19 23:00:00,7.0,1025.9,68.02397937060675
2023-04-20 00:00:00,6.7,1025.1,68.44985625706464
2023-04-20 01:00:00,6.2,1025.1,65.44625098102236
2023-04-20 02:00:00,4.1,1024.6,75.19044015640478
2023-04-20 03:00:00,3.1,1024.4,80.67605105431662
2023-04-20 04:00:00,2.0,1023.6,85.35340908218896
2023-04-20 05:00:00,1.5,1023.6,87.182502190398
2023-04-20 06:00:00,1.0,1023.9,89.06169922834574
2023-04-20 07:00:00,2.0,1024.3,81.11001952568657
2023-04-20 08:00:00,2.0,1025.4,83.51129635809836
2023-04-20 09:00:00,2.0,1026.0,82.90514157117215
2023-04-20 10:00:00,1.2,1026.4,87.79073699824328
2023-04-20 11:00:00,0.7,1026.6,90.34564785839248
2023-04-20 12:00:00,0.5,1026.8,90.99262214739893
2023-04-20 13:00:00,-0.5,1026.8,92.2687204582999
2023-04-20 14:00:00,-1.0,1027.3,93.60811875192596
2023-04-20 15:00:00,-1.2,1026.6,91.54617148190917
2023-04-20 16:00:00,-1.2,1026.7,92.2255903628762
2023-04-20 17:00:00,-1.2,1026.4,92.2255903628762
2023-04-20 18:00:00,-1.4,1025.8,91.53274833876105
2023-04-20 19:00:00,-1.2,1025.8,91.54617148190917
2023-04-20 20:00:00,-1.0,1025.5,92.92079286395739
2023-04-20 21:00:00,-1.0,1025.2,96.40275766609606
2023-04-20 22:00:00,-1.0,1024.6,96.40275766609606
2023-04-20 23:00:00,-1.2,1024.4,94.29078017184166
2023-04-21 00:00:00,-1.4,1024.6,89.51805273161183
2023-04-21 01:00:00,-2.0,1025.1,88.14149638533925
2023-04-21 02:00:00,-2.0,1025.1,90.81322274527174
2023-04-21 03:00:00,-2.9,1025.3,89.3935292621774
2023-04-21 04:00:00,-4.0,1026.4,89.98105493191329
2023-04-21 05:00:00,-4.2,1027.1,88.60718426692473
2023-04-21 06:00:00,-4.4,1028.0,83.97219532885657
2023-04-21 07:00:00,-4.2,1029.0,77.18236105862056
2023-04-21 08:00:00,-4.2,1030.0,77.78085316006074
2023-04-21 09:00:00,-4.2,1030.8,78.38347223645246
2023-04-21 10:00:00,-4.4,1031.4,76.55346849394141
2023-04-21 11:00:00,-4.5,1032.0,74.1948696002743
2023-04-21 12:00:00,-4.5,1032.6,74.1948696002743
2023-04-21 13:00:00,-4.5,1033.1,73.61959835362703
2023-04-21 14:00:00,-4.7,1033.6,71.87738179722461
2023-04-21 15:00:00,-4.7,1033.6,72.44145046634878
2023-04-21 16:00:00,-4.7,1034.0,74.15738813984284
2023-04-21 17:00:00,-5.2,1034.3,71.77663495946281
2023-04-21 18:00:00,-5.4,1034.3,72.30255220146164
2023-04-21 19:00:00,-5.5,1034.6,72.28263025984603
2023-04-21 20:00:00,-5.5,1034.5,73.42798139143889
2023-04-21 21:00:00,-5.7,1034.8,70.5526068312668
2023-04-21 22:00:00,-5.5,1034.6,67.85876263561626
2023-04-21 23:00:00,-5.2,1034.6,67.92584225409367
2023-04-22 00:00:00,-5.0,1034.7,68.50846957095025
2023-04-22 01:00:00,-4.9,1034.8,69.61729252084533
2023-04-22 02:00:00,-4.7,1034.4,67.50381910469596
2023-04-22 03:00:00,-4.4,1034.1,67.0423928195961
2023-04-22 04:00:00,-4.2,1033.9,70.86438593088674
2023-04-22 05:00:00,-3.5,1033.7,74.38113957814573
2023-04-22 06:00:00,-3.2,1033.2,73.86582672028204
2023-04-22 07:00:00,-2.9,1032.7,64.81091846073363
2023-04-22 08:00:00,-2.5,1032.3,68.52107534967357
2023-04-22 09:00:00,-2.5,1032.0,69.58648782882413
2023-04-22 10:00:00,-2.2,1031.6,72.37370705957628
2023-04-22 11:00:00,-2.0,1031.1,74.65702941357559
2023-04-22 12:00:00,-2.5,1030.9,76.29425666890424
2023-04-22 13:00:00,-2.9,1030.5,74.49199838208467
2023-04-22 14:00:00,-3.0,1030.3,74.4735686673442
2023-04-22 15:00:00,-3.2,1030.1,72.73584679225513
2023-04-22 16:00:00,-3.5,1029.9,71.56082546268965
2023-04-22 17:00:00,-3.5,1029.7,66.20415908236731
2023-04-22 18:00:00,-3.5,1029.6,66.72326093763789
2023-04-22 19:00:00,-3.9,1029.3,65.5952094399641
2023-04-22 20:00:00,-4.2,1029.2,66.04221725679768
2023-04-22 21:00:00,-4.5,1029.3,64.93992791785602
2023-04-22 22:00:00,-4.7,1029.1,65.40728706820582
2023-04-22 23:00:00,-4.9,1029.1,65.36009161376892
2023-04-23 00:00:00,-5.0,1028.9,65.8558603826099
2023-04-23 01:00:00,-5.0,1028.6,69.05027458281673
2023-04-23 02:00:00,-5.0,1028.5,65.8558603826099
2023-04-23 03:00:00,-5.0,1028.1,61.801757313445115
2023-04-23 07:00:00,-3.9,1027.1,57.80540990285513
2023-04-23 08:00:00,-3.7,1027.0,54.28543294076579
2023-04-23 09:00:00,-3.4,1026.9,58.40024734199803
2023-04-23 10:00:00,-3.0,1026.5,57.13658813317216
2023-04-23 11:00:00,-2.7,1026.3,56.32138009911131
2023-04-23 12:00:00,-2.5,1026.1,61.460828635660924
2023-04-23 13:00:00,-2.7,1025.8,64.85826481946359
2023-04-23 14:00:00,-2.7,1025.9,67.94970316803919
2023-04-23 15:00:00,-3.2,1025.7,62.25402599119714
2023-04-23 16:00:00,-3.5,1025.3,62.17913729870921
2023-04-23 17:00:00,-4.0,1025.2,60.598435751418855
2023-04-23 18:00:00,-4.7,1025.3,64.89230859814377
2023-04-23 19:00:00,-4.9,1025.2,65.87923004348211
2023-04-23 20:00:00,-5.2,1025.2,65.28913658454718
2023-04-23 21:00:00,-5.4,1025.3,73.44723035984372
2023-04-23 22:00:00,-5.4,1025.2,75.78513657040405
2023-04-23 23:00:00,-4.7,1024.8,78.91152051832341
2023-04-24 00:00:00,-4.7,1024.9,80.1416451658786
2023-04-24 01:00:00,-4.5,1024.8,78.94305988093116
2023-04-24 02:00:00,-4.5,1024.6,79.55520489896675
2023-04-24 03:00:00,-5.2,1024.6,75.23086123269056
2023-04-24 04:00:00,-5.0,1024.4,75.85627126457571
2023-04-24 05:00:00,-5.2,1024.4,78.83237695475299
2023-04-24 06:00:00,-5.2,1024.6,78.83237695475299
2023-04-24 07:00:00,-5.4,1024.8,82.55986875170564
2023-04-24 08:00:00,-5.5,1024.6,79.40084655861138
2023-04-24 09:00:00,-5.2,1024.7,75.23086123269056
2023-04-24 10:00:00,-5.2,1024.8,80.0665471116662
2023-04-24 11:00:00,-5.2,1024.8,78.83237695475299
2023-04-24 12:00:00,-4.7,1024.8,77.09783872686782
2023-04-24 13:00:00,-4.2,1024.7,83.3559861453321
2023-04-24 14:00:00,-3.7,1024.6,75.50097780535569
2023-04-24 15:00:00,-3.7,1024.5,82.78532310846343
2023-04-24 16:00:00,-3.9,1024.8,76.63959122588736
2023-04-24 17:00:00,-4.0,1024.9,87.9540698177762
2023-04-24 18:00:00,-4.0,1024.8,88.62517350551109
2023-04-24 19:00:00,-4.0,1025.0,86.62540351016045
2023-04-24 20:00:00,-3.7,1025.1,80.29063117945755
2023-04-24 21:00:00,-4.0,1025.4,88.62517350551109
2023-04-24 22:00:00,-3.9,1025.3,85.32599703777657
2023-04-24 23:00:00,-4.0,1025.3,75.44728720300557
2023-04-25 00:00:00,-3.9,1025.7,73.73364326430676
2023-04-25 01:00:00,-4.0,1025.9,77.21604629612364
2023-04-25 02:00:00,-4.2,1026.0,75.41140143435521
2023-04-25 03:00:00,-4.5,1026.0,76.53619011143674
2023-04-25 04:00:00,-4.4,1025.9,72.50068209148924
2023-04-25 05:00:00,-4.4,1025.8,73.06769519747981
2023-04-25 06:00:00,-4.4,1026.3,78.35124839487926
2023-04-25 07:00:00,-4.2,1026.5,75.41140143435521
2023-04-25 08:00:00,-4.4,1026.7,79.57054978645883
2023-04-25 09:00:00,-4.0,1026.8,76.62240249375137
2023-04-25 10:00:00,-3.7,1027.1,74.34403660599558
2023-04-25 11:00:00,-3.7,1027.5,76.08543501060235
2023-04-25 12:00:00,-3.5,1027.5,80.3202362478175
2023-04-25 13:00:00,-3.2,1027.6,73.29889896685143
2023-04-25 14:00:00,-3.2,1027.4,76.17275827917803
2023-04-25 15:00:00,-3.7,1027.4,80.29063117945755
2023-04-25 16:00:00,-3.5,1027.5,73.24135824901961
2023-04-25 17:00:00,-4.0,1027.6,76.03282420008681
2023-04-25 18:00:00,-4.0,1027.5,77.81377994051132
2023-04-25 19:00:00,-4.2,1027.7,75.41140143435521
2023-04-25 20:00:00,-4.5,1027.9,75.35743426829237
2023-04-25 21:00:00,-4.5,1028.0,72.48095789293794
2023-04-25 22:00:00,-4.5,1027.8,70.8023954781344
2023-04-25 23:00:00,-4.7,1027.8,78.30278437094675
2023-04-26 00:00:00,-4.7,1027.5,77.09783872686782
2023-04-26 01:00:00,-4.5,1027.4,77.13170078608684
2023-04-26 02:00:00,-4.4,1027.1,73.06769519747981
2023-04-26 03:00:00,-4.4,1026.9,77.1486052295466
2023-04-26 04:00:00,-4.5,1026.6,82.04624945302075
2023-04-26 05:00:00,-4.2,1026.3,82.71945159179369
2023-04-26 06:00:00,-3.9,1026.1,80.8791034071645
2023-04-26 07:00:00,-3.7,1025.9,79.6775047150663
2023-04-26 08:00:00,-3.5,1025.5,81.55744272646646
2023-04-26 09:00:00,-3.2,1025.2,77.9447965014694
2023-04-26 10:00:00,-2.5,1025.2,76.87836838045116
2023-04-26 11:00:00,-2.5,1024.9,82.31702643785411
2023-04-26 12:00:00,-2.9,1024.7,82.26334392964189
2023-04-26 13:00:00,-2.9,1024.7,79.79876174896553
2023-04-26 14:00:00,-3.2,1024.5,77.35008496682309
2023-04-26 15:00:00,-3.4,1024.4,72.13700114555644
2023-04-26 16:00:00,-4.0,1024.2,79.63176508651837
2023-04-26 17:00:00,-4.0,1023.9,74.8657674110957
2023-04-26 18:00:00,-4.0,1023.7,79.63176508651837
2023-04-26 19:00:00,-4.2,1023.6,80.83571417087909
2023-04-26 20:00:00,-4.2,1023.4,81.45934111716862
2023-04-26 21:00:00,-4.4,1023.1,82.69300112634504
2023-04-26 22:00:00,-4.0,1022.8,80.86465600088033
2023-04-26 23:00:00,-4.0,1022.9,83.38150122197516
2023-04-27 00:00:00,-3.7,1022.3,82.15527220853706
2023-04-27 01:00:00,-3.5,1021.7,84.08281940742583
2023-04-27 02:00:00,-3.2,1021.6,85.40530535131448
2023-04-27 03:00:00,-3.5,1021.2,87.3371826713468
2023-04-27 04:00:00,-3.2,1020.9,88.02955727257459
2023-04-27 05:00:00,-3.4,1020.6,91.39676945206834
2023-04-27 06:00:00,-3.0,1020.6,88.71449803194277
2023-04-27 07:00:00,-2.5,1020.2,90.09958400651871
2023-04-27 08:00:00,-1.5,1019.9,92.20699710191815
2023-04-27 09:00:00,-1.2,1019.7,89.53449342515609
2023-04-27 10:00:00,-1.2,1019.4,89.53449342515609
2023-04-27 11:00:00,-1.5,1019.5,89.50981815275505
2023-04-27 12:00:00,-1.2,1019.3,88.87270997201924
2023-04-27 13:00:00,-1.4,1019.3,90.18519890801244
2023-04-27 14:00:00,-1.0,1019.3,91.5595632420443
2023-04-27 15:00:00,-0.7,1019.0,91.57959224908885
2023-04-27 16:00:00,-0.5,1019.1,92.94895562508698
2023-04-27 17:00:00,-0.5,1019.4,92.94895562508698
2023-04-27 18:00:00,-0.5,1019.3,91.59290597108397
2023-04-27 19:00:00,-0.9,1019.5,91.5662473835089
2023-04-27 20:00:00,-1.2,1019.8,90.20064816123401
2023-04-27 21:00:00,-1.5,1020.1,89.50981815275505
2023-04-27 22:00:00,-1.9,1019.9,88.81157197716426
2023-04-27 23:00:00,-2.0,1019.9,90.1386355239937
2023-04-28 00:00:00,-2.2,1020.1,91.47874000253651
2023-04-28 01:00:00,-2.2,1020.1,91.47874000253651
2023-04-28 02:00:00,-2.7,1019.7,91.44472625495757
2023-04-28 03:00:00,-3.0,1019.6,92.80646046802748
2023-04-28 04:00:00,-3.0,1019.5,92.11303766771334
2023-04-28 05:00:00,-3.5,1019.2,92.77745043008039
2023-04-28 06:00:00,-3.5,1019.0,90.703044980092
2023-04-28 07:00:00,-4.0,1019.6,92.04946506783155
2023-04-28 08:00:00,-4.4,1019.4,92.72479432370689
2023-04-28 09:00:00,-4.7,1019.5,91.3066484574225
2023-04-28 10:00:00,-5.0,1018.9,91.98513242821033
2023-04-28 11:00:00,-5.2,1019.0,92.67751061703403
2023-04-28 12:00:00,-5.0,1018.7,91.98513242821033
2023-04-28 13:00:00,-5.2,1018.2,92.67751061703403
2023-04-28 14:00:00,-5.2,1017.7,92.67751061703403
2023-04-28 15:00:00,-4.7,1017.2,92.70711601717781
2023-04-28 16:00:00,-4.5,1016.9,91.32060361356903
2023-04-28 17:00:00,-4.7,1016.5,92.70711601717781
2023-04-28 18:00:00,-4.5,1016.6,92.01739449519867
2023-04-28 19:00:00,-4.7,1016.5,90.61349543430671
2023-04-28 20:00:00,-4.5,1016.4,90.62850834728738
2023-04-28 21:00:00,-4.7,1016.2,89.92502603748687
2023-04-28 22:00:00,-4.7,1015.7,92.00451273153134
2023-04-28 23:00:00,-4.5,1015.6,90.62850834728738
2023-04-29 00:00:00,-4.7,1015.3,93.41448621127222
2023-04-29 01:00:00,-4.5,1015.5,94.13621765470529
2023-04-29 02:00:00,-4.5,1015.5,92.71890860670257
2023-04-29 03:00:00,-4.2,1014.7,92.03665972255259
2023-04-29 04:00:00,-4.4,1014.8,92.02382388145368
2023-04-29 05:00:00,-4.4,1015.2,91.32756880233896
2023-04-29 06:00:00,-4.5,1015.1,88.58012211476411
2023-04-29 07:00:00,-4.4,1015.0,85.26896412342269
2023-04-29 08:00:00,-4.2,1015.4,87.9350891001398
2023-04-29 09:00:00,-4.2,1015.6,85.29181588664488
2023-04-29 10:00:00,-3.9,1015.8,85.97870304490752
2023-04-29 11:00:00,-3.7,1015.6,85.34872035971092
2023-04-29 12:00:00,-3.7,1015.7,87.31733917992828
2023-04-29 13:00:00,-4.0,1015.8,87.28748864154267
2023-04-29 14:00:00,-4.0,1015.6,87.28748864154267
2023-04-29 15:00:00,-4.0,1015.8,84.02149861792975
2023-04-29 16:00:00,-4.2,1016.0,87.26753121823879
2023-04-29 17:00:00,-4.4,1016.0,86.58351676374927
2023-04-29 18:00:00,-4.5,1015.9,87.90653585369903
2023-04-29 19:00:00,-4.5,1016.3,87.23750914770348
2023-04-29 20:00:00,-4.5,1016.3,84.60646358523651
2023-04-29 21:00:00,-4.7,1016.2,85.89103581258186
2023-04-29 22:00:00,-4.7,1015.8,85.89103581258186
2023-04-29 23:00:00,-4.7,1015.8,83.2919501824812
2023-04-30 00:00:00,-4.7,1015.6,82.65321578258357
2023-04-30 01:00:00,-4.7,1015.4,85.2345896113114
2023-04-30 02:00:00,-4.5,1015.2,86.57301518362914
2023-04-30 03:00:00,-4.2,1014.7,85.9459210208757
2023-04-30 04:00:00,-3.9,1014.3,85.97870304490752
2023-04-30 05:00:00,-3.5,1013.9,87.3371826713468
2023-04-30 06:00:00,-3.0,1013.7,87.38659334274871
2023-04-30 07:00:00,-2.4,1013.1,86.79105685807535
2023-04-30 08:00:00,-1.9,1012.5,89.47678462336837
2023-04-30 09:00:00,-1.5,1012.1,90.84952134913217
2023-04-30 10:00:00,-0.7,1012.8,90.9071609963124
2023-04-30 11:00:00,-0.5,1013.1,92.2687204582999
2023-04-30 12:00:00,-0.4,1013.8,90.26208868636408
2023-04-30 13:00:00,0.0,1013.8,90.29259655761705
2023-04-30 14:00:00,0.6,1014.1,87.73417179608792
2023-04-30 15:00:00,0.7,1014.5,91.00675049201543
2023-04-30 16:00:00,1.0,1015.2,87.77192440822337
2023-04-30 17:00:00,0.5,1015.0,89.01916297421701
2023-04-30 18:00:00,0.5,1016.5,89.67272221568071
2023-04-30 19:00:00,0.2,1017.0,88.99352461852784
2023-04-30 20:00:00,0.0,1018.4,88.32468351371529
2023-04-30 21:00:00,-0.2,1019.0,86.37401800255994
2023-04-30 22:00:00,-0.7,1019.5,87.61029144157635
2023-04-30 23:00:00,-1.2,1020.0,84.36054888880211
2023-05-01 00:00:00,-1.5,1020.8,81.2211966382393
2023-05-01 01:00:00,-1.7,1020.6,81.1930259274044
2023-05-01 02:00:00,-1.5,1021.2,81.2211966382393
2023-05-01 03:00:00,-1.5,1021.5,81.83365464511134
2023-05-01 04:00:00,-1.5,1021.8,81.83365464511134
2023-05-01 05:00:00,-1.5,1022.0,82.45021251134898
2023-05-01 06:00:00,-1.2,1022.7,80.65616323384695
2023-05-01 07:00:00,-1.2,1023.5,81.26333919925118
2023-05-01 08:00:00,-1.4,1023.9,81.23525927205625
2023-05-01 09:00:00,-1.5,1024.6,78.811891950711
2023-05-01 10:00:00,-1.4,1024.6,77.0635634839004
2023-05-01 11:00:00,-1.7,1025.0,73.58402828003291
2023-05-01 12:00:00,-2.0,1025.4,77.54905596403343
2023-05-01 13:00:00,-2.0,1025.9,79.93394329810475
2023-05-01 14:00:00,-1.7,1026.4,75.28128750464643
2023-05-01 15:00:00,-1.9,1026.8,74.10885357456775
2023-05-01 16:00:00,-2.0,1027.3,71.86131246761748
2023-05-01 17:00:00,-2.2,1027.8,72.37370705957628
2023-05-01 18:00:00,-2.2,1028.2,71.82150241827439
2023-05-01 19:00:00,-2.2,1028.2,70.7283249307504
2023-05-01 20:00:00,-2.2,1028.5,71.82150241827439
2023-05-01 21:00:00,-2.4,1028.9,69.07342482291851
2023-05-01 22:00:00,-2.2,1029.3,68.05987416384333
2023-05-01 23:00:00,-2.4,1029.3,69.07342482291851
2023-05-02 00:00:00,-2.5,1029.8,67.99383348084785
2023-05-02 01:00:00,-2.5,1029.7,67.47020562018012
2023-05-02 02:00:00,-2.5,1029.9,69.58648782882413
2023-05-02 03:00:00,-2.7,1029.9,67.94970316803919
2023-05-02 04:00:00,-2.7,1030.1,69.54406113121325
2023-05-02 05:00:00,-2.9,1030.2,67.9054900970484
2023-05-02 06:00:00,-3.0,1030.3,68.41198876664923
2023-05-02 07:00:00,-2.9,1030.7,69.50155326447917
2023-05-02 08:00:00,-2.7,1031.0,67.42552824085229
2023-05-02 09:00:00,-2.7,1031.3,70.08286439943119
2023-05-02 10:00:00,-2.7,1031.3,71.1716292047159
2023-05-02 11:00:00,-2.2,1031.5,66.50216004588975
2023-05-02 12:00:00,-2.5,1032.1,72.3147931496095
2023-05-02 13:00:00,-2.5,1032.3,70.66661757792248
2023-05-02 14:00:00,-2.5,1032.4,67.99383348084785
2023-05-02 15:00:00,-2.5,1032.5,67.99383348084785
2023-05-02 16:00:00,-2.4,1032.6,68.54283101316776
2023-05-02 17:00:00,-2.5,1032.6,69.58648782882413
2023-05-02 19:00:00,-2.5,1033.0,65.92079118220975
2023-05-02 20:00:00,-2.7,1033.2,67.42552824085229
2023-05-02 21:00:00,-2.9,1033.3,68.96586099123645
2023-05-02 22:00:00,-3.0,1033.4,70.01995677225653
2023-05-02 23:00:00,-3.0,1033.7,66.83697779008673
2023-05-03 00:00:00,-3.0,1033.9,68.41198876664923
2023-05-03 01:00:00,-3.2,1034.0,72.73584679225513
2023-05-03 02:00:00,-3.0,1034.2,68.94428687980675
2023-05-03 03:00:00,-3.0,1034.2,68.94428687980675
2023-05-03 04:00:00,-3.0,1034.1,72.21621491916855
2023-05-03 05:00:00,-3.0,1034.3,71.66147948078579
2023-05-03 06:00:00,-2.7,1034.2,71.1716292047159
2023-05-03 07:00:00,-2.2,1034.4,70.187307901766
2023-05-03 09:00:00,-1.9,1034.9,71.33366442745881
2023-05-03 10:00:00,-1.7,1035.0,70.29125066417976
2023-05-03 11:00:00,-1.5,1034.9,69.79741005322117
2023-05-03 12:00:00,-1.2,1035.0,68.27867542218239
2023-05-03 13:00:00,-1.0,1035.0,70.97337211865107
2023-05-03 14:00:00,-0.7,1034.8,68.38731114562029
2023-05-03 15:00:00,-0.5,1034.7,66.37876246928488
2023-05-03 16:00:00,-0.9,1034.6,70.45652452948406
2023-05-03 17:00:00,-0.9,1034.3,71.53444279130206
2023-05-03 18:00:00,-1.0,1034.2,68.84526791578823
2023-05-03 19:00:00,-1.0,1034.1,69.3719036597723
2023-05-03 20:00:00,-1.2,1033.8,69.86029523470712
2023-05-03 21:00:00,-1.4,1033.6,70.8920052454589
2023-05-03 22:00:00,-1.5,1033.3,71.41421011444825
2023-05-03 23:00:00,-1.2,1033.0,71.47441409556566
2023-05-04 00:00:00,-1.0,1032.7,72.05919766029389
2023-05-04 01:00:00,-0.5,1032.2,72.70428343953884
2023-05-04 02:00:00,-0.2,1031.6,70.06861859769126
2023-05-04 03:00:00,0.0,1030.9,70.1100457159425
2023-05-04 04:00:00,0.1,1030.2,83.27430397508597
2023-05-04 05:00:00,0.2,1029.3,89.64852459959666
2023-05-04 06:00:00,0.5,1028.8,88.3698324625678
2023-05-04 07:00:00,0.6,1028.5,87.093686845213
2023-05-04 08:00:00,1.0,1028.1,84.00141995763781
2023-05-04 09:00:00,1.1,1027.8,80.98393007960533
2023-05-04 10:00:00,1.2,1027.3,80.40424649521188
2023-05-04 11:00:00,1.2,1026.9,79.22831487098347
2023-05-04 12:00:00,1.5,1026.6,80.44752575111448
2023-05-04 13:00:00,1.7,1026.2,81.66380187232292
2023-05-04 14:00:00,1.5,1025.3,81.6365807489076
2023-05-04 15:00:00,1.2,1024.5,81.59563997858194
2023-05-04 16:00:00,1.2,1023.7,84.02551630879778
2023-05-04 17:00:00,1.5,1023.0,82.84120100857713
2023-05-04 18:00:00,1.2,1022.6,86.5193680147029
2023-05-04 19:00:00,1.6,1022.2,85.30898021690862
2023-05-04 20:00:00,1.7,1021.8,83.47420059477018
2023-05-04 21:00:00,1.5,1021.6,85.92200780241288
2023-05-04 22:00:00,1.5,1021.3,89.10399411313492
2023-05-04 23:00:00,1.2,1020.9,93.04347839890933
2023-05-05 00:00:00,1.1,1020.3,94.39495599226298
2023-05-05 01:00:00,1.1,1020.1,95.76945603776025
2023-05-05 02:00:00,1.1,1019.8,95.76945603776025
2023-05-05 03:00:00,1.0,1019.4,96.46048474791905
2023-05-05 04:00:00,0.7,1018.9,96.45191409804669
2023-05-05 05:00:00,0.7,1018.4,97.85752876122031
2023-05-05 06:00:00,1.0,1018.0,97.1593701966396
2023-05-05 07:00:00,0.7,1018.0,98.5671208145866
2023-05-05 09:00:00,1.0,1017.8,97.86273957354368
2023-05-05 10:00:00,1.0,1017.6,97.1593701966396
2023-05-05 11:00:00,1.1,1017.3,97.86447230257932
2023-05-05 12:00:00,1.1,1017.3,97.86447230257932
2023-05-05 13:00:00,1.2,1017.2,98.57294185815628
2023-05-05 14:00:00,1.2,1017.3,97.86620293305378
2023-05-05 15:00:00,1.2,1017.1,97.86620293305378
2023-05-05 16:00:00,1.2,1016.8,97.86620293305378
2023-05-05 17:00:00,1.2,1016.7,97.86620293305378
2023-05-05 18:00:00,1.0,1016.5,97.1593701966396
2023-05-05 19:00:00,0.6,1016.3,97.15016196218008
2023-05-05 20:00:00,0.5,1016.1,97.1478529423213
2023-05-05 21:00:00,0.2,1016.0,97.84880178584133
2023-05-05 22:00:00,0.2,1015.8,97.14090910418261
2023-05-05 23:00:00,0.2,1015.5,96.43756078120795
2023-05-06 00:00:00,0.2,1015.2,97.14090910418261
2023-05-06 01:00:00,0.2,1015.0,97.14090910418261
2023-05-06 02:00:00,0.2,1014.8,97.14090910418261
2023-05-06 03:00:00,0.1,1014.6,97.13858888363674
2023-05-06 04:00:00,0.1,1014.4,97.13858888363674
2023-05-06 05:00:00,0.0,1014.4,96.43179521086441
2023-05-06 06:00:00,0.0,1014.3,95.73185883305622
2023-05-06 07:00:00,0.2,1014.3,95.04439642103681
2023-05-06 08:00:00,0.2,1014.3,95.04439642103681
2023-05-06 09:00:00,0.2,1014.5,95.04439642103681
2023-05-06 10:00:00,-0.5,1014.5,93.63363645795147
2023-05-06 11:00:00,0.0,1014.6,92.29931147269156
2023-05-06 12:00:00,0.0,1014.7,92.97695284762996
2023-05-06 13:00:00,0.2,1014.8,92.98810567223708
2023-05-06 14:00:00,-0.2,1014.7,94.33642422935549
2023-05-06 15:00:00,-0.2,1014.7,90.9429144406859
2023-05-06 16:00:00,0.5,1014.7,90.99262214739893
2023-05-06 17:00:00,0.5,1014.7,90.99262214739893
2023-05-06 18:00:00,-0.2,1015.0,92.28709657580984
2023-05-06 19:00:00,-0.4,1015.0,92.27485301514403
2023-05-06 20:00:00,-0.5,1015.1,92.2687204582999
2023-05-06 21:00:00,-0.2,1015.4,92.28709657580984
2023-05-06 22:00:00,-0.4,1015.4,93.63872187405376
2023-05-06 23:00:00,-0.5,1015.6,90.25443967232712
2023-05-07 00:00:00,-0.7,1015.6,89.5754297811755
2023-05-07 01:00:00,-0.5,1015.5,88.9333591628534
2023-05-07 02:00:00,-0.7,1015.9,88.91608040381527
2023-05-07 03:00:00,-0.7,1015.8,87.61029144157635
2023-05-07 04:00:00,-0.9,1015.8,89.5590835183978
2023-05-07 05:00:00,-0.7,1016.0,87.61029144157635
2023-05-07 06:00:00,-0.7,1015.7,88.2610424299705
2023-05-07 07:00:00,-0.5,1015.8,89.59173846950425
2023-05-07 08:00:00,-0.4,1015.8,90.92863796987683
2023-05-07 09:00:00,0.0,1015.8,88.97638355603272
2023-05-07 10:00:00,0.2,1015.8,88.34277385352127
2023-05-07 11:00:00,0.6,1015.6,88.37883155240924
2023-05-07 12:00:00,0.7,1016.0,89.688807804387
2023-05-07 13:00:00,1.0,1015.7,90.36825356678611
2023-05-07 14:00:00,1.2,1015.3,93.04347839890933
2023-05-07 15:00:00,1.5,1014.9,91.06293841814649
2023-05-07 16:00:00,2.0,1014.4,91.09779343065976
2023-05-07 17:00:00,2.1,1014.1,92.42585925581349
2023-05-07 18:00:00,2.2,1013.6,94.4437841458576
2023-05-07 19:00:00,2.5,1013.2,95.13464355162179
2023-05-07 20:00:00,2.5,1012.8,95.81659811915002
2023-05-07 21:00:00,2.2,1012.7,97.1867299977931
2023-05-07 22:00:00,3.0,1012.4,96.51684170547597
2023-05-07 23:00:00,2.7,1011.9,95.8232688028567
2023-05-08 00:00:00,2.2,1011.6,95.80656231362632
2023-05-08 01:00:00,1.7,1011.3,97.1753780875917
2023-05-08 02:00:00,2.0,1010.9,96.4888317808188
2023-05-08 03:00:00,2.0,1010.5,96.4888317808188
2023-05-08 04:00:00,2.0,1010.0,96.4888317808188
2023-05-08 05:00:00,2.0,1009.9,96.4888317808188
2023-05-08 06:00:00,2.1,1009.7,97.88168472668718
2023-05-08 07:00:00,2.0,1009.8,97.18219741975065
2023-05-08 08:00:00,2.0,1009.5,96.4888317808188
2023-05-08 09:00:00,2.1,1009.5,97.18446507021248
2023-05-08 10:00:00,2.1,1009.4,97.18446507021248
2023-05-08 11:00:00,2.2,1009.3,97.88339455605323
2023-05-08 12:00:00,3.1,1009.3,97.20699252892513
2023-05-08 13:00:00,2.7,1009.2,97.89191284169895
2023-05-08 14:00:00,3.2,1008.9,97.90037999285835
2023-05-08 15:00:00,3.0,1008.8,96.51684170547597
2023-05-08 16:00:00,3.0,1008.4,96.51684170547597
2023-05-08 17:00:00,3.0,1008.3,96.51684170547597
2023-05-08 19:00:00,2.5,1007.9,95.13464355162179
2023-05-08 20:00:00,2.5,1007.8,95.81659811915002
2023-05-08 21:00:00,2.5,1007.5,95.81659811915002
2023-05-08 22:00:00,2.6,1007.6,96.50567784766658
2023-05-08 23:00:00,2.0,1007.3,95.79985185029075
2023-05-09 00:00:00,2.0,1007.2,95.79985185029075
2023-05-09 01:00:00,2.1,1006.7,96.49164785504183
2023-05-09 02:00:00,2.5,1006.6,96.50287854856931
2023-05-09 03:00:00,2.5,1006.3,97.1935084865612
2023-05-09 04:00:00,2.6,1006.1,96.50567784766658
2023-05-09 05:00:00,2.7,1005.6,97.19801394392582
2023-05-09 06:00:00,3.2,1005.7,97.20923046474576
2023-05-09 07:00:00,3.6,1005.6,97.21815549383506
2023-05-09 08:00:00,3.7,1005.7,97.22038009370831
2023-05-09 09:00:00,3.7,1005.6,97.90879641648968
2023-05-09 10:00:00,4.0,1005.4,97.22703798294872
2023-05-09 11:00:00,4.5,1005.3,97.23808168147494
2023-05-09 12:00:00,4.7,1005.2,96.56369983853763
2023-05-09 13:00:00,5.2,1005.1,97.25343288579838
2023-05-09 14:00:00,5.2,1005.0,96.57730283988477
2023-05-09 15:00:00,5.1,1004.8,96.57458867029787
2023-05-09 16:00:00,5.0,1004.6,95.89885665002681
2023-05-09 17:00:00,5.0,1004.4,97.24905985076529
2023-05-09 18:00:00,5.2,1004.3,97.25343288579838
2023-05-09 19:00:00,5.2,1004.4,96.57730283988477
2023-05-09 20:00:00,5.1,1004.5,97.25124766651346
2023-05-09 21:00:00,5.2,1004.5,96.57730283988477
2023-05-09 22:00:00,5.2,1004.2,95.90533304654144
2023-05-09 23:00:00,6.0,1004.0,94.60769040321622
2023-05-10 00:00:00,5.6,1003.9,91.98449570273478
2023-05-10 01:00:00,4.0,1004.1,94.52233296831315
2023-05-10 02:00:00,3.7,1004.3,95.85638584363429
2023-05-10 03:00:00,5.1,1004.2,93.25335917538627
2023-05-10 04:00:00,4.2,1004.4,94.53095867829755
2023-05-10 05:00:00,4.1,1004.6,93.86147465953184
2023-05-10 06:00:00,5.7,1004.6,94.59501326339685
2023-05-10 07:00:00,4.6,1005.1,92.57254118746815
2023-05-10 08:00:00,4.2,1005.5,94.53095867829755
2023-05-10 09:00:00,5.0,1005.9,93.90463508669563
2023-05-10 10:00:00,5.0,1006.2,93.90463508669563
2023-05-10 11:00:00,5.2,1006.6,94.57378611080713
2023-05-10 12:00:00,5.5,1007.0,95.24873008174235
2023-05-10 13:00:00,3.6,1006.9,92.5143768497648
2023-05-10 14:00:00,2.6,1007.2,93.78852677863733
2023-05-10 15:00:00,2.5,1007.7,92.44961468079542
2023-05-10 16:00:00,2.6,1007.9,93.78852677863733
2023-05-10 17:00:00,2.1,1008.0,92.42585925581349
2023-05-10 18:00:00,1.5,1008.5,93.05996399064183
2023-05-10 19:00:00,1.1,1008.9,93.7142859670883
2023-05-10 20:00:00,1.5,1009.2,92.39001836994618
2023-05-10 21:00:00,1.0,1009.7,92.3599590688971
2023-05-10 22:00:00,1.0,1009.8,91.02788183294317
2023-05-10 23:00:00,0.6,1010.2,92.33578505901374
2023-05-11 00:00:00,0.6,1009.9,91.66557898439946
2023-05-11 01:00:00,0.5,1010.2,91.65901074491217
2023-05-11 02:00:00,0.0,1010.4,95.03643147570095
2023-05-11 03:00:00,0.0,1010.7,93.65900343482977
2023-05-11 04:00:00,0.0,1011.2,94.34548801286994
2023-05-11 05:00:00,0.0,1011.6,92.97695284762996
2023-05-11 06:00:00,-0.2,1012.2,92.96577374126038
2023-05-11 07:00:00,-0.2,1012.4,92.28709657580984
2023-05-11 08:00:00,-0.2,1013.1,92.28709657580984
2023-05-11 09:00:00,-0.2,1013.8,92.96577374126038
2023-05-11 10:00:00,-0.2,1014.3,92.96577374126038
2023-05-11 11:00:00,-0.2,1014.8,93.64887465643805
2023-05-11 12:00:00,0.1,1015.2,92.98253254007366
2023-05-11 13:00:00,0.0,1015.8,92.29931147269156
2023-05-11 15:00:00,0.0,1016.3,89.63234653902111
2023-05-11 16:00:00,0.1,1016.8,85.14061576909549
2023-05-11 17:00:00,0.0,1017.3,85.12929194305147
2023-05-11 18:00:00,-0.2,1017.5,84.47911339828723
2023-05-11 19:00:00,-0.2,1017.6,82.01001105547977
2023-05-11 20:00:00,0.1,1018.0,82.05035854735597
2023-05-11 21:00:00,0.1,1018.2,81.44439577372367
2023-05-11 22:00:00,-0.2,1018.2,88.95920329772198
2023-05-11 23:00:00,-0.7,1018.2,84.4199946771342
2023-05-12 00:00:00,-1.2,1018.3,84.99242267182647
2023-05-12 01:00:00,-1.7,1018.0,85.57316634761561
2023-05-12 02:00:00,-0.7,1017.9,84.4199946771342
2023-05-12 03:00:00,-0.4,1017.6,85.71638394941509
2023-05-12 04:00:00,-0.4,1017.5,91.5995511829837
2023-05-12 05:00:00,-0.2,1017.1,93.64887465643805
2023-05-12 06:00:00,0.0,1016.7,95.73185883305622
2023-05-12 07:00:00,0.1,1016.1,97.13858888363674
2023-05-12 08:00:00,0.7,1015.3,97.1524681930789
2023-05-12 09:00:00,1.1,1014.3,97.86447230257932
2023-05-12 10:00:00,1.2,1013.1,97.86620293305378
2023-05-12 11:00:00,1.7,1011.8,98.57872758733629
2023-05-12 12:00:00,1.7,1010.9,98.57872758733629
2023-05-12 13:00:00,1.6,1010.0,98.57757325295987
2023-05-12 14:00:00,2.2,1009.1,99.29000534590858
2023-05-12 15:00:00,2.5,1008.0,98.58791200884404
2023-05-12 16:00:00,2.5,1007.2,97.88851168650504
2023-05-12 17:00:00,2.1,1006.3,97.18446507021248
2023-05-12 18:00:00,2.2,1005.0,98.58447828650894
2023-05-12 19:00:00,2.2,1004.1,97.88339455605323
2023-05-12 20:00:00,2.1,1003.4,97.88168472668718
2023-05-12 21:00:00,2.0,1002.7,97.87997283220567
2023-05-12 22:00:00,2.0,1002.0,97.18219741975065
2023-05-12 23:00:00,1.7,1001.4,97.87482472488949
2023-05-13 00:00:00,1.5,1001.3,97.87138226682413
2023-05-13 01:00:00,1.5,1000.9,97.17081817187089
2023-05-13 02:00:00,3.1,1000.6,97.89869063379312
2023-05-13 03:00:00,4.0,1000.9,77.38176882571845
2023-05-13 04:00:00,3.2,1001.7,87.34784565237226
2023-05-13 05:00:00,2.0,1002.2,85.97540298981342
2023-05-13 06:00:00,0.0,1002.9,90.29259655761705
2023-05-13 07:00:00,0.0,1004.6,85.76003478206532
2023-05-13 08:00:00,0.5,1005.3,82.10395280792889
2023-05-13 09:00:00,1.0,1006.7,82.77691467907673
2023-05-13 10:00:00,0.7,1008.0,81.52711315475894
2023-05-13 11:00:00,1.0,1009.1,82.17062212544323
2023-05-13 12:00:00,1.1,1009.5,85.8790782802092
2023-05-13 13:00:00,1.6,1009.8,88.46826401595686
2023-05-13 14:00:00,1.1,1010.3,93.03797031522437
2023-05-13 15:00:00,1.0,1010.5,92.3599590688971
2023-05-13 16:00:00,0.7,1010.5,95.06422585058047
2023-05-13 17:00:00,1.0,1010.4,95.07606693706266
2023-05-13 18:00:00,0.5,1010.3,95.74900987721772
2023-05-13 19:00:00,0.7,1010.2,96.45191409804669
2023-05-13 20:00:00,0.7,1010.0,97.85752876122031
2023-05-13 21:00:00,1.0,1009.8,95.76605852469864
2023-05-13 22:00:00,1.1,1009.3,96.46333477402813
2023-05-13 23:00:00,1.2,1008.4,96.46618138062811
2023-05-14 00:00:00,1.6,1007.4,96.47753372043722
2023-05-14 01:00:00,1.7,1006.6,95.10353243086632
2023-05-14 02:00:00,2.6,1005.4,90.48751137985101
2023-05-14 03:00:00,2.6,1004.2,89.83980108858762
2023-05-14 04:00:00,2.5,1003.0,91.13244838410306
2023-05-14 05:00:00,2.6,1001.8,90.48751137985101
2023-05-14 06:00:00,2.7,1000.4,90.49489268780263
2023-05-14 07:00:00,3.6,999.0,89.27903673129424
2023-05-14 08:00:00,3.7,998.1,90.56824416103413
2023-05-14 09:00:00,3.6,997.6,91.85912843818588
2023-05-14 10:00:00,3.0,997.5,95.83324517300589
2023-05-14 11:00:00,3.1,997.2,96.51962436158047
2023-05-14 12:00:00,3.0,997.2,95.83324517300589
2023-05-14 13:00:00,2.7,997.0,97.19801394392582
2023-05-14 14:00:00,3.0,996.3,97.20475191319618
2023-05-14 15:00:00,3.2,995.9,97.20923046474576
2023-05-14 16:00:00,3.0,995.2,95.83324517300589
2023-05-14 17:00:00,3.0,994.9,95.15393897430994
2023-05-14 18:00:00,3.0,994.5,93.80810473397261
2023-05-14 19:00:00,2.7,994.1,95.14237540553022
2023-05-14 20:00:00,2.7,993.8,95.14237540553022
2023-05-14 21:00:00,2.5,993.3,95.13464355162179
2023-05-14 22:00:00,2.2,993.0,96.49446056360664
2023-05-14 23:00:00,2.1,992.8,95.80320907877476
2023-05-15 00:00:00,2.1,992.5,96.49164785504183
2023-05-15 01:00:00,2.0,992.0,95.79985185029075
2023-05-15 02:00:00,2.0,991.6,95.11523367172789
2023-05-15 03:00:00,2.0,991.2,95.11523367172789
2023-05-15 04:00:00,1.7,991.0,96.48036331077311
2023-05-15 05:00:00,1.7,990.7,95.78975614003447
2023-05-15 06:00:00,1.7,990.3,94.42166814826878
2023-05-15 07:00:00,1.6,990.1,93.73917841885068
2023-05-15 08:00:00,2.0,989.8,92.41990313124087
2023-05-15 09:00:00,2.1,989.8,92.42585925581349
2023-05-15 10:00:00,1.7,990.1,95.10353243086632
2023-05-15 11:00:00,2.5,990.1,93.78361794681284
2023-05-15 12:00:00,1.2,990.7,95.08393754666196
2023-05-15 13:00:00,0.2,991.2,96.43756078120795
2023-05-15 14:00:00,0.0,991.6,97.1362658516625
2023-05-15 15:00:00,0.6,991.5,95.7524277725059
2023-05-15 16:00:00,-0.2,992.6,95.72496956200844
2023-05-15 17:00:00,-0.5,993.0,94.3227880605007
2023-05-15 18:00:00,-0.7,993.4,95.70767379132471
2023-05-15 19:00:00,-0.5,993.8,93.63363645795147
2023-05-15 20:00:00,-0.5,994.8,92.94895562508698
2023-05-15 21:00:00,-0.7,995.6,92.25643373622192
2023-05-15 22:00:00,-1.5,996.9,92.20699710191815
2023-05-15 23:00:00,-1.9,998.4,91.49905254667472
2023-05-16 00:00:00,-2.2,999.7,90.1230421574259
2023-05-16 01:00:00,-2.7,1000.8,90.08389967746818
2023-05-16 02:00:00,-3.0,1001.7,91.42422176018302
2023-05-16 03:00:00,-3.0,1003.2,90.7399861986418
2023-05-16 04:00:00,-2.9,1004.8,90.06817876959632
2023-05-16 05:00:00,-3.2,1005.8,91.41051178790923
2023-05-16 06:00:00,-3.5,1007.0,92.08134563407027
2023-05-16 07:00:00,-3.5,1008.0,90.02079545722624
2023-05-16 08:00:00,-4.0,1008.7,89.98105493191329
2023-05-16 09:00:00,-3.9,1009.5,88.63415251301771
2023-05-16 10:00:00,-4.0,1010.1,87.28748864154267
2023-05-16 11:00:00,-4.5,1010.7,86.57301518362914
2023-05-16 12:00:00,-4.7,1011.4,82.01884392190053
2023-05-16 13:00:00,-4.5,1012.1,80.1715710372979
2023-05-16 14:00:00,-4.2,1012.3,78.99024298899757
2023-05-16 15:00:00,-4.0,1012.6,77.81377994051132
2023-05-16 16:00:00,-3.5,1012.6,73.80929078968776
2023-05-16 17:00:00,-3.2,1012.6,69.43763887848098
2023-05-16 18:00:00,-3.0,1012.5,67.35835608147896
2023-05-16 19:00:00,-3.0,1012.9,66.83697779008673
2023-05-16 20:00:00,-3.2,1012.8,68.36820986139789
2023-05-16 21:00:00,-3.2,1012.2,71.62127714997514
2023-05-16 22:00:00,-2.5,1011.7,75.13786112698784
2023-05-16 23:00:00,-2.0,1011.2,80.54025751338591
2023-05-17 00:00:00,-0.2,1010.1,83.85573048272315
2023-05-17 01:00:00,-0.2,1009.5,89.61613129576551
2023-05-17 02:00:00,0.0,1008.7,85.12929194305147
2023-05-17 03:00:00,0.2,1007.8,85.15192707145415
2023-05-17 04:00:00,-0.2,1007.2,95.72496956200844
2023-05-17 05:00:00,0.2,1006.4,96.43756078120795
2023-05-17 06:00:00,0.5,1005.9,96.44618313383081
2023-05-17 07:00:00,0.7,1005.8,96.45191409804669
2023-05-17 08:00:00,1.0,1005.9,93.03245577175895
2023-05-17 09:00:00,0.7,1006.0,94.37704224444765
2023-05-17 10:00:00,0.7,1005.9,95.75584157843477
2023-05-17 11:00:00,0.7,1006.0,95.06422585058047
2023-05-17 12:00:00,1.0,1006.3,93.70928987035867
2023-05-17 13:00:00,0.7,1006.4,95.06422585058047
2023-05-17 14:00:00,1.0,1006.4,95.76605852469864
2023-05-17 15:00:00,1.5,1006.3,93.73421163579397
2023-05-17 16:00:00,1.5,1006.1,93.73421163579397
2023-05-17 17:00:00,1.2,1006.1,96.46618138062811
2023-05-17 18:00:00,1.5,1006.0,94.41278513724247
2023-05-17 19:00:00,1.2,1005.6,96.46618138062811
2023-05-17 20:00:00,1.2,1005.5,95.77284949368438
2023-05-17 21:00:00,1.2,1004.9,96.46618138062811
2023-05-17 22:00:00,1.1,1004.5,95.76945603776025
2023-05-17 23:00:00,1.2,1004.2,97.16395766920245
2023-05-18 00:00:00,1.2,1003.8,97.16395766920245
2023-05-18 01:00:00,1.6,1003.8,96.47753372043722
2023-05-18 02:00:00,1.7,1003.3,96.48036331077311
2023-05-18 03:00:00,1.6,1003.6,95.78638287394953
2023-05-18 04:00:00,1.0,1003.7,94.39048550746949
2023-05-18 05:00:00,0.7,1003.6,95.06422585058047
2023-05-18 06:00:00,0.6,1004.1,94.37255052624755
2023-05-18 07:00:00,0.7,1004.4,94.37704224444765
2023-05-18 08:00:00,1.0,1004.6,93.03245577175895
2023-05-18 09:00:00,1.0,1005.1,93.03245577175895
2023-05-18 10:00:00,1.0,1005.4,89.7128672294606
2023-05-18 11:00:00,0.2,1005.8,94.35453027868783
2023-05-18 12:00:00,0.6,1005.9,90.9996904063376
2023-05-18 13:00:00,0.5,1006.2,90.33053397407681
2023-05-18 14:00:00,0.7,1006.5,93.01587328294224
2023-05-18 18:00:00,0.6,1005.5,90.3380952661415
2023-05-18 19:00:00,0.2,1005.3,92.311497793793
2023-05-18 20:00:00,0.5,1004.7,93.68422085265917
2023-05-18 21:00:00,0.6,1004.7,94.37255052624755
2023-05-18 22:00:00,0.6,1004.2,95.7524277725059
2023-05-18 23:00:00,0.5,1003.3,96.44618313383081
2023-05-19 00:00:00,0.7,1002.5,97.1524681930789
2023-05-19 01:00:00,1.7,1001.7,95.78975614003447
2023-05-19 02:00:00,2.0,1001.2,95.79985185029075
2023-05-19 03:00:00,2.5,1000.6,95.81659811915002
2023-05-19 04:00:00,2.7,1000.0,97.19801394392582
2023-05-19 05:00:00,2.7,999.6,97.19801394392582
2023-05-19 06:00:00,2.6,999.4,96.50567784766658
2023-05-19 07:00:00,2.6,999.3,96.50567784766658
2023-05-19 08:00:00,2.5,999.0,97.1935084865612
2023-05-19 09:00:00,3.1,998.7,97.20699252892513
2023-05-19 10:00:00,3.0,998.6,97.20475191319618
2023-05-19 11:00:00,3.5,998.8,96.53072190961805
2023-05-19 12:00:00,3.5,998.9,96.53072190961805
2023-05-19 13:00:00,3.7,999.0,97.22038009370831
2023-05-19 14:00:00,4.1,998.9,96.54726957402924
2023-05-19 15:00:00,4.0,998.9,95.86624473295902
2023-05-19 16:00:00,4.0,998.4,95.19218999943759
2023-05-19 17:00:00,3.5,998.7,94.50068009653909
2023-05-19 18:00:00,3.1,998.5,95.83656274641432
2023-05-19 19:00:00,2.5,998.3,97.1935084865612
2023-05-19 20:00:00,2.7,998.5,97.19801394392582
2023-05-19 21:00:00,2.1,998.4,97.18446507021248
2023-05-19 22:00:00,1.5,997.7,97.17081817187089
2023-05-19 23:00:00,1.5,997.2,97.17081817187089
2023-05-20 00:00:00,1.2,996.1,98.57294185815628
2023-05-20 01:00:00,1.2,993.6,97.86620293305378
2023-05-20 02:00:00,1.6,993.1,98.57757325295987
2023-05-20 03:00:00,2.0,992.2,97.87997283220567
2023-05-20 04:00:00,4.2,992.0,93.86629260799387
2023-05-20 05:00:00,5.0,992.5,80.94248273904773
2023-05-20 06:00:00,5.7,993.6,79.3309346412911
2023-05-20 07:00:00,6.2,994.5,73.95483029310843
2023-05-20 08:00:00,3.6,995.3,87.38629689744573
2023-05-20 09:00:00,3.7,996.3,84.32233544405338
2023-05-20 10:00:00,4.0,996.5,83.75555086034078
2023-05-20 11:00:00,4.5,996.5,81.45403244321533
2023-05-20 12:00:00,5.0,996.9,76.98863159694326
2023-05-20 13:00:00,4.2,997.8,81.4132284254786
2023-05-20 14:00:00,3.7,997.9,81.93284895283631
2023-05-20 15:00:00,3.2,997.9,83.65848132503892
2023-05-20 16:00:00,3.7,997.7,84.32233544405338
2023-05-20 17:00:00,3.7,997.6,82.52452546489148
2023-05-20 18:00:00,4.0,997.4,80.22358395632682
2023-05-20 19:00:00,3.5,997.5,82.49865927105152
2023-05-20 20:00:00,3.0,997.6,84.84987908032909
2023-05-20 21:00:00,2.7,997.7,87.29954026444395
2023-05-20 22:00:00,2.7,997.1,87.29954026444395
2023-05-20 23:00:00,2.5,996.9,90.48012162888237
2023-05-21 00:00:00,2.1,996.6,93.09276209675352
2023-05-21 01:00:00,2.0,996.5,93.08731170579986
2023-05-21 02:00:00,1.7,996.5,93.07092226805938
2023-05-21 03:00:00,1.7,996.5,93.74413936637231
2023-05-21 04:00:00,1.6,996.7,93.73917841885068
2023-05-21 05:00:00,2.2,996.7,90.45790159157659
2023-05-21 06:00:00,3.1,996.6,85.47458599835932
2023-05-21 07:00:00,2.7,997.4,86.67260461195275
2023-05-21 08:00:00,2.7,997.9,89.20452765997604
2023-05-21 09:00:00,3.0,998.6,87.32855576747052
2023-05-21 10:00:00,3.0,999.4,87.32855576747052
2023-05-21 11:00:00,3.7,1000.2,84.32233544405338
2023-05-21 12:00:00,3.7,1001.3,82.52452546489148
2023-05-21 13:00:00,4.0,1002.0,81.97271535220843
2023-05-21 14:00:00,4.0,1002.6,80.80291704368436
2023-05-21 15:00:00,4.0,1003.4,78.50760530015688
2023-05-21 16:00:00,3.7,1003.6,83.11998479762475
2023-05-21 17:00:00,3.5,1003.8,83.09491218351954
2023-05-21 18:00:00,3.0,1004.1,87.95816094920934
2023-05-21 19:00:00,2.7,1004.2,88.56547955804818
2023-05-21 20:00:00,2.7,1004.4,89.84765787500938
2023-05-21 21:00:00,2.2,1004.5,92.43180846252054
2023-05-21 22:00:00,2.1,1004.2,94.43937137438247
2023-05-21 23:00:00,2.1,1003.4,96.49164785504183
2023-05-22 00:00:00,2.1,1003.0,97.18446507021248
2023-05-22 01:00:00,2.2,1002.3,97.88339455605323
2023-05-22 02:00:00,2.1,1001.5,97.88168472668718
2023-05-22 03:00:00,2.2,1000.9,97.88339455605323
2023-05-22 04:00:00,2.6,1000.1,97.89021328842276
2023-05-22 05:00:00,2.6,999.4,97.19576256588776
2023-05-22 06:00:00,2.5,998.8,97.1935084865612
2023-05-22 07:00:00,2.5,998.8,96.50287854856931
2023-05-22 08:00:00,2.2,999.2,97.88339455605323
2023-05-22 09:00:00,2.2,999.2,97.88339455605323
2023-05-22 10:00:00,2.1,999.8,97.18446507021248
2023-05-22 11:00:00,2.7,1000.0,95.8232688028567
2023-05-22 12:00:00,3.5,1000.7,89.91019181822838
2023-05-22 13:00:00,3.5,1000.8,88.63542910774561
2023-05-22 14:00:00,2.7,1001.0,91.80176655731715
2023-05-22 15:00:00,2.5,1001.0,91.13244838410306
2023-05-22 16:00:00,2.7,1000.8,89.84765787500938
2023-05-22 17:00:00,2.6,1000.2,90.48751137985101
2023-05-22 18:00:00,2.5,999.8,91.78893843141547
2023-05-22 19:00:00,2.2,999.6,93.76885688626682
2023-05-22 20:00:00,2.2,999.4,92.43180846252054
2023-05-22 21:00:00,2.0,999.1,92.41990313124087
2023-05-22 22:00:00,1.5,998.4,93.73421163579397
2023-05-22 23:00:00,1.5,998.1,93.73421163579397
2023-05-23 00:00:00,1.5,998.0,82.2369342682561
2023-05-23 01:00:00,-0.2,998.4,87.01398330813788
2023-05-23 02:00:00,-0.7,998.8,81.9424745156762
2023-05-23 03:00:00,-0.9,998.9,86.94365177754374
2023-05-23 04:00:00,-1.0,999.3,90.21606165794711
2023-05-23 05:00:00,-0.7,999.3,88.91608040381527
2023-05-23 06:00:00,-1.0,999.8,88.23361205174115
2023-05-23 07:00:00,-1.0,1000.4,87.5814439070121
2023-05-23 08:00:00,-1.0,1000.9,84.38436660021819
2023-05-23 09:00:00,-1.0,1001.1,85.01536094789269
2023-05-23 10:00:00,-0.9,1001.1,85.02681099504737
2023-05-23 11:00:00,0.0,1001.0,87.67722242964999
2023-05-23 12:00:00,-0.2,1000.4,85.73823366829313
2023-05-23 13:00:00,-0.4,999.4,86.9939451377467
2023-05-23 14:00:00,-0.2,997.9,85.73823366829313
2023-05-23 15:00:00,0.2,996.3,83.28689963524833
2023-05-23 16:00:00,0.0,993.2,92.29931147269156
2023-05-23 17:00:00,0.0,990.1,96.43179521086441
2023-05-23 18:00:00,0.7,986.4,96.45191409804669
2023-05-23 19:00:00,2.1,982.9,93.7639249813724
2023-05-23 20:00:00,3.1,979.6,95.1577844024522
2023-05-23 21:00:00,3.0,977.0,95.83324517300589
2023-05-23 22:00:00,2.7,974.6,97.19801394392582
2023-05-23 23:00:00,2.2,972.6,97.1867299977931
2023-05-24 00:00:00,0.5,971.4,95.74900987721772
2023-05-24 01:00:00,0.2,970.6,96.43756078120795
2023-05-24 02:00:00,0.6,970.0,96.44905033935652
2023-05-24 03:00:00,0.5,969.1,95.05630825868899
2023-05-24 04:00:00,0.2,968.3,97.84880178584133
2023-05-24 05:00:00,0.5,967.5,97.85404433135588
2023-05-24 06:00:00,0.5,967.0,97.1478529423213
2023-05-24 07:00:00,0.7,966.8,97.1524681930789
2023-05-24 08:00:00,0.6,966.9,92.33578505901374
2023-05-24 09:00:00,0.2,967.7,94.35453027868783
2023-05-24 10:00:00,0.0,968.1,94.34548801286994
2023-05-24 11:00:00,-0.2,969.3,93.64887465643805
2023-05-24 12:00:00,-0.5,970.8,91.59290597108397
2023-05-24 13:00:00,-0.5,972.5,92.2687204582999
2023-05-24 14:00:00,-0.9,974.3,91.5662473835089
2023-05-24 15:00:00,-1.0,976.8,90.88560899853698
2023-05-24 16:00:00,-1.2,979.6,90.87119915056806
2023-05-24 17:00:00,-1.9,982.4,90.8204994197082
2023-05-24 18:00:00,-1.9,984.8,88.81157197716426
2023-05-24 19:00:00,-2.4,987.2,88.1043542599548
2023-05-24 20:00:00,-1.9,988.8,85.55094761073798
2023-05-24 21:00:00,-1.5,989.8,85.5953354214086
2023-05-24 22:00:00,-1.5,991.0,84.32472345939549
2023-05-24 23:00:00,-1.7,992.0,84.9348534060726
2023-05-25 00:00:00,-1.9,993.3,84.2767708919623
2023-05-25 01:00:00,-1.9,994.4,83.0194833278904
2023-05-25 02:00:00,-2.2,995.6,84.87696291797194
2023-05-25 03:00:00,-2.2,996.4,82.98077723291357
2023-05-25 04:00:00,-2.2,997.0,80.51112558926205
2023-05-25 05:00:00,-2.0,997.2,79.33168958072388
2023-05-25 06:00:00,-2.0,998.0,80.54025751338591
2023-05-25 07:00:00,-1.9,998.9,81.16479448824111
2023-05-25 08:00:00,-2.0,999.8,82.38380089710469
2023-05-25 09:00:00,-1.7,1001.2,79.97871636443607
2023-05-25 10:00:00,-2.0,1002.9,83.00659543299165
2023-05-25 11:00:00,-2.0,1004.4,83.63357021133505
2023-05-25 12:00:00,-1.9,1005.6,83.64602815720427
2023-05-25 13:00:00,-2.0,1005.7,85.53981957393279
2023-05-25 14:00:00,-1.5,1007.2,82.45021251134898
2023-05-25 15:00:00,-1.7,1008.5,81.1930259274044
2023-05-25 16:00:00,-2.0,1009.7,79.33168958072388
2023-05-25 17:00:00,-1.9,1010.7,76.39770312495067
2023-05-25 18:00:00,-1.9,1011.5,75.81967575562543
2023-05-25 19:00:00,-1.9,1012.2,73.54625734786678
2023-05-25 20:00:00,-1.7,1013.1,68.69454791502105
2023-05-25 21:00:00,-1.7,1013.8,67.64808643937535
2023-05-25 22:00:00,-1.5,1014.3,67.17499266909869
2023-05-25 23:00:00,-1.7,1015.1,68.16953066962185
2023-05-26 00:00:00,-1.7,1015.4,73.02588539163469
2023-05-26 01:00:00,-1.7,1015.6,71.9208815151669
2023-05-26 02:00:00,-1.7,1015.8,65.59761854568632
2023-05-26 03:00:00,-1.5,1015.9,65.14056311635777
2023-05-26 04:00:00,-1.4,1016.0,70.35337713209941
2023-05-26 05:00:00,-1.0,1016.1,70.97337211865107
2023-05-26 06:00:00,-0.5,1016.0,76.06352734247147
2023-05-26 07:00:00,0.0,1016.2,75.5822283491966
2023-05-26 08:00:00,0.5,1016.0,77.95568891188177
2023-05-26 10:00:00,0.6,1016.1,69.18606754960456
2023-05-26 11:00:00,1.0,1016.1,62.330299857613255
2023-05-26 12:00:00,1.1,1016.2,62.35476221402189
2023-05-26 13:00:00,1.2,1016.2,52.724614658602654
2023-05-26 14:00:00,1.7,1015.7,49.320567444558485
2023-05-26 15:00:00,2.0,1015.3,68.45381950911703
2023-05-26 16:00:00,1.6,1014.8,67.3531560087606
2023-05-26 17:00:00,1.6,1014.0,73.10509167017699
2023-05-26 18:00:00,1.6,1013.5,70.96491418307393
2023-05-26 19:00:00,1.2,1012.9,73.57455503376738
2023-05-26 20:00:00,1.0,1012.0,79.1978708757309
2023-05-26 21:00:00,1.1,1011.3,79.21310082545031
2023-05-26 22:00:00,1.1,1010.3,78.05172329729844
2023-05-26 23:00:00,1.2,1009.3,80.99799957219847
2023-05-27 00:00:00,1.2,1008.2,84.64292532696574
2023-05-27 01:00:00,1.5,1007.1,82.84120100857713
2023-05-27 02:00:00,1.5,1006.0,80.44752575111448
2023-05-27 03:00:00,1.5,1004.8,76.97201817139909
2023-05-27 04:00:00,1.6,1003.8,76.42284605987777
2023-05-27 05:00:00,1.5,1003.0,83.44940300334075
2023-05-27 06:00:00,1.2,1002.4,84.02551630879778
2023-05-27 07:00:00,1.0,1001.9,88.41472607968947
2023-05-27 08:00:00,1.2,1001.3,85.88982850947745
2023-05-27 09:00:00,1.1,1001.2,92.36598495645184
2023-05-27 10:00:00,1.7,1000.9,77.00518339978348
2023-05-27 11:00:00,2.2,1000.5,70.56058306380827
2023-05-27 12:00:00,2.7,1000.0,69.62567109782654
2023-05-27 13:00:00,2.1,999.9,63.0702707148245
2023-05-27 14:00:00,1.2,1001.4,76.92214324861156
2023-05-27 15:00:00,0.7,1002.3,78.5680113451439
2023-05-27 16:00:00,0.6,1002.8,74.56739812055743
2023-05-27 17:00:00,0.7,1002.9,71.31569967204412
2023-05-27 18:00:00,0.2,1003.7,71.21559671360943
2023-05-27 19:00:00,0.2,1004.7,70.68171560759804
2023-05-27 20:00:00,0.0,1005.4,75.5822283491966
2023-05-27 21:00:00,0.0,1006.0,79.63526383037762
2023-05-27 22:00:00,-0.2,1006.2,83.85573048272315
2023-05-27 23:00:00,-0.5,1006.4,81.96953285886674
2023-05-28 00:00:00,-1.0,1006.8,82.51626377978262
2023-05-28 01:00:00,-2.0,1007.0,88.14149638533925
2023-05-28 02:00:00,-2.2,1007.0,86.16238105929526
2023-05-28 03:00:00,-1.0,1006.9,67.28662807081818
2023-05-28 04:00:00,-0.7,1007.2,73.21686156453832
2023-05-28 05:00:00,-0.4,1007.0,71.09483484052048
2023-05-28 06:00:00,0.1,1007.0,69.08011754863193
2023-05-28 07:00:00,0.0,1006.8,79.63526383037762
2023-05-28 08:00:00,-0.2,1006.8,85.73823366829313
2023-05-28 09:00:00,0.2,1006.8,82.06377875824955
2023-05-28 10:00:00,0.2,1006.7,85.15192707145415
2023-05-28 11:00:00,0.5,1006.2,85.81432583031103
2023-05-28 12:00:00,1.0,1005.8,84.6196776198425
2023-05-28 13:00:00,1.0,1005.3,89.06169922834574
2023-05-28 14:00:00,1.5,1004.6,91.72435105065941
2023-05-28 15:00:00,1.7,1004.0,91.73732839520807
2023-05-28 16:00:00,1.2,1003.8,94.3994211893991
2023-05-28 17:00:00,1.2,1003.3,94.3994211893991
2023-05-28 18:00:00,1.0,1003.2,94.39048550746949
2023-05-28 19:00:00,1.2,1002.9,95.08393754666196
2023-05-28 20:00:00,1.7,1002.6,95.78975614003447
2023-05-28 21:00:00,1.7,1002.4,95.10353243086632
2023-05-28 22:00:00,1.7,1002.6,95.78975614003447
2023-05-28 23:00:00,1.7,1002.6,91.73732839520807
2023-05-29 00:00:00,1.1,1003.2,93.7142859670883
2023-05-29 01:00:00,0.7,1004.4,95.06422585058047
2023-05-29 02:00:00,0.5,1005.4,94.3680534789215
2023-05-29 03:00:00,0.2,1006.2,93.66910828389888
2023-05-29 04:00:00,0.2,1006.9,90.30779776799781
2023-05-29 05:00:00,0.5,1007.4,87.72470700409579
2023-05-29 06:00:00,0.5,1007.5,88.3698324625678
2023-05-29 07:00:00,1.0,1008.2,86.4987425359005
2023-05-29 08:00:00,1.5,1009.3,84.06156238883037
2023-05-29 09:00:00,1.5,1010.4,85.92200780241288
2023-05-29 10:00:00,2.2,1011.0,82.93062151121117
2023-05-29 11:00:00,2.7,1011.8,80.03507713965709
2023-05-29 12:00:00,2.5,1012.1,81.77210796736091
2023-05-29 13:00:00,2.5,1012.6,82.36849670364835
2023-05-29 14:00:00,2.2,1013.0,82.32917582493161
2023-05-29 15:00:00,2.2,1013.1,85.37555029946809
2023-05-29 16:00:00,2.5,1013.0,84.79279992666014
2023-05-29 17:00:00,1.7,1012.9,84.70082200911042
2023-05-29 18:00:00,1.0,1012.7,86.4987425359005
2023-05-29 19:00:00,0.6,1012.4,86.45735330275241
2023-05-29 20:00:00,0.2,1011.7,89.64852459959666
2023-05-29 21:00:00,0.7,1011.3,90.34564785839248
2023-05-29 22:00:00,0.7,1010.2,89.688807804387
2023-05-29 23:00:00,0.7,1009.3,91.00675049201543
2023-05-30 00:00:00,0.2,1008.4,95.04439642103681
2023-05-30 01:00:00,0.2,1007.4,95.73873159030938
2023-05-30 02:00:00,0.1,1006.2,95.73529727263231
2023-05-30 03:00:00,0.2,1004.8,96.43756078120795
2023-05-30 04:00:00,0.2,1003.6,96.43756078120795
2023-05-30 05:00:00,1.0,1002.3,94.39048550746949
2023-05-30 06:00:00,1.1,1001.5,92.36598495645184
2023-05-30 07:00:00,1.6,1000.6,90.41323184476457
2023-05-30 08:00:00,1.0,1001.0,91.02788183294317
2023-05-30 09:00:00,0.7,1001.8,95.75584157843477
2023-05-30 10:00:00,0.7,1002.3,92.3418391520447
2023-05-30 11:00:00,0.5,1004.0,92.3297238875498
2023-05-30 12:00:00,-0.5,1005.8,92.2687204582999
2023-05-30 13:00:00,-1.2,1007.6,87.56215762290277
2023-05-30 14:00:00,-1.7,1008.9,84.9348534060726
2023-05-30 15:00:00,-1.9,1010.4,84.91173588600893
2023-05-30 16:00:00,-2.5,1012.1,81.69629807315559
2023-05-30 17:00:00,-2.4,1013.2,83.58360089278408
2023-05-30 18:00:00,-2.5,1014.3,81.07973414490077
2023-05-30 19:00:00,-2.7,1015.0,80.4380218244171
2023-05-30 20:00:00,-2.7,1016.0,82.91598341677833
2023-05-30 21:00:00,-2.7,1016.6,85.46157316233152
2023-05-30 22:00:00,-2.5,1016.8,82.31702643785411
2023-05-30 23:00:00,-1.7,1017.2,81.80630224801871
2023-05-31 00:00:00,-1.4,1017.2,83.08371153761347
2023-05-31 01:00:00,-0.9,1017.0,82.52943101048345
2023-05-31 02:00:00,-0.4,1017.3,83.83126228987362
2023-05-31 03:00:00,-0.5,1017.7,84.44368128440878
2023-05-31 04:00:00,-0.7,1017.7,85.68351793124346
2023-05-31 05:00:00,-0.7,1017.9,85.04967299814432
2023-05-31 06:00:00,-0.2,1018.2,84.47911339828723
2023-05-31 07:00:00,0.0,1018.6,80.82817419918915
2023-05-31 08:00:00,0.0,1019.4,76.72110766615444
2023-05-31 09:00:00,0.2,1019.6,74.49479974834094
2023-05-31 10:00:00,0.2,1020.5,71.75305806724356
2023-05-31 11:00:00,0.2,1020.9,71.21559671360943
2023-05-31 12:00:00,0.2,1022.0,75.61729360049797
2023-05-31 13:00:00,0.2,1022.8,76.18415388647234
2023-05-31 14:00:00,0.5,1023.4,74.54927571753703
2023-05-31 15:00:00,0.5,1024.1,74.54927571753703
2023-05-31 16:00:00,0.6,1025.0,75.68721167444083
2023-05-31 17:00:00,0.5,1025.4,75.66975865487531
2023-05-31 18:00:00,0.2,1025.6,76.18415388647234
2023-05-31 19:00:00,0.0,1025.7,80.22975039312503
2023-05-31 20:00:00,-0.2,1025.6,79.60519405923638
2023-05-31 21:00:00,0.1,1025.5,65.51226084723248
2023-05-31 22:00:00,0.2,1025.9,54.9418395704485
2023-05-31 23:00:00,-0.2,1026.0,61.56139625255781
2023-06-01 00:00:00,-0.9,1026.0,63.79521034754369
2023-06-01 01:00:00,-1.0,1025.8,66.26505008582463
2023-06-01 02:00:00,-1.0,1025.3,72.6076286130699
2023-06-01 03:00:00,0.0,1024.8,76.14977684617034
2023-06-01 04:00:00,1.2,1024.3,69.31255291215838
2023-06-01 05:00:00,1.0,1024.0,85.24196876431684
2023-06-01 06:00:00,0.2,1023.7,82.06377875824955
2023-06-01 07:00:00,0.1,1023.3,83.27430397508597
2023-06-01 08:00:00,0.0,1023.0,90.95715781967971
2023-06-01 09:00:00,0.5,1022.7,90.99262214739893
2023-06-01 10:00:00,0.6,1022.2,93.68924649131938
2023-06-01 15:00:00,2.0,1019.2,93.75898728590181
2023-06-01 16:00:00,1.2,1018.6,94.3994211893991
2023-06-01 17:00:00,1.2,1017.7,96.46618138062811
2023-06-01 18:00:00,1.2,1016.6,96.46618138062811
2023-06-01 19:00:00,1.6,1015.7,95.09962275503979
2023-06-01 20:00:00,2.0,1014.3,95.11523367172789
2023-06-01 21:00:00,2.7,1013.3,95.8232688028567
2023-06-01 22:00:00,3.5,1012.4,91.85278421733881
2023-06-01 23:00:00,3.0,1012.1,86.08131229073528
2023-06-02 00:00:00,2.2,1011.7,87.25096492104907
2023-06-02 01:00:00,2.0,1011.4,87.23145875891231
2023-06-02 02:00:00,1.7,1010.7,86.57073112012378
2023-06-02 03:00:00,1.1,1010.2,85.25316814977491
2023-06-02 04:00:00,0.7,1009.5,84.58471021738568
2023-06-02 05:00:00,-0.4,1008.6,87.63904109002196
2023-06-02 06:00:00,-0.5,1009.5,84.44368128440878
2023-06-02 07:00:00,0.0,1009.7,85.76003478206532
2023-06-02 08:00:00,0.0,1009.7,92.29931147269156
2023-06-02 09:00:00,0.5,1010.1,93.00478580831098
2023-06-02 10:00:00,0.2,1010.3,95.73873159030938
2023-06-02 11:00:00,0.6,1011.0,95.0602694129974
2023-06-02 12:00:00,0.5,1011.9,93.00478580831098
2023-06-02 13:00:00,0.7,1013.1,89.688807804387
2023-06-02 14:00:00,0.7,1013.9,88.38782044405863
2023-06-02 15:00:00,0.7,1014.7,88.38782044405863
2023-06-02 16:00:00,0.5,1015.8,87.72470700409579
2023-06-02 17:00:00,0.1,1016.4,88.98495897948412
2023-06-02 18:00:00,-0.2,1017.3,90.9429144406859
2023-06-02 19:00:00,-0.5,1017.9,90.92148729361404
2023-06-02 20:00:00,-0.5,1018.3,91.59290597108397
2023-06-02 21:00:00,-0.5,1018.6,90.92148729361404
2023-06-02 22:00:00,-0.7,1018.5,90.9071609963124
2023-06-02 23:00:00,-0.7,1018.8,86.96380313558787
2023-06-03 00:00:00,-0.9,1019.0,90.22375503135702
2023-06-03 01:00:00,-1.0,1019.3,88.89008796734637
2023-06-03 02:00:00,-0.5,1019.4,86.34257446879407
2023-06-03 03:00:00,-0.4,1019.4,86.9939451377467
2023-06-03 04:00:00,-0.5,1019.2,88.27927734509338
2023-06-03 05:00:00,-0.4,1019.2,89.59987875840511
2023-06-03 06:00:00,-0.2,1018.8,90.27736023239346
2023-06-03 07:00:00,-0.2,1018.3,91.61281836788578
2023-06-03 08:00:00,-0.2,1017.9,93.64887465643805
2023-06-03 09:00:00,-0.2,1017.3,94.33642422935549
2023-06-03 10:00:00,0.5,1016.5,93.68422085265917
2023-06-03 11:00:00,1.0,1015.6,95.07606693706266
2023-06-03 12:00:00,1.2,1014.3,95.77284949368438
2023-06-03 13:00:00,1.6,1013.1,95.78638287394953
2023-06-03 14:00:00,2.6,1012.5,95.81993544217441
2023-06-03 15:00:00,2.6,1011.5,96.50567784766658
2023-06-03 16:00:00,3.7,1010.5,95.85638584363429
2023-06-03 17:00:00,3.6,1009.8,91.85912843818588
2023-06-03 18:00:00,3.0,1009.3,89.87117471112379
2023-06-03 19:00:00,2.1,1009.2,86.61161636519999
2023-06-03 20:00:00,0.6,1009.1,85.19704739907803
2023-06-03 21:00:00,-0.2,1008.6,85.73823366829313
2023-06-03 22:00:00,0.0,1008.7,87.67722242964999
2023-06-03 23:00:00,0.0,1009.2,89.63234653902111
2023-06-04 00:00:00,0.0,1009.6,88.32468351371529
2023-06-04 01:00:00,-0.2,1010.4,88.95920329772198
2023-06-04 02:00:00,-0.7,1011.3,88.91608040381527
2023-06-04 03:00:00,-0.9,1011.9,90.89280135495625
2023-06-04 04:00:00,-0.7,1012.4,88.2610424299705
2023-06-04 05:00:00,-0.7,1012.9,88.2610424299705
2023-06-04 06:00:00,-1.0,1014.1,88.89008796734637
2023-06-04 07:00:00,-1.2,1015.2,88.21527294951326
2023-06-04 08:00:00,-1.2,1016.4,89.53449342515609
2023-06-04 09:00:00,-0.7,1017.1,85.68351793124346
2023-06-04 10:00:00,-1.0,1018.3,88.23361205174115
2023-06-04 11:00:00,-1.0,1019.3,89.55089626133945
2023-06-04 12:00:00,-0.7,1020.0,88.2610424299705
2023-06-04 13:00:00,-0.7,1020.4,88.2610424299705
2023-06-04 14:00:00,-0.7,1021.4,86.96380313558787
2023-06-04 15:00:00,-1.0,1021.9,85.65054176477841
2023-06-04 16:00:00,-1.2,1022.3,86.26879370372735
2023-06-04 17:00:00,-1.2,1022.7,85.62849622570909
2023-06-04 18:00:00,-1.2,1022.8,83.7328508383739
2023-06-04 19:00:00,-0.9,1023.1,80.69937280700256
2023-06-04 20:00:00,-0.7,1023.3,79.52974156918084
2023-06-04 21:00:00,-0.7,1023.5,78.93650813575896
2023-06-04 22:00:00,-1.0,1023.6,80.08263263285758
2023-06-04 23:00:00,-1.0,1023.6,80.68498500557595
2023-06-05 00:00:00,-1.0,1024.0,81.90177728341357
2023-06-05 01:00:00,-1.0,1024.1,81.90177728341357
2023-06-05 02:00:00,-1.0,1024.0,83.75753480564771
2023-06-05 03:00:00,-1.0,1024.1,85.65054176477841
2023-06-05 04:00:00,-1.2,1024.0,87.56215762290277
2023-06-05 05:00:00,-1.2,1023.6,83.109304596872
2023-06-05 06:00:00,-0.7,1023.5,80.72810234438423
2023-06-05 07:00:00,-0.5,1023.3,80.75677059863608
2023-06-05 08:00:00,-0.2,1023.1,80.79965843396265
2023-06-05 09:00:00,-0.2,1023.1,83.85573048272315
2023-06-05 10:00:00,-0.2,1023.2,84.47911339828723
2023-06-05 11:00:00,-0.2,1023.4,83.23643457801427
2023-06-05 12:00:00,-0.2,1023.2,81.40283733867356
2023-06-05 13:00:00,0.0,1023.1,80.22975039312503
2023-06-05 14:00:00,-0.4,1022.8,87.63904109002196
2023-06-05 15:00:00,0.0,1022.6,83.2616945915356
2023-06-05 16:00:00,-0.2,1022.5,82.62120247031395
2023-06-05 17:00:00,0.0,1022.4,81.43055780469612
2023-06-05 18:00:00,0.0,1022.3,79.0446920617646
2023-06-05 19:00:00,-0.2,1022.3,82.62120247031395
2023-06-05 20:00:00,0.0,1022.2,83.88014510869826
2023-06-05 21:00:00,-0.2,1022.1,80.20045156392185
2023-06-05 22:00:00,-0.2,1022.2,85.1066066486579
2023-06-05 23:00:00,0.0,1022.5,80.82817419918915
2023-06-06 00:00:00,-0.4,1022.9,83.83126228987362
2023-06-06 01:00:00,-0.4,1022.7,84.45550501023716
2023-06-06 02:00:00,-0.4,1022.6,85.08387104547309
2023-06-06 03:00:00,-0.4,1022.5,84.45550501023716
2023-06-06 04:00:00,-0.4,1022.3,85.08387104547309
2023-06-06 05:00:00,-0.2,1022.5,85.1066066486579
2023-06-06 06:00:00,0.5,1022.5,77.95568891188177
2023-06-06 07:00:00,1.2,1022.3,76.35499426226066
2023-06-06 08:00:00,1.2,1022.3,78.64609285025968
2023-06-06 10:00:00,1.5,1022.5,76.4059089179522
2023-06-06 11:00:00,1.7,1022.4,75.8780361116585
2023-06-06 12:00:00,2.1,1022.2,72.66050508157038
2023-06-06 13:00:00,2.2,1022.1,74.30573632763704
2023-06-06 14:00:00,2.2,1021.9,74.30573632763704
2023-06-06 15:00:00,2.2,1021.6,76.52410910401552
2023-06-06 16:00:00,2.1,1021.3,74.83707556341564
2023-06-06 17:00:00,2.5,1020.9,73.81546015228979
2023-06-06 18:00:00,2.0,1020.7,74.81922222564012
2023-06-06 19:00:00,1.7,1020.8,73.12397276659894
2023-06-06 20:00:00,1.5,1020.8,76.4059089179522
2023-06-06 21:00:00,1.2,1020.6,75.23182037495401
2023-06-06 22:00:00,1.1,1020.6,76.33798822882422
2023-06-06 23:00:00,0.7,1020.5,87.74362591693023
2023-06-07 00:00:00,0.6,1020.4,89.6807696163842
2023-06-07 01:00:00,0.5,1020.2,89.67272221568071
2023-06-07 02:00:00,0.6,1020.1,90.3380952661415
2023-06-07 03:00:00,0.6,1019.8,88.37883155240924
2023-06-07 04:00:00,0.7,1019.7,89.688807804387
2023-06-07 05:00:00,0.6,1019.7,91.66557898439946
2023-06-07 06:00:00,0.6,1019.9,91.66557898439946
2023-06-07 07:00:00,1.2,1019.9,91.7048285371109
2023-06-07 08:00:00,1.2,1020.2,90.3832807788543
2023-06-07 09:00:00,1.7,1020.3,86.57073112012378
2023-06-07 10:00:00,2.0,1020.5,77.05480458775617
2023-06-07 11:00:00,2.1,1020.6,75.3901773656082
2023-06-07 12:00:00,2.0,1020.9,77.05480458775617
2023-06-07 13:00:00,2.1,1021.0,79.3645290056152
2023-06-07 14:00:00,1.7,1021.1,75.8780361116585
2023-06-07 15:00:00,1.7,1021.3,78.7237698970863
2023-06-07 16:00:00,1.1,1021.3,82.78979972034702
2023-06-07 17:00:00,1.0,1021.5,83.38717315110453
2023-06-07 18:00:00,1.0,1021.7,76.32096491876086
2023-06-07 19:00:00,1.0,1021.8,78.03575889953693
2023-06-07 20:00:00,0.7,1021.8,85.20829634902996
2023-06-07 21:00:00,0.5,1022.0,79.71016166023274
2023-06-07 22:00:00,0.2,1022.0,90.9713682071004
2023-06-07 23:00:00,0.2,1022.0,87.05392464470452
2023-06-08 00:00:00,0.2,1022.1,95.04439642103681
2023-06-08 01:00:00,0.6,1021.9,95.7524277725059
2023-06-08 02:00:00,1.1,1021.7,91.03490934892301
2023-06-08 03:00:00,1.1,1021.8,93.03797031522437
2023-06-08 04:00:00,1.0,1021.8,91.6917757298076
2023-06-08 05:00:00,0.6,1021.8,92.33578505901374
2023-06-08 06:00:00,1.0,1021.9,90.36825356678611
2023-06-08 07:00:00,1.1,1022.2,93.03797031522437
2023-06-08 08:00:00,1.6,1022.3,95.78638287394953
2023-06-08 09:00:00,1.7,1022.3,96.48036331077311
2023-06-08 10:00:00,2.1,1022.2,97.18446507021248
2023-06-08 13:00:00,2.5,1021.8,95.13464355162179
2023-06-08 14:00:00,3.0,1021.6,95.83324517300589
2023-06-08 15:00:00,3.0,1021.4,95.15393897430994
2023-06-08 16:00:00,2.7,1020.8,96.50847380763614
2023-06-08 17:00:00,2.7,1020.5,96.50847380763614
2023-06-08 18:00:00,2.6,1020.3,96.50567784766658
2023-06-08 19:00:00,2.2,1020.1,97.88339455605323
2023-06-08 20:00:00,2.5,1020.1,96.50287854856931
2023-06-08 21:00:00,2.6,1020.0,97.19576256588776
2023-06-08 22:00:00,2.7,1019.7,97.89191284169895
2023-06-08 23:00:00,2.7,1019.7,96.50847380763614
2023-06-09 00:00:00,3.0,1019.5,96.51684170547597
2023-06-09 01:00:00,3.0,1019.1,96.51684170547597
2023-06-09 02:00:00,2.7,1019.0,97.89191284169895
2023-06-09 03:00:00,3.0,1018.5,96.51684170547597
2023-06-09 04:00:00,2.7,1018.2,97.89191284169895
2023-06-09 05:00:00,2.7,1017.9,97.19801394392582
2023-06-09 06:00:00,3.0,1017.6,95.83324517300589
2023-06-09 07:00:00,2.7,1017.2,97.19801394392582
2023-06-09 08:00:00,2.6,1016.8,97.19576256588776
2023-06-09 09:00:00,2.5,1016.4,96.50287854856931
2023-06-09 10:00:00,2.7,1016.2,98.59019423720675
2023-06-09 11:00:00,2.7,1016.0,98.59019423720675
2023-06-09 12:00:00,2.7,1016.0,98.59019423720675
2023-06-09 13:00:00,2.7,1016.0,97.89191284169895
2023-06-09 14:00:00,2.5,1015.7,97.88851168650504
2023-06-09 15:00:00,2.2,1015.8,99.29000534590858
2023-06-09 16:00:00,2.5,1015.6,97.88851168650504
2023-06-09 17:00:00,2.2,1015.4,99.29000534590858
2023-06-09 18:00:00,2.5,1015.1,98.58791200884404
2023-06-09 19:00:00,2.7,1014.7,98.59019423720675
2023-06-09 20:00:00,3.0,1014.5,97.89699924239694
2023-06-09 21:00:00,2.5,1014.6,97.88851168650504
2023-06-09 22:00:00,2.5,1014.3,97.88851168650504
2023-06-09 23:00:00,2.2,1014.2,100.0
2023-06-10 00:00:00,2.2,1014.1,99.29000534590858
2023-06-10 01:00:00,2.5,1013.9,97.88851168650504
2023-06-10 02:00:00,2.2,1013.7,100.0
2023-06-10 03:00:00,2.2,1013.1,99.29000534590858
2023-06-10 04:00:00,2.2,1012.5,98.58447828650894
2023-06-10 05:00:00,2.7,1012.2,98.59019423720675
2023-06-10 06:00:00,2.7,1012.1,99.29288197334145
2023-06-10 07:00:00,2.5,1011.6,98.58791200884404
2023-06-10 08:00:00,2.5,1011.3,99.2917334214519
2023-06-10 09:00:00,2.6,1011.1,99.2923080464888
2023-06-10 10:00:00,3.0,1010.8,97.89699924239694
2023-06-10 11:00:00,3.0,1010.5,98.59360724441984
2023-06-10 12:00:00,3.1,1010.1,98.59474216625459
2023-06-10 13:00:00,3.1,1009.2,98.59474216625459
2023-06-10 14:00:00,3.0,1008.6,99.29459957607514
2023-06-10 15:00:00,2.7,1007.9,99.29288197334145
2023-06-10 16:00:00,3.0,1007.7,98.59360724441984
2023-06-10 17:00:00,2.7,1007.5,98.59019423720675
2023-06-10 18:00:00,2.5,1007.3,98.58791200884404
2023-06-10 19:00:00,2.2,1006.8,98.58447828650894
2023-06-10 20:00:00,2.1,1006.6,97.88168472668718
2023-06-10 21:00:00,1.6,1006.5,95.09962275503979
2023-06-10 22:00:00,1.2,1006.1,95.08393754666196
2023-06-10 23:00:00,1.0,1005.6,93.03245577175895
2023-06-11 00:00:00,0.2,1005.3,95.73873159030938
2023-06-11 01:00:00,0.2,1004.9,95.04439642103681
2023-06-11 02:00:00,0.2,1004.5,92.98810567223708
2023-06-11 03:00:00,0.6,1004.1,90.9996904063376
2023-06-11 04:00:00,1.1,1003.5,90.3757714901858
2023-06-11 05:00:00,1.1,1002.8,91.69830592095273
2023-06-11 06:00:00,1.2,1002.1,94.3994211893991
2023-06-11 07:00:00,1.7,1001.4,94.42166814826878
2023-06-11 08:00:00,2.0,1000.6,93.75898728590181
2023-06-11 09:00:00,2.5,1000.1,91.13244838410306
2023-06-11 10:00:00,1.6,999.5,85.93271049160914
2023-06-11 11:00:00,2.2,999.1,81.13787635735659
2023-06-11 12:00:00,4.0,999.4,79.07594827428737
2023-06-11 13:00:00,4.2,999.3,77.9745281520753
2023-06-11 14:00:00,4.0,998.8,79.64793444511561
2023-06-11 15:00:00,3.5,998.6,79.00009845171296
2023-06-11 16:00:00,2.6,998.7,80.60504997845185
2023-06-11 17:00:00,2.2,999.0,82.32917582493161
2023-06-11 18:00:00,2.2,999.2,83.53596000033379
2023-06-11 19:00:00,1.5,999.1,86.55022018278777
2023-06-11 20:00:00,1.2,999.1,85.88982850947745
2023-06-11 21:00:00,1.2,999.7,86.5193680147029
2023-06-11 22:00:00,1.1,999.7,86.50906102297758
2023-06-11 23:00:00,1.1,1000.0,87.14313926505852
2023-06-12 00:00:00,1.0,1000.0,89.06169922834574
2023-06-12 01:00:00,1.1,1000.0,88.42367432827243
2023-06-12 02:00:00,1.0,1000.3,91.02788183294317
2023-06-12 03:00:00,1.1,1000.5,90.3757714901858
2023-06-12 04:00:00,1.2,1000.5,89.72886103389828
2023-06-12 05:00:00,1.2,1000.8,89.0786460466193
2023-06-12 06:00:00,1.5,1001.7,87.182502190398
2023-06-12 07:00:00,2.0,1002.7,82.30289165962968
2023-06-12 08:00:00,2.0,1003.8,84.12137788080179
2023-06-12 09:00:00,2.7,1005.0,82.99408196412462
2023-06-12 10:00:00,3.2,1006.0,79.52928763000068
2023-06-12 11:00:00,3.7,1007.1,80.18030919945403
2023-06-12 12:00:00,4.0,1008.0,77.38176882571845
2023-06-12 13:00:00,3.6,1009.0,80.1658541572213
2023-06-12 14:00:00,3.5,1009.3,78.42997189597686
2023-06-12 15:00:00,3.5,1010.4,80.73258391262888
2023-06-12 16:00:00,3.0,1010.9,81.8393324828555
2023-06-12 17:00:00,3.5,1011.5,79.5738956956125
2023-06-12 18:00:00,3.0,1012.1,78.92385600608863
2023-06-12 19:00:00,1.7,1012.3,87.83758362622342
2023-06-12 20:00:00,1.7,1012.7,87.2021176676348
2023-06-12 21:00:00,1.0,1012.8,90.36825356678611
2023-06-12 22:00:00,0.5,1012.9,93.00478580831098
2023-06-12 23:00:00,0.2,1012.7,94.35453027868783
2023-06-13 00:00:00,0.2,1012.7,94.35453027868783
2023-06-13 01:00:00,0.1,1012.4,95.73529727263231
2023-06-13 02:00:00,0.5,1012.0,96.44618313383081
2023-06-13 03:00:00,1.1,1011.3,97.16166531627822
2023-06-13 04:00:00,1.0,1010.8,95.76605852469864
2023-06-13 05:00:00,1.7,1010.3,92.40199314458661
2023-06-13 06:00:00,2.5,1010.2,88.54789357083767
2023-06-13 07:00:00,2.5,1010.3,87.91199295481616
2023-06-13 08:00:00,3.2,1009.7,83.65848132503892
2023-06-13 09:00:00,5.0,1010.2,77.54277854795491
2023-06-13 10:00:00,4.7,1010.2,80.32403375550003
2023-06-13 11:00:00,5.5,1010.0,76.521233432131
2023-06-13 12:00:00,6.2,1010.5,75.55401059447112
2023-06-13 13:00:00,7.0,1010.6,72.5367028262508
2023-06-13 14:00:00,7.0,1010.7,72.02253228163568
2023-06-13 15:00:00,7.0,1011.0,75.1566207394813
2023-06-13 16:00:00,6.1,1011.5,79.39028664218273
2023-06-13 17:00:00,5.7,1011.4,81.61596738413847
2023-06-13 18:00:00,5.0,1011.1,80.36686009806651
2023-06-13 19:00:00,5.2,1011.5,81.5487424986931
2023-06-13 20:00:00,5.0,1011.3,82.69131953445675
2023-06-13 21:00:00,4.7,1011.6,82.06524583029633
2023-06-13 22:00:00,4.2,1011.5,84.98560635882438
2023-06-13 23:00:00,4.0,1011.3,85.5726494159598
2023-06-14 00:00:00,3.2,1011.7,87.97655590922034
2023-06-14 01:00:00,2.7,1011.7,88.56547955804818
2023-06-14 02:00:00,3.0,1011.7,87.95816094920934
2023-06-14 03:00:00,3.2,1012.0,84.26361468650599
2023-06-14 04:00:00,2.7,1012.3,85.43069090101243
2023-06-14 05:00:00,3.0,1013.3,84.84987908032909
2023-06-14 06:00:00,3.5,1014.0,84.90664774269553
2023-06-14 07:00:00,4.6,1013.8,79.16645334678516
2023-06-14 08:00:00,4.7,1014.8,86.25870250498816
2023-06-14 09:00:00,4.1,1015.4,89.32010481187572
2023-06-14 10:00:00,4.5,1015.9,82.62744082577672
2023-06-14 11:00:00,5.0,1016.4,80.36686009806651
2023-06-14 12:00:00,5.5,1017.1,77.62267429865378
2023-06-14 13:00:00,4.7,1017.8,82.06524583029633
2023-06-14 14:00:00,5.2,1018.5,83.30632834399768
2023-06-14 15:00:00,5.5,1018.8,86.34104210122028
2023-06-14 16:00:00,4.6,1019.2,90.63354998113236
2023-06-14 17:00:00,4.7,1019.2,91.92843590038906
2023-06-14 18:00:00,4.6,1019.5,93.22697959115234
2023-06-14 19:00:00,4.0,1019.7,91.88443249582188
2023-06-14 20:00:00,3.5,1019.9,93.16840406265926
2023-06-14 21:00:00,3.2,1020.3,94.4876273074436
2023-06-14 22:00:00,3.1,1020.5,94.48326615273558
2023-06-14 23:00:00,3.1,1020.9,95.1577844024522
2023-06-15 00:00:00,3.2,1021.0,96.52240370482859
2023-06-15 01:00:00,3.2,1021.5,95.8398763884676
2023-06-15 02:00:00,3.0,1021.6,94.47889987231041
2023-06-15 04:00:00,3.2,1021.6,95.8398763884676
2023-06-15 05:00:00,4.5,1021.6,96.55823605990422
2023-06-15 06:00:00,3.0,1022.2,96.51684170547597
2023-06-15 07:00:00,2.7,1022.5,97.89191284169895
2023-06-15 08:00:00,3.2,1022.8,97.20923046474576
2023-06-15 09:00:00,3.5,1023.1,95.84979378804988
2023-06-15 10:00:00,3.2,1023.2,95.8398763884676
2023-06-15 11:00:00,3.7,1023.5,93.17910982551922
2023-06-15 14:00:00,5.2,1024.0,84.49660388061497
2023-06-15 15:00:00,5.2,1024.0,88.15826453617444
2023-06-15 16:00:00,5.7,1023.8,86.3615146258161
2023-06-15 17:00:00,5.2,1023.7,86.31024923171755
2023-06-15 18:00:00,5.6,1023.9,86.35128395849296
2023-06-15 19:00:00,5.0,1024.1,86.90267625892197
2023-06-15 21:00:00,4.2,1024.2,88.69612157712272
2023-06-15 22:00:00,3.7,1024.0,89.92573680014974
2023-06-15 23:00:00,4.2,1024.1,88.06791659152357
2023-06-16 00:00:00,4.0,1024.0,88.67882945718449
2023-06-16 01:00:00,3.7,1023.5,89.92573680014974
2023-06-16 02:00:00,3.7,1023.4,89.92573680014974
2023-06-16 03:00:00,3.5,1023.3,90.55364070943436
2023-06-16 04:00:00,3.2,1023.2,92.49092235705642
2023-06-16 05:00:00,3.2,1022.9,93.15229869797531
2023-06-16 06:00:00,3.2,1022.8,93.15229869797531
2023-06-16 07:00:00,3.6,1022.6,91.85912843818588
2023-06-16 08:00:00,3.7,1022.8,91.21481297706822
2023-06-16 09:00:00,4.2,1022.7,89.96444551445045
2023-06-16 10:00:00,4.2,1022.4,94.53095867829755
2023-06-16 11:00:00,4.6,1022.2,94.54814968918974
2023-06-16 12:00:00,4.6,1022.1,92.57254118746815
2023-06-16 13:00:00,4.2,1021.9,93.86629260799387
2023-06-16 14:00:00,4.1,1021.8,95.86952326864436
2023-06-16 15:00:00,4.0,1021.6,95.19218999943759
2023-06-16 16:00:00,3.7,1021.4,97.22038009370831
2023-06-16 17:00:00,3.5,1020.9,97.21592823522369
2023-06-16 18:00:00,3.0,1020.7,97.20475191319618
2023-06-16 19:00:00,3.0,1020.5,96.51684170547597
2023-06-16 20:00:00,3.0,1020.2,95.83324517300589
2023-06-16 21:00:00,3.0,1020.0,96.51684170547597
2023-06-16 22:00:00,3.0,1019.9,97.20475191319618
2023-06-16 23:00:00,3.0,1019.7,97.20475191319618
2023-06-17 00:00:00,3.0,1019.5,97.20475191319618
2023-06-17 01:00:00,2.7,1019.1,99.29288197334145
2023-06-17 02:00:00,3.0,1019.0,98.59360724441984
2023-06-17 03:00:00,3.0,1018.5,98.59360724441984
2023-06-17 04:00:00,3.1,1018.3,98.59474216625459
2023-06-17 05:00:00,3.6,1018.1,98.60039627019354
2023-06-17 06:00:00,4.0,1018.1,97.91382208924115
2023-06-17 07:00:00,3.6,1017.8,98.60039627019354
2023-06-17 08:00:00,3.7,1018.0,99.29858308904899
2023-06-17 09:00:00,4.1,1018.0,98.60601639907642
2023-06-17 10:00:00,4.0,1018.0,98.60489507825689
2023-06-17 11:00:00,4.0,1017.9,98.60489507825689
2023-06-17 12:00:00,4.0,1018.2,98.60489507825689
2023-06-17 13:00:00,4.5,1018.2,97.92215818527139
2023-06-17 14:00:00,4.0,1017.9,97.91382208924115
2023-06-17 15:00:00,4.1,1017.7,98.60601639907642
2023-06-17 16:00:00,4.0,1017.3,97.91382208924115
2023-06-17 17:00:00,5.0,1016.8,97.93044459314491
2023-06-17 18:00:00,4.5,1016.7,97.92215818527139
2023-06-17 19:00:00,4.7,1016.5,99.30421561424492
2023-06-17 20:00:00,4.1,1016.4,98.60601639907642
2023-06-17 21:00:00,3.7,1016.5,99.29858308904899
2023-06-17 22:00:00,3.5,1016.4,98.59926817613028
2023-06-17 23:00:00,3.5,1016.4,98.59926817613028
2023-06-18 00:00:00,3.5,1016.6,97.90543590846322
2023-06-18 03:00:00,2.7,1017.0,99.29288197334145
2023-06-18 04:00:00,2.5,1017.1,98.58791200884404
2023-06-18 05:00:00,2.5,1017.3,97.88851168650504
2023-06-18 06:00:00,2.7,1017.1,99.29288197334145
2023-06-18 07:00:00,2.7,1017.4,98.59019423720675
2023-06-18 08:00:00,3.1,1017.4,98.59474216625459
2023-06-18 09:00:00,3.6,1017.0,96.53348805357292
2023-06-18 11:00:00,5.0,1017.2,95.22999376493262
2023-06-18 15:00:00,3.5,1017.1,93.83244875226153
2023-06-18 16:00:00,3.7,1016.9,95.85638584363429
2023-06-18 17:00:00,3.5,1016.9,97.21592823522369
2023-06-18 18:00:00,3.6,1016.7,97.21815549383506
2023-06-18 19:00:00,3.7,1016.6,97.90879641648968
2023-06-18 20:00:00,3.6,1016.8,97.9071171705673
2023-06-18 21:00:00,3.7,1017.0,97.90879641648968
2023-06-18 22:00:00,3.5,1017.0,97.21592823522369
2023-06-18 23:00:00,3.5,1017.1,97.21592823522369
2023-06-19 00:00:00,3.2,1017.0,98.59587571814657
2023-06-19 01:00:00,3.2,1017.2,97.90037999285835
2023-06-19 02:00:00,3.2,1017.5,97.90037999285835
2023-06-19 03:00:00,3.5,1016.8,97.21592823522369
2023-06-19 04:00:00,3.5,1016.7,97.21592823522369
2023-06-19 05:00:00,3.1,1017.4,97.89869063379312
2023-06-19 06:00:00,3.2,1017.5,99.29574117428555
2023-06-19 07:00:00,3.7,1017.4,97.90879641648968
2023-06-19 08:00:00,3.6,1017.8,97.9071171705673
2023-06-19 09:00:00,3.6,1018.0,97.9071171705673
2023-06-19 10:00:00,3.7,1018.0,98.60152300526325
2023-06-19 11:00:00,4.1,1017.8,97.9154933024795
2023-06-19 12:00:00,4.1,1017.6,97.22925198987741
2023-06-19 13:00:00,4.2,1017.5,97.23146335903061
2023-06-19 14:00:00,4.5,1017.4,94.5438594682041
2023-06-19 15:00:00,4.2,1017.4,95.19978631110955
2023-06-19 16:00:00,4.2,1017.2,94.53095867829755
2023-06-19 17:00:00,4.7,1016.8,93.23226771606967
2023-06-19 18:00:00,4.7,1016.7,92.57832082384604
2023-06-19 19:00:00,4.7,1016.7,93.89029842663203
2023-06-19 20:00:00,5.5,1016.1,93.27435341432715
2023-06-19 21:00:00,5.0,1016.1,93.90463508669563
2023-06-19 22:00:00,4.7,1015.7,96.56369983853763
2023-06-19 23:00:00,4.5,1015.6,96.55823605990422
2023-06-20 00:00:00,4.1,1015.4,97.22925198987741
2023-06-20 01:00:00,4.0,1015.4,97.91382208924115
2023-06-20 02:00:00,4.2,1015.2,97.91716251552587
2023-06-20 03:00:00,4.0,1014.9,98.60489507825689
2023-06-20 04:00:00,4.0,1014.7,97.91382208924115
2023-06-20 05:00:00,4.1,1014.7,98.60601639907642
2023-06-20 06:00:00,4.0,1014.7,97.91382208924115
2023-06-20 07:00:00,4.1,1014.7,97.9154933024795
2023-06-20 08:00:00,4.0,1014.8,97.22703798294872
2023-06-20 09:00:00,4.1,1014.4,97.9154933024795
2023-06-20 10:00:00,3.7,1014.5,97.90879641648968
2023-06-20 11:00:00,4.0,1014.5,95.19218999943759
2023-06-20 12:00:00,4.2,1014.3,93.86629260799387
2023-06-20 13:00:00,4.5,1014.2,91.26909739687248
2023-06-20 14:00:00,5.0,1013.7,91.30277427861813
2023-06-20 15:00:00,5.0,1013.4,90.02592598477524
2023-06-20 16:00:00,5.0,1013.2,89.39344739105934
2023-06-20 17:00:00,5.5,1012.9,87.566627891252
2023-06-20 18:00:00,6.1,1012.0,88.85848239275784
2023-06-20 19:00:00,5.7,1011.8,88.8245866761485
2023-06-20 20:00:00,6.1,1011.6,90.10956099296793
2023-06-20 21:00:00,6.2,1011.2,90.74801573734898
2023-06-20 22:00:00,6.2,1010.7,91.3828211392285
2023-06-20 23:00:00,6.5,1010.3,90.76924849186582
2023-06-21 00:00:00,6.2,1010.0,92.66422295983362
2023-06-21 01:00:00,6.1,1009.6,93.30566377103474
2023-06-21 02:00:00,6.1,1009.1,94.61190630317566
2023-06-21 03:00:00,6.5,1008.5,94.62872103657998
2023-06-21 04:00:00,6.7,1008.1,96.61763354016009
2023-06-21 05:00:00,6.7,1007.7,96.61763354016009
2023-06-21 06:00:00,6.1,1007.3,95.9342891916745
2023-06-21 07:00:00,6.0,1007.0,95.93108692659358
2023-06-21 08:00:00,5.7,1006.9,97.2643201780339
2023-06-21 09:00:00,5.2,1006.5,97.93374533170261
2023-06-21 10:00:00,5.5,1006.4,96.58542613701198
2023-06-21 11:00:00,5.7,1006.0,97.9419628350068
2023-06-21 12:00:00,5.6,1005.8,97.94032324685872
2023-06-21 13:00:00,5.2,1005.7,98.61826242198549
2023-06-21 14:00:00,5.5,1005.5,97.93868170554958
2023-06-21 15:00:00,6.0,1005.1,97.27082165614588
2023-06-21 16:00:00,5.7,1004.9,98.62377563866852
2023-06-21 17:00:00,5.6,1004.6,97.94032324685872
2023-06-21 18:00:00,5.2,1004.3,98.61826242198549
2023-06-21 19:00:00,4.7,1004.3,98.61271608805484
2023-06-21 20:00:00,4.6,1004.5,97.92381942927669
2023-06-21 21:00:00,4.0,1004.4,97.91382208924115
2023-06-21 22:00:00,3.5,1004.3,98.59926817613028
2023-06-21 23:00:00,3.5,1004.8,98.59926817613028
2023-06-22 00:00:00,3.5,1005.0,97.90543590846322
2023-06-22 01:00:00,3.2,1005.0,99.29574117428555
2023-06-22 02:00:00,3.1,1005.1,98.59474216625459
2023-06-22 03:00:00,2.7,1005.5,99.29288197334145
2023-06-22 04:00:00,2.7,1005.9,97.89191284169895
2023-06-22 05:00:00,3.2,1005.9,97.20923046474576
2023-06-22 06:00:00,3.2,1006.7,92.49092235705642
2023-06-22 07:00:00,3.6,1007.2,93.17376005243975
2023-06-22 08:00:00,3.0,1007.9,93.14153052995037
2023-06-22 09:00:00,2.7,1008.5,92.46145109644264
2023-06-22 10:00:00,2.2,1008.7,94.4437841458576
2023-06-22 11:00:00,2.2,1009.0,95.12301141586744
2023-06-22 12:00:00,2.5,1009.4,92.44961468079542
2023-06-22 13:00:00,6.2,1009.5,73.42847227895264
2023-06-22 14:00:00,5.0,1010.1,82.69131953445675
2023-06-22 15:00:00,4.6,1010.5,86.24835922461199
2023-06-22 16:00:00,4.7,1010.9,86.87299712797866
2023-06-22 17:00:00,4.7,1010.7,88.11321624310253
2023-06-22 18:00:00,5.2,1010.7,85.09736769306365
2023-06-22 19:00:00,6.0,1010.7,78.25643150243262
2023-06-22 20:00:00,6.0,1010.8,77.15138183087959
2023-06-22 21:00:00,5.0,1011.0,82.69131953445675
2023-06-23 00:00:00,3.2,1011.4,89.24601509865104
2023-06-23 01:00:00,2.5,1011.5,88.54789357083767
2023-06-23 02:00:00,2.2,1011.4,89.80828438413754
2023-06-23 03:00:00,2.1,1011.4,90.45047794212677
2023-06-23 04:00:00,3.2,1011.1,87.97655590922034
2023-06-23 05:00:00,3.7,1011.3,83.11998479762475
2023-06-23 06:00:00,4.5,1011.2,82.03887846021473
2023-06-23 07:00:00,4.5,1011.2,85.62671348242807
2023-06-23 08:00:00,5.0,1011.5,84.47353086341313
2023-06-23 09:00:00,5.2,1011.7,84.49660388061497
2023-06-23 10:00:00,5.5,1011.8,85.1306604640253
2023-06-23 11:00:00,5.2,1012.1,89.40964526612586
2023-06-23 12:00:00,5.2,1012.3,86.92240796130858
2023-06-23 13:00:00,5.5,1012.5,85.1306604640253
2023-06-23 14:00:00,5.5,1012.5,87.566627891252
2023-06-23 15:00:00,6.1,1012.3,76.62057106375711
2023-06-23 16:00:00,6.6,1012.3,71.43397551362278
2023-06-23 17:00:00,7.0,1012.2,65.15541195807869
2023-06-23 18:00:00,6.5,1012.2,75.60533616507512
2023-06-23 19:00:00,6.1,1012.0,79.95474496457803
2023-06-23 20:00:00,5.7,1012.1,82.19625011114202
2023-06-23 21:00:00,5.7,1012.1,92.63575308838193
2023-06-23 22:00:00,5.7,1012.2,95.92145756337315
2023-06-23 23:00:00,5.6,1012.4,95.9182402334815
2023-06-24 00:00:00,5.2,1012.4,97.25343288579838
2023-06-24 01:00:00,5.2,1012.5,96.57730283988477
2023-06-24 02:00:00,5.2,1012.6,97.93374533170261
2023-06-24 03:00:00,5.5,1012.6,95.24873008174235
2023-06-24 04:00:00,5.0,1012.8,94.56526056746986
2023-06-24 05:00:00,4.7,1012.9,96.56369983853763
2023-06-24 06:00:00,5.0,1013.2,96.57187129040786
2023-06-24 07:00:00,5.1,1013.4,97.25124766651346
2023-06-24 08:00:00,5.1,1013.7,96.57458867029787
2023-06-24 09:00:00,5.7,1013.7,96.59082570875091
2023-06-24 10:00:00,6.2,1014.1,95.93748770514381
2023-06-24 11:00:00,6.1,1014.5,92.65854202729223
2023-06-24 12:00:00,6.2,1014.6,93.96148557333319
2023-06-24 13:00:00,7.0,1014.7,92.70943719278006
2023-06-25 18:00:00,7.0,1016.1,95.96294145022486
2023-06-25 22:00:00,7.7,1016.0,98.6455025445242
2023-06-26 00:00:00,7.2,1016.5,97.96632436213815
2023-06-26 01:00:00,7.6,1016.4,97.30510971707947
2023-06-26 02:00:00,7.7,1016.4,97.9743491428195
2023-06-26 03:00:00,7.6,1016.4,97.30510971707947
2023-06-26 04:00:00,7.0,1016.2,97.96310113924017
2023-06-26 05:00:00,8.1,1016.3,97.9807349364691
2023-06-26 06:00:00,8.1,1016.2,97.9807349364691
2023-06-26 07:00:00,8.0,1016.5,97.97914131211807
2023-06-26 08:00:00,7.6,1016.6,98.64442842956952
2023-06-26 09:00:00,7.7,1016.6,98.6455025445242
2023-06-26 10:00:00,8.5,1016.7,97.32411484187284
2023-06-26 11:00:00,9.1,1016.9,96.68070399559576
2023-06-26 12:00:00,8.7,1017.1,92.80415849429765
2023-06-26 13:00:00,9.0,1017.1,90.32517016956898
2023-06-26 14:00:00,9.5,1017.1,87.93415189362446
2023-06-26 15:00:00,9.5,1016.8,86.74214152985533
2023-06-26 16:00:00,9.2,1016.9,86.71265902439605
2023-06-26 17:00:00,9.5,1016.8,82.11555020853802
2023-06-26 18:00:00,9.5,1017.0,82.68168888894371
2023-06-26 19:00:00,8.2,1016.8,85.42549116263005
2023-06-26 20:00:00,8.6,1016.7,84.88135251202385
2023-06-26 21:00:00,8.2,1016.6,87.21324798579664
2023-06-26 22:00:00,7.7,1016.5,89.60908934306629
2023-06-26 23:00:00,8.1,1016.3,90.25900331323635
2023-06-27 00:00:00,7.5,1016.4,90.83950816979285
2023-06-27 01:00:00,7.0,1016.4,93.3522259387568
2023-06-27 02:00:00,5.2,1016.3,96.57730283988477
2023-06-27 03:00:00,5.0,1016.1,97.24905985076529
2023-06-27 04:00:00,4.7,1015.9,98.61271608805484
2023-06-27 05:00:00,5.2,1015.8,98.61826242198549
2023-06-27 06:00:00,6.7,1015.9,91.41585349154192
2023-06-27 07:00:00,6.5,1015.6,91.40266300686308
2023-06-27 08:00:00,7.5,1015.5,88.36229996627249
2023-06-27 09:00:00,7.5,1015.4,86.54377099312383
2023-06-27 10:00:00,6.5,1015.1,88.27422665585746
2023-06-27 11:00:00,6.7,1015.1,88.29191924695974
2023-06-27 12:00:00,6.7,1015.4,89.52997936216893
2023-06-27 13:00:00,6.6,1015.3,90.14723619408596
2023-06-27 14:00:00,7.1,1015.0,87.71557688797132
2023-06-27 15:00:00,8.7,1014.8,85.47915565575047
2023-06-27 16:00:00,10.0,1013.9,82.74413738934415
2023-06-27 17:00:00,10.7,1013.4,83.39617171108672
2023-06-27 18:00:00,9.5,1013.2,84.98087701433982
2023-06-27 19:00:00,9.6,1012.8,86.16171447824031
2023-06-27 20:00:00,9.1,1012.5,87.29865823795467
2023-06-27 21:00:00,8.2,1012.2,89.64831532946434
2023-06-27 22:00:00,8.2,1011.9,90.88822205941396
2023-06-27 23:00:00,8.0,1011.6,90.87434283512013
2023-06-28 00:00:00,7.5,1011.3,94.0221904104577
2023-06-28 01:00:00,8.0,1010.4,90.87434283512013
2023-06-28 02:00:00,7.2,1009.5,94.00826222089151
2023-06-28 03:00:00,7.2,1009.3,95.31162142695811
2023-06-28 04:00:00,7.0,1009.0,95.30428692276585
2023-06-28 05:00:00,7.0,1008.7,95.30428692276585
2023-06-28 06:00:00,6.7,1008.6,95.95342420141712
2023-06-28 07:00:00,6.7,1008.2,95.95342420141712
2023-06-28 08:00:00,6.6,1007.8,95.9502443590184
2023-06-28 09:00:00,6.7,1007.5,95.29325312606257
2023-06-28 10:00:00,7.0,1007.3,93.9989499969984
2023-06-28 11:00:00,7.0,1006.9,93.9989499969984
2023-06-28 12:00:00,6.7,1006.5,95.95342420141712
2023-06-28 13:00:00,6.7,1006.5,95.29325312606257
2023-06-28 14:00:00,6.6,1006.2,95.28956662340494
2023-06-28 15:00:00,6.5,1006.0,95.28587582453551
2023-06-28 16:00:00,6.5,1006.0,94.62872103657998
2023-06-28 17:00:00,6.2,1005.6,96.60426906942322
2023-06-28 18:00:00,6.6,1005.5,97.28375560129753
2023-06-28 19:00:00,6.5,1005.6,96.61229717933777
2023-06-28 20:00:00,6.5,1005.8,97.95500959546254
2023-06-28 21:00:00,7.0,1005.7,97.96310113924017
2023-06-28 22:00:00,6.6,1006.0,97.95663174331337
2023-06-28 23:00:00,6.2,1006.1,98.62925600061708
2023-06-29 00:00:00,6.7,1006.1,98.63470376775462
2023-06-29 01:00:00,7.2,1005.9,97.96632436213815
2023-06-29 02:00:00,6.7,1005.7,97.95825196859339
2023-06-29 03:00:00,7.0,1005.6,96.62561461039539
2023-06-29 04:00:00,7.0,1005.4,97.29232745823914
2023-06-29 05:00:00,6.7,1005.7,97.28590235960866
2023-06-29 06:00:00,6.6,1006.0,96.61496692773194
2023-06-29 07:00:00,6.5,1006.1,97.2816063069943
2023-06-29 08:00:00,6.5,1006.4,96.61229717933777
2023-06-29 09:00:00,6.7,1006.5,97.28590235960866
2023-06-29 10:00:00,6.7,1006.6,97.28590235960866
2023-06-29 11:00:00,7.0,1006.1,96.62561461039539
2023-06-29 12:00:00,6.5,1006.4,95.94706079396674
2023-06-29 13:00:00,6.5,1006.4,96.61229717933777
2023-06-29 16:00:00,6.6,1006.6,97.28375560129753
2023-06-29 17:00:00,6.5,1006.7,97.95500959546254
2023-06-29 18:00:00,6.7,1006.7,97.28590235960866
2023-06-29 19:00:00,6.7,1006.8,95.95342420141712
2023-06-29 20:00:00,6.5,1007.0,95.28587582453551
2023-06-29 21:00:00,6.5,1006.9,96.61229717933777
2023-06-29 22:00:00,6.5,1007.0,97.2816063069943
2023-06-29 23:00:00,6.2,1007.2,97.27514316832789
2023-06-30 01:00:00,6.1,1007.6,97.94850171762089
2023-06-30 02:00:00,6.1,1008.0,97.94850171762089
2023-06-30 03:00:00,6.5,1008.2,95.28587582453551
2023-06-30 04:00:00,6.0,1008.7,94.60769040321622
2023-06-30 05:00:00,6.1,1008.9,95.9342891916745
2023-06-30 06:00:00,6.0,1009.3,96.59890122643482
2023-06-30 07:00:00,6.0,1009.9,96.59890122643482
2023-06-30 08:00:00,6.2,1010.3,97.27514316832789
2023-06-30 09:00:00,7.2,1010.7,97.2965982499217
2023-06-30 10:00:00,8.1,1010.7,94.04990306382187
2023-06-30 11:00:00,7.7,1011.3,91.48136010360997
2023-06-30 12:00:00,8.2,1010.6,93.41356603850957
2023-06-30 13:00:00,8.0,1010.8,95.99442599627108
2023-06-30 14:00:00,7.6,1010.4,95.32623940636849
2023-06-30 15:00:00,7.5,1009.8,95.32259127383249
2023-06-30 16:00:00,7.7,1009.2,95.32988330819408
2023-06-30 17:00:00,8.5,1008.0,90.28849276671814
2023-06-30 18:00:00,7.2,1007.7,93.36250791436775
2023-06-30 19:00:00,6.6,1007.1,92.68688177489103
2023-06-30 20:00:00,7.0,1006.5,90.80447720493049
2023-06-30 21:00:00,6.2,1005.7,93.31086116405936
2023-06-30 22:00:00,6.2,1005.4,94.61611730900448
2023-06-30 23:00:00,6.5,1004.9,93.97557528721931
2023-07-01 00:00:00,6.7,1004.3,94.63709918799653
2023-07-01 01:00:00,6.6,1004.0,95.28956662340494
2023-07-01 02:00:00,6.7,1004.2,95.95342420141712
2023-07-01 03:00:00,6.7,1004.2,95.95342420141712
2023-07-01 04:00:00,6.6,1004.4,95.9502443590184
2023-07-01 05:00:00,6.5,1005.0,96.61229717933777
2023-07-01 06:00:00,6.2,1005.6,97.95013158613503
2023-07-01 07:00:00,6.1,1006.4,97.94850171762089
2023-07-01 08:00:00,6.5,1007.2,97.2816063069943
2023-07-01 09:00:00,6.0,1008.0,97.94686991131599
2023-07-01 10:00:00,6.2,1008.9,98.62925600061708
2023-07-01 11:00:00,7.0,1009.4,97.29232745823914
2023-07-01 12:00:00,7.7,1010.1,96.64412825513197
2023-07-01 13:00:00,7.7,1010.6,95.98501914090133
2023-07-01 14:00:00,7.6,1011.3,94.02682246707201
2023-07-01 15:00:00,7.6,1011.8,92.74307780262903
2023-07-01 16:00:00,8.5,1011.9,93.42877001292821
2023-07-01 17:00:00,8.1,1012.0,92.77093648723564
2023-07-01 18:00:00,7.2,1012.6,93.36250791436775
2023-07-01 19:00:00,7.5,1013.3,94.67041840957172
2023-07-01 20:00:00,7.2,1013.2,95.31162142695811
2023-07-01 21:00:00,6.5,1013.6,94.62872103657998
2023-07-01 22:00:00,6.2,1014.3,93.96148557333319
2023-07-01 23:00:00,6.5,1014.8,91.40266300686308
2023-07-02 00:00:00,6.1,1014.8,92.01539182345904
2023-07-02 01:00:00,6.0,1014.4,90.73382056884535
2023-07-02 02:00:00,6.0,1015.2,90.73382056884535
2023-07-02 03:00:00,5.7,1015.2,90.71246758121774
2023-07-02 04:00:00,5.7,1015.0,90.07926803723957
2023-07-02 05:00:00,5.7,1015.3,88.20306327682003
2023-07-02 06:00:00,6.2,1015.2,88.2476142554497
2023-07-02 07:00:00,6.2,1015.5,85.20792457541285
2023-07-02 08:00:00,6.7,1015.8,84.07706902290462
2023-07-02 09:00:00,6.6,1015.8,84.0653259547548
2023-07-02 10:00:00,6.5,1016.0,82.30006332007918
2023-07-02 11:00:00,7.0,1016.0,81.21727894075245
2023-07-02 12:00:00,7.0,1016.2,83.52604043246006
2023-07-02 13:00:00,6.5,1016.2,84.05357033766775
2023-07-02 14:00:00,6.2,1016.4,85.20792457541285
2023-07-02 15:00:00,6.5,1016.0,82.88093484098613
2023-07-02 16:00:00,5.7,1015.8,83.95907157575701
2023-07-02 17:00:00,4.6,1015.4,85.63749092167797
2023-07-02 18:00:00,4.5,1014.5,83.81579610862059
2023-07-02 19:00:00,3.2,1014.5,89.88680813121086
2023-07-02 20:00:00,2.7,1014.3,95.8232688028567
2023-07-02 21:00:00,2.6,1014.1,96.50567784766658
2023-07-02 22:00:00,2.2,1013.4,97.1867299977931
2023-07-02 23:00:00,2.0,1013.4,95.79985185029075
2023-07-03 00:00:00,2.5,1012.7,93.78361794681284
2023-07-03 01:00:00,2.7,1012.7,94.46577019715377
2023-07-03 02:00:00,2.7,1012.3,93.79342986441821
2023-07-03 03:00:00,3.0,1012.0,93.14153052995037
2023-07-03 04:00:00,3.2,1011.9,91.18063207257242
2023-07-03 05:00:00,3.5,1011.1,92.50852339491679
2023-07-03 06:00:00,3.7,1011.3,93.17910982551922
2023-07-03 07:00:00,3.5,1010.4,93.16840406265926
2023-07-03 08:00:00,3.7,1010.6,93.8421466297946
2023-07-03 09:00:00,5.0,1010.4,84.47353086341313
2023-07-03 10:00:00,5.1,1009.7,84.48507359225366
2023-07-03 11:00:00,5.0,1010.1,85.68048331561123
2023-07-03 12:00:00,5.2,1009.1,85.70190932475215
2023-07-03 13:00:00,4.7,1008.6,88.73918281486606
2023-07-03 14:00:00,5.5,1009.3,83.34324008471079
2023-07-03 15:00:00,4.7,1008.8,85.6482566081572
2023-07-03 16:00:00,4.5,1007.7,86.85315647495074
2023-07-03 17:00:00,4.2,1007.4,88.69612157712272
2023-07-03 18:00:00,4.1,1007.1,89.32010481187572
2023-07-03 19:00:00,4.0,1007.1,91.23522781889751
2023-07-03 20:00:00,4.1,1006.6,90.59735149417871
2023-07-03 21:00:00,4.1,1005.0,91.24201721939325
2023-07-03 22:00:00,4.0,1006.5,93.85665109611261
2023-07-03 23:00:00,4.0,1006.9,93.19512193933073
2023-07-04 00:00:00,4.0,1006.5,93.85665109611261
2023-07-04 01:00:00,4.2,1006.3,95.19978631110955
2023-07-04 02:00:00,4.2,1006.9,94.53095867829755
2023-07-04 03:00:00,4.6,1007.1,92.57254118746815
2023-07-04 04:00:00,4.2,1006.9,94.53095867829755
2023-07-04 05:00:00,4.5,1006.9,93.88071284962835
2023-07-04 06:00:00,5.1,1007.0,91.3094866577125
2023-07-04 07:00:00,5.0,1007.2,92.59561987307997
2023-07-04 08:00:00,6.2,1007.6,87.6321162616729
2023-07-04 09:00:00,6.0,1007.8,88.22982348150069
2023-07-04 10:00:00,6.2,1007.8,88.2476142554497
2023-07-04 11:00:00,6.6,1008.3,85.85059337624749
2023-07-04 12:00:00,8.0,1008.2,79.1145872459106
2023-07-04 13:00:00,8.0,1007.9,79.1145872459106
2023-07-04 14:00:00,8.5,1008.2,79.18873626831584
2023-07-04 15:00:00,9.1,1008.0,76.04386522963628
2023-07-04 16:00:00,8.0,1008.2,81.35254712725947
2023-07-04 17:00:00,7.7,1008.5,80.74635701683344
2023-07-04 18:00:00,6.0,1008.2,85.18590875373626
2023-07-04 19:00:00,8.2,1008.0,79.14429200720392
2023-07-04 20:00:00,6.0,1008.7,83.40449797723228
2023-07-04 21:00:00,5.5,1009.1,86.95192424618618
2023-07-04 22:00:00,6.1,1008.8,84.00642203659119
2023-07-04 23:00:00,6.2,1009.1,85.20792457541285
2023-07-05 00:00:00,5.0,1008.5,89.39344739105934
2023-07-05 01:00:00,5.0,1009.4,88.7649041897731
2023-07-05 02:00:00,5.0,1008.9,89.39344739105934
2023-07-05 03:00:00,4.7,1008.6,90.00293589210811
2023-07-05 04:00:00,4.5,1008.7,91.91589953024946
2023-07-05 05:00:00,4.5,1009.1,91.26909739687248
2023-07-05 06:00:00,4.5,1009.2,92.56675489101606
2023-07-05 07:00:00,4.5,1009.3,94.5438594682041
2023-07-05 08:00:00,4.5,1009.4,94.5438594682041
2023-07-05 09:00:00,5.7,1010.4,91.3496009084566
2023-07-05 10:00:00,6.2,1010.3,90.11711296891802
2023-07-05 11:00:00,6.2,1010.4,88.2476142554497
2023-07-05 12:00:00,6.2,1010.9,88.2476142554497
2023-07-05 13:00:00,6.2,1011.2,87.02041847046186
2023-07-05 14:00:00,6.0,1011.8,90.10200052430162
2023-07-05 15:00:00,6.5,1012.3,87.66002837013997
2023-07-05 16:00:00,6.5,1012.7,88.27422665585746
2023-07-05 17:00:00,5.7,1013.0,92.63575308838193
2023-07-05 18:00:00,6.0,1013.4,92.65285458369144
2023-07-05 19:00:00,6.0,1013.8,91.36955567053472
2023-07-05 20:00:00,6.1,1014.1,92.01539182345904
2023-07-05 21:00:00,5.5,1014.6,92.62431935595066
2023-07-05 22:00:00,5.7,1014.8,93.28481426028563
2023-07-05 23:00:00,5.6,1015.2,93.27958685245925
2023-07-06 00:00:00,5.7,1015.6,93.28481426028563
2023-07-06 01:00:00,5.7,1015.7,94.59501326339685
2023-07-06 02:00:00,5.6,1015.8,93.93315910656924
2023-07-06 03:00:00,5.1,1015.7,95.23374980838251
2023-07-06 04:00:00,5.2,1015.9,94.57378611080713
2023-07-06 05:00:00,5.5,1016.0,93.92841887109948
2023-07-06 06:00:00,5.7,1016.4,93.93789385449854
2023-07-06 07:00:00,5.5,1016.6,93.27435341432715
2023-07-06 08:00:00,6.0,1016.7,92.65285458369144
2023-07-06 09:00:00,6.5,1016.9,90.13971806479128
2023-07-06 10:00:00,6.5,1017.3,90.13971806479128
2023-07-06 11:00:00,6.5,1017.5,90.13971806479128
2023-07-06 12:00:00,6.2,1017.9,90.74801573734898
2023-07-06 15:00:00,6.5,1018.0,90.76924849186582
2023-07-06 16:00:00,6.6,1018.1,89.52201973538699
2023-07-06 17:00:00,6.6,1018.4,90.14723619408596
2023-07-06 18:00:00,6.1,1018.5,91.37619216801616
2023-07-06 19:00:00,6.0,1018.9,91.36955567053472
2023-07-06 20:00:00,6.0,1019.1,92.65285458369144
2023-07-06 21:00:00,6.0,1019.2,91.36955567053472
2023-07-06 22:00:00,5.7,1019.6,92.63575308838193
2023-07-06 23:00:00,5.6,1019.9,92.63003950230194
2023-07-07 00:00:00,5.5,1020.0,91.97829528811012
2023-07-07 01:00:00,5.2,1020.0,93.91416515554167
2023-07-07 02:00:00,5.1,1020.2,93.90940288592489
2023-07-07 03:00:00,5.2,1020.3,93.25861682646179
2023-07-07 04:00:00,5.5,1020.3,93.27435341432715
2023-07-07 05:00:00,5.5,1020.4,93.92841887109948
2023-07-07 06:00:00,5.7,1020.6,93.28481426028563
2023-07-07 07:00:00,5.5,1021.1,92.62431935595066
2023-07-07 08:00:00,5.6,1021.6,91.98449570273478
2023-07-07 09:00:00,5.6,1021.9,91.98449570273478
2023-07-07 10:00:00,5.5,1022.1,91.97829528811012
2023-07-07 12:00:00,6.1,1022.8,90.10956099296793
2023-07-07 13:00:00,6.5,1022.8,89.51405121553564
2023-07-07 14:00:00,6.2,1023.0,90.11711296891802
2023-07-07 15:00:00,6.7,1023.0,89.52997936216893
2023-07-07 16:00:00,6.7,1023.4,89.52997936216893
2023-07-07 17:00:00,6.7,1023.5,91.41585349154192
2023-07-07 18:00:00,6.7,1023.6,91.41585349154192
2023-07-07 19:00:00,6.5,1023.7,91.40266300686308
2023-07-07 20:00:00,6.2,1023.8,94.61611730900448
2023-07-07 21:00:00,6.2,1023.8,94.61611730900448
2023-07-07 22:00:00,6.2,1023.9,94.61611730900448
2023-07-07 23:00:00,6.2,1023.8,95.27477758440362
2023-07-08 00:00:00,6.2,1023.9,96.60426906942322
2023-07-08 01:00:00,6.5,1023.5,95.94706079396674
2023-07-08 02:00:00,6.5,1023.3,95.94706079396674
2023-07-08 03:00:00,6.2,1023.1,97.27514316832789
2023-07-08 04:00:00,6.1,1022.9,96.60158672818163
2023-07-08 05:00:00,6.7,1022.7,96.61763354016009
2023-07-08 06:00:00,6.7,1022.5,91.41585349154192
2023-07-08 07:00:00,6.5,1022.4,93.97557528721931
2023-07-08 08:00:00,6.0,1022.6,93.95206525663528
2023-07-08 09:00:00,5.7,1022.5,96.59082570875091
2023-07-08 10:00:00,5.6,1022.4,97.26214787992242
2023-07-08 11:00:00,5.7,1022.3,95.2561939730186
2023-07-08 12:00:00,5.5,1022.4,89.43387403862204
2023-07-08 13:00:00,5.5,1022.4,90.69819196089105
2023-07-08 14:00:00,5.5,1022.1,91.33625989666652
2023-07-08 15:00:00,5.5,1021.7,90.69819196089105
2023-07-08 16:00:00,5.5,1021.6,90.69819196089105
2023-07-08 17:00:00,5.5,1021.2,91.97829528811012
2023-07-08 18:00:00,6.0,1020.8,89.47407476631231
2023-07-08 19:00:00,6.2,1020.3,90.74801573734898
2023-07-08 20:00:00,6.1,1019.6,95.27106953437084
2023-07-08 21:00:00,6.5,1019.3,95.94706079396674
2023-07-08 22:00:00,7.0,1018.8,94.64963006328745
2023-07-08 23:00:00,7.2,1018.2,96.63091973326038
2023-07-09 00:00:00,7.1,1017.8,96.62826872765939
2023-07-09 01:00:00,6.7,1016.8,96.61763354016009
2023-07-09 02:00:00,6.6,1015.9,97.28375560129753
2023-07-09 03:00:00,6.5,1015.5,96.61229717933777
2023-07-09 04:00:00,6.1,1014.9,97.2729836902132
2023-07-09 05:00:00,5.7,1015.0,97.2643201780339
2023-07-09 06:00:00,5.5,1015.0,97.93868170554958
2023-07-09 07:00:00,6.0,1015.4,97.94686991131599
2023-07-09 08:00:00,6.0,1015.4,97.27082165614588
2023-07-09 09:00:00,5.5,1015.7,97.25997300570204
2023-07-09 10:00:00,5.6,1015.6,94.59077771168631
2023-07-09 11:00:00,6.5,1015.3,90.13971806479128
2023-07-09 12:00:00,6.5,1015.3,86.44295901169252
2023-07-09 13:00:00,6.7,1015.4,82.90599010877985
2023-07-09 14:00:00,7.7,1015.5,72.66789006711515
2023-07-09 15:00:00,4.0,1015.7,86.18606065024944
2023-07-09 16:00:00,3.7,1015.8,85.54006888220933
2023-07-09 17:00:00,3.2,1015.8,86.72311905344976
2023-07-09 18:00:00,3.1,1015.5,87.33820607797458
2023-07-09 19:00:00,3.0,1015.8,86.70294685196764
2023-07-09 20:00:00,3.0,1015.9,86.08131229073528
2023-07-09 21:00:00,3.0,1015.8,89.22944825878578
2023-07-09 22:00:00,3.0,1015.7,91.16690477821598
2023-07-09 23:00:00,3.0,1015.2,91.8209533237876
2023-07-10 00:00:00,3.0,1014.5,91.16690477821598
2023-07-10 01:00:00,2.6,1013.4,92.45553632128883
2023-07-10 02:00:00,2.5,1013.2,93.11450014637693
2023-07-10 03:00:00,2.6,1012.9,92.45553632128883
2023-07-10 04:00:00,2.6,1013.0,92.45553632128883
2023-07-10 05:00:00,2.5,1012.4,91.13244838410306
2023-07-10 06:00:00,2.5,1012.5,91.13244838410306
2023-07-10 07:00:00,2.5,1012.6,94.45699130563608
2023-07-10 08:00:00,2.2,1012.6,93.76885688626682
2023-07-10 09:00:00,2.5,1012.7,93.78361794681284
2023-07-10 10:00:00,2.6,1013.0,93.78852677863733
2023-07-10 11:00:00,2.7,1013.4,95.14237540553022
2023-07-10 12:00:00,2.7,1013.2,95.14237540553022
2023-07-10 13:00:00,3.0,1013.1,95.15393897430994
2023-07-10 14:00:00,2.7,1013.7,94.46577019715377
2023-07-10 15:00:00,2.6,1014.0,94.46138333420541
2023-07-10 16:00:00,2.5,1014.3,95.13464355162179
2023-07-10 17:00:00,2.5,1014.0,94.45699130563608
2023-07-10 18:00:00,2.2,1013.4,95.12301141586744
2023-07-10 19:00:00,2.1,1013.5,94.43937137438247
2023-07-10 20:00:00,2.2,1013.4,94.4437841458576
2023-07-10 21:00:00,2.2,1013.9,96.49446056360664
2023-07-10 22:00:00,2.7,1014.0,95.14237540553022
2023-07-10 23:00:00,3.0,1014.3,94.47889987231041
2023-07-11 00:00:00,3.0,1013.7,97.20475191319618
2023-07-11 01:00:00,3.2,1013.8,96.52240370482859
2023-07-11 02:00:00,3.2,1014.4,96.52240370482859
2023-07-11 03:00:00,3.2,1014.5,95.16162529501135
2023-07-11 04:00:00,3.1,1014.8,93.14691774616476
2023-07-11 05:00:00,3.5,1015.2,95.84979378804988
2023-07-11 06:00:00,3.7,1015.6,95.85638584363429
2023-07-11 07:00:00,3.7,1015.8,96.53625091068663
2023-07-11 08:00:00,4.1,1015.7,95.86952326864436
2023-07-11 09:00:00,4.1,1015.8,95.86952326864436
2023-07-11 10:00:00,4.6,1015.4,93.22697959115234
2023-07-11 11:00:00,4.0,1015.9,93.19512193933073
2023-07-11 12:00:00,4.2,1015.7,94.53095867829755
2023-07-11 13:00:00,3.7,1016.5,94.50935647242139
2023-07-11 14:00:00,4.5,1016.2,90.6263267233051
2023-07-11 15:00:00,3.5,1015.9,91.20116409900645
2023-07-11 16:00:00,3.5,1015.7,91.20116409900645
2023-07-11 17:00:00,3.0,1016.1,91.8209533237876
2023-07-11 18:00:00,2.1,1015.4,93.7639249813724
2023-07-11 19:00:00,2.0,1015.5,93.08731170579986
2023-07-11 20:00:00,1.1,1015.4,93.03797031522437
2023-07-11 21:00:00,0.7,1015.4,93.69426620322783
2023-07-11 22:00:00,0.7,1015.8,94.37704224444765
2023-07-11 23:00:00,0.6,1015.6,95.0602694129974
2023-07-12 00:00:00,0.6,1015.7,95.0602694129974
2023-07-12 01:00:00,0.6,1015.3,93.68924649131938
2023-07-12 02:00:00,0.7,1015.0,95.06422585058047
2023-07-12 03:00:00,1.0,1014.6,93.70928987035867
2023-07-12 04:00:00,1.1,1014.3,91.69830592095273
2023-07-12 05:00:00,1.6,1013.9,90.41323184476457
2023-07-12 06:00:00,2.0,1013.8,89.79247211022094
2023-07-12 07:00:00,2.2,1013.9,89.80828438413754
2023-07-12 08:00:00,2.5,1013.4,89.1878668734468
2023-07-12 09:00:00,3.5,1013.5,91.20116409900645
2023-07-12 10:00:00,3.7,1013.1,95.85638584363429
2023-07-12 11:00:00,4.2,1012.5,94.53095867829755
2023-07-12 12:00:00,4.5,1012.7,92.56675489101606
2023-07-12 13:00:00,4.2,1011.8,91.8970409825278
2023-07-12 14:00:00,4.2,1011.5,91.24879886586264
2023-07-12 15:00:00,4.1,1010.9,94.52664834682828
2023-07-12 16:00:00,3.7,1010.3,95.85638584363429
2023-07-12 17:00:00,4.0,1009.4,94.52233296831315
2023-07-12 18:00:00,3.6,1008.8,95.1769436505124
2023-07-12 19:00:00,3.7,1008.1,96.53625091068663
2023-07-12 20:00:00,4.0,1007.3,95.86624473295902
2023-07-12 21:00:00,4.1,1006.9,95.86952326864436
2023-07-12 22:00:00,4.2,1007.0,95.19978631110955
2023-07-12 23:00:00,4.6,1006.4,94.54814968918974
2023-07-13 00:00:00,4.6,1005.8,93.88550842417183
2023-07-13 01:00:00,4.7,1005.9,93.89029842663203
2023-07-13 02:00:00,4.7,1005.3,93.23226771606967
2023-07-13 03:00:00,5.0,1004.1,92.59561987307997
2023-07-13 04:00:00,5.1,1003.5,91.95342264117102
2023-07-13 05:00:00,5.0,1003.7,93.90463508669563
2023-07-13 06:00:00,5.1,1004.8,92.60137296961328
2023-07-13 07:00:00,5.2,1004.3,93.91416515554167
2023-07-13 08:00:00,5.7,1005.4,92.63575308838193
2023-07-13 10:00:00,9.2,1006.4,89.11613398625194
2023-07-13 13:00:00,9.2,1007.8,87.30809677492934
2023-07-13 14:00:00,8.7,1008.0,87.26080134949339
2023-07-13 15:00:00,9.7,1008.4,85.00286433541271
2023-07-13 16:00:00,10.0,1008.6,85.03575776228787
2023-07-13 17:00:00,10.0,1008.7,84.45766093349364
2023-07-13 18:00:00,9.5,1009.0,86.15150502114363
2023-07-13 19:00:00,10.5,1009.1,83.94144618086945
2023-07-13 20:00:00,10.1,1009.1,86.21259764139756
2023-07-13 21:00:00,8.5,1009.0,87.24181105830377
2023-07-13 22:00:00,6.5,1009.6,93.32641752485816
2023-07-13 23:00:00,6.2,1009.1,95.27477758440362
2023-07-14 00:00:00,4.7,1009.4,97.2424807837528
2023-07-14 01:00:00,5.1,1008.6,94.56952582406919
2023-07-14 02:00:00,5.6,1008.5,93.93315910656924
2023-07-14 03:00:00,5.2,1008.3,93.91416515554167
2023-07-14 04:00:00,6.2,1007.6,90.11711296891802
2023-07-14 05:00:00,5.2,1007.6,92.60711945620537
2023-07-14 06:00:00,4.5,1006.8,96.55823605990422
2023-07-14 07:00:00,4.7,1007.8,96.56369983853763
2023-07-14 08:00:00,5.0,1007.8,97.24905985076529
2023-07-14 09:00:00,6.0,1008.4,94.60769040321622
2023-07-14 10:00:00,6.2,1008.1,95.27477758440362
2023-07-14 11:00:00,6.5,1008.6,93.32641752485816
2023-07-14 12:00:00,6.6,1008.8,93.33159106909696
2023-07-14 13:00:00,6.7,1008.9,93.33675867364556
2023-07-14 14:00:00,6.6,1009.1,93.33159106909696
2023-07-14 15:00:00,7.1,1009.0,92.07665850628575
2023-07-14 16:00:00,7.7,1009.0,90.22938189096931
2023-07-14 17:00:00,8.2,1008.9,89.64831532946434
2023-07-14 18:00:00,7.6,1009.5,90.221955824943
2023-07-14 19:00:00,7.6,1010.0,89.6012179399404
2023-07-14 20:00:00,7.0,1009.9,90.17722452725795
2023-07-14 21:00:00,7.0,1010.4,90.80447720493049
2023-07-14 22:00:00,7.0,1010.6,91.43558329955191
2023-07-14 23:00:00,5.7,1011.0,93.28481426028563
2023-07-15 00:00:00,6.1,1011.1,94.61190630317566
2023-07-15 01:00:00,6.0,1011.3,93.30046039322336
2023-07-15 02:00:00,6.1,1011.1,93.30566377103474
2023-07-15 03:00:00,6.0,1011.0,93.30046039322336
2023-07-15 04:00:00,5.2,1011.1,95.23750145499649
2023-07-15 05:00:00,5.0,1011.1,94.56526056746986
2023-07-15 06:00:00,4.6,1011.1,96.56096956700468
2023-07-15 07:00:00,6.0,1010.7,92.0092266910958
2023-07-15 08:00:00,6.0,1010.5,91.36955567053472
2023-07-15 09:00:00,5.1,1010.8,92.60137296961328
2023-07-15 10:00:00,4.6,1010.6,94.54814968918974
2023-07-15 11:00:00,5.0,1010.5,95.22999376493262
2023-07-15 12:00:00,4.6,1010.1,95.885858013593
2023-07-15 13:00:00,5.0,1010.2,95.22999376493262
2023-07-15 14:00:00,5.5,1009.5,93.27435341432715
2023-07-15 15:00:00,5.1,1009.6,93.25335917538627
2023-07-15 16:00:00,5.2,1009.1,94.57378611080713
2023-07-15 17:00:00,4.7,1008.9,93.89029842663203
2023-07-15 18:00:00,5.0,1009.2,93.90463508669563
2023-07-15 19:00:00,4.7,1009.3,95.21869918538714
2023-07-15 20:00:00,4.5,1009.4,95.21114735628416
2023-07-15 21:00:00,4.5,1009.0,94.5438594682041
2023-07-15 22:00:00,4.6,1009.0,95.21492548634784
2023-07-15 23:00:00,3.6,1009.0,96.53348805357292
2023-07-16 00:00:00,4.0,1008.2,95.86624473295902
2023-07-16 01:00:00,3.7,1008.0,95.85638584363429
2023-07-16 02:00:00,4.0,1007.4,94.52233296831315
2023-07-16 03:00:00,4.0,1007.1,95.86624473295902
2023-07-16 04:00:00,4.2,1006.5,95.87279793405237
2023-07-16 05:00:00,4.1,1006.1,95.86952326864436
2023-07-16 06:00:00,4.2,1006.1,95.87279793405237
2023-07-16 07:00:00,4.2,1005.7,95.87279793405237
2023-07-16 08:00:00,4.5,1005.1,94.5438594682041
2023-07-16 09:00:00,4.6,1004.9,94.54814968918974
2023-07-16 10:00:00,4.7,1004.7,95.21869918538714
2023-07-16 11:00:00,4.5,1004.7,95.8825987689825
2023-07-16 12:00:00,4.5,1004.3,95.21114735628416
2023-07-16 13:00:00,5.0,1003.5,94.56526056746986
2023-07-16 14:00:00,4.7,1003.4,94.55243490190549
2023-07-16 15:00:00,4.5,1003.0,94.5438594682041
2023-07-16 16:00:00,4.5,1002.8,95.21114735628416
2023-07-16 17:00:00,4.5,1002.5,95.8825987689825
2023-07-16 18:00:00,4.2,1002.2,95.87279793405237
2023-07-16 19:00:00,4.2,1002.1,95.87279793405237
2023-07-16 20:00:00,4.2,1001.9,95.19978631110955
2023-07-16 21:00:00,4.1,1002.2,94.52664834682828
2023-07-16 22:00:00,4.2,1001.9,94.53095867829755
2023-07-16 23:00:00,4.1,1001.8,94.52664834682828
2023-07-17 00:00:00,4.1,1001.6,93.86147465953184
2023-07-17 01:00:00,4.0,1001.4,93.85665109611261
2023-07-17 02:00:00,3.7,1001.5,95.85638584363429
2023-07-17 03:00:00,4.0,1001.4,94.52233296831315
2023-07-17 04:00:00,3.7,1000.8,95.85638584363429
2023-07-17 05:00:00,4.0,1000.7,94.52233296831315
2023-07-17 06:00:00,4.0,1001.6,93.85665109611261
2023-07-17 07:00:00,4.0,1001.7,93.19512193933073
2023-07-17 08:00:00,4.0,1001.9,94.52233296831315
2023-07-17 09:00:00,4.0,1001.5,95.86624473295902
2023-07-17 10:00:00,4.0,1001.9,96.54451981265564
2023-07-17 11:00:00,6.2,1001.7,95.27477758440362
2023-07-17 12:00:00,6.6,1001.8,96.61496692773194
2023-07-17 13:00:00,6.1,1001.3,94.61190630317566
2023-07-17 14:00:00,5.1,1001.6,95.90209675346998
2023-07-17 15:00:00,4.6,1001.9,96.56096956700468
2023-07-17 16:00:00,4.7,1001.8,94.55243490190549
2023-07-17 17:00:00,4.7,1002.4,95.88911341802375
2023-07-17 18:00:00,4.5,1002.8,94.5438594682041
2023-07-17 19:00:00,4.5,1002.9,94.5438594682041
2023-07-17 20:00:00,4.5,1003.6,94.5438594682041
2023-07-17 21:00:00,4.2,1004.0,95.87279793405237
2023-07-17 22:00:00,4.2,1004.1,96.5500160743236
2023-07-17 23:00:00,4.0,1004.2,96.54451981265564
2023-07-18 00:00:00,4.5,1004.5,93.88071284962835
2023-07-18 01:00:00,4.1,1005.1,94.52664834682828
2023-07-18 02:00:00,4.0,1005.3,93.85665109611261
2023-07-18 03:00:00,4.0,1005.7,93.19512193933073
2023-07-18 04:00:00,4.0,1006.0,93.85665109611261
2023-07-18 05:00:00,4.1,1006.1,93.86147465953184
2023-07-18 06:00:00,4.0,1006.5,93.19512193933073
2023-07-18 07:00:00,4.0,1007.1,92.5377231540934
2023-07-18 08:00:00,4.2,1007.5,91.24879886586264
2023-07-18 09:00:00,4.7,1008.0,90.00293589210811
2023-07-18 10:00:00,4.7,1008.1,90.00293589210811
2023-07-18 11:00:00,4.7,1008.1,90.00293589210811
2023-07-18 12:00:00,4.7,1008.3,90.64076504354665
2023-07-18 13:00:00,4.7,1008.8,91.92843590038906
2023-07-18 14:00:00,4.2,1009.1,93.86629260799387
2023-07-18 15:00:00,4.6,1009.1,92.57254118746815
2023-07-18 16:00:00,4.5,1009.8,93.88071284962835
2023-07-18 17:00:00,4.7,1010.3,94.55243490190549
2023-07-18 18:00:00,4.5,1009.9,95.21114735628416
2023-07-18 19:00:00,4.5,1009.8,95.21114735628416
2023-07-18 20:00:00,4.5,1009.6,93.88071284962835
2023-07-18 21:00:00,4.7,1010.2,95.21869918538714
2023-07-18 22:00:00,4.7,1010.8,94.55243490190549
2023-07-18 23:00:00,4.6,1011.3,94.54814968918974
2023-07-19 00:00:00,4.2,1011.1,96.5500160743236
2023-07-19 01:00:00,4.1,1011.3,95.86952326864436
2023-07-19 02:00:00,4.0,1012.1,95.86624473295902
2023-07-19 03:00:00,4.0,1012.2,95.19218999943759
2023-07-19 04:00:00,3.7,1012.4,96.53625091068663
2023-07-19 05:00:00,3.7,1012.2,97.22038009370831
2023-07-19 06:00:00,3.2,1011.9,95.8398763884676
2023-07-19 07:00:00,3.5,1012.5,95.17312082977196
2023-07-19 08:00:00,4.2,1013.0,93.20576577181731
2023-07-19 09:00:00,4.5,1013.4,92.56675489101606
2023-07-19 10:00:00,4.2,1013.4,93.20576577181731
2023-07-19 11:00:00,4.5,1013.6,91.26909739687248
2023-07-19 12:00:00,4.5,1013.9,89.98756583849455
2023-07-19 13:00:00,5.0,1013.8,89.39344739105934
2023-07-19 14:00:00,4.0,1013.8,88.04972594293787
2023-07-19 15:00:00,4.5,1013.7,85.01926222608066
2023-07-19 16:00:00,4.6,1014.5,87.48168100480616
2023-07-19 17:00:00,4.2,1014.1,88.69612157712272
2023-07-19 18:00:00,4.1,1014.4,87.43412123717151
2023-07-19 19:00:00,3.5,1014.8,91.20116409900645
2023-07-19 20:00:00,3.0,1014.6,93.14153052995037
2023-07-19 21:00:00,3.1,1015.1,94.48326615273558
2023-07-19 22:00:00,3.0,1015.3,94.47889987231041
2023-07-19 23:00:00,3.2,1015.4,95.16162529501135
2023-07-20 00:00:00,3.1,1015.4,94.48326615273558
2023-07-20 01:00:00,3.6,1015.6,92.5143768497648
2023-07-20 02:00:00,3.5,1015.6,89.91019181822838
2023-07-20 03:00:00,3.5,1015.4,90.55364070943436
2023-07-20 04:00:00,3.7,1015.5,89.92573680014974
2023-07-20 05:00:00,4.0,1015.4,90.5900870763271
2023-07-20 06:00:00,4.0,1015.7,90.5900870763271
2023-07-20 07:00:00,4.2,1015.8,89.96444551445045
2023-07-20 08:00:00,4.7,1015.8,88.11321624310253
2023-07-20 09:00:00,5.0,1016.1,88.14027526602467
2023-07-20 10:00:00,4.5,1016.2,87.47219012603269
2023-07-20 11:00:00,4.5,1016.4,88.09512664716246
2023-07-20 13:00:00,4.7,1016.4,87.49116137639675
2023-07-20 14:00:00,4.7,1016.2,87.49116137639675
2023-07-20 15:00:00,4.7,1016.4,88.11321624310253
2023-07-20 16:00:00,4.5,1016.3,88.09512664716246
2023-07-20 17:00:00,4.2,1016.2,91.24879886586264
2023-07-20 18:00:00,4.5,1016.1,90.6263267233051
2023-07-20 19:00:00,4.0,1016.1,91.23522781889751
2023-07-20 20:00:00,4.0,1015.9,91.88443249582188
2023-07-20 21:00:00,3.7,1015.9,92.52022354286301
2023-07-20 22:00:00,3.7,1015.8,92.52022354286301
2023-07-20 23:00:00,3.6,1015.7,92.5143768497648
2023-07-21 00:00:00,3.2,1015.6,93.81785941203167
2023-07-21 01:00:00,3.2,1015.4,94.4876273074436
2023-07-21 02:00:00,3.2,1015.2,92.49092235705642
2023-07-21 03:00:00,3.0,1015.0,93.14153052995037
2023-07-21 04:00:00,3.0,1014.8,93.14153052995037
2023-07-21 05:00:00,3.0,1014.7,92.47915433423208
2023-07-21 06:00:00,3.0,1014.4,93.80810473397261
2023-07-21 07:00:00,3.2,1014.5,93.15229869797531
2023-07-21 08:00:00,3.0,1014.4,95.15393897430994
2023-07-21 09:00:00,2.7,1014.3,93.79342986441821
2023-07-21 10:00:00,3.1,1014.4,92.48504175229564
2023-07-21 11:00:00,3.5,1014.5,90.55364070943436
2023-07-21 12:00:00,3.5,1014.6,89.27079529474405
2023-07-21 13:00:00,3.6,1014.4,89.27903673129424
2023-07-21 14:00:00,3.5,1014.5,89.91019181822838
2023-07-21 15:00:00,3.6,1014.5,91.85912843818588
2023-07-21 16:00:00,3.6,1014.5,89.91796871476537
2023-07-21 17:00:00,3.7,1014.5,89.92573680014974
2023-07-21 18:00:00,3.7,1014.5,91.8654653654796
2023-07-21 19:00:00,3.7,1014.6,92.52022354286301
2023-07-21 20:00:00,3.7,1014.7,93.17910982551922
2023-07-21 21:00:00,3.7,1014.9,94.50935647242139
2023-07-21 22:00:00,3.7,1015.1,94.50935647242139
2023-07-21 23:00:00,4.0,1015.3,92.5377231540934
2023-07-22 00:00:00,4.0,1015.3,92.5377231540934
2023-07-22 01:00:00,4.1,1015.4,92.54354290253166
2023-07-22 02:00:00,4.0,1015.4,91.88443249582188
2023-07-22 03:00:00,3.7,1015.5,93.8421466297946
2023-07-22 04:00:00,3.6,1015.6,93.83730052014747
2023-07-22 05:00:00,3.6,1015.5,93.83730052014747
2023-07-22 06:00:00,3.7,1015.9,94.50935647242139
2023-07-22 07:00:00,3.7,1016.2,91.8654653654796
2023-07-22 08:00:00,3.7,1016.3,93.17910982551922
2023-07-22 09:00:00,4.0,1016.7,91.23522781889751
2023-07-22 10:00:00,4.0,1016.9,90.5900870763271
2023-07-22 11:00:00,4.2,1017.2,90.604607655557
2023-07-22 12:00:00,4.2,1017.4,89.96444551445045
2023-07-22 13:00:00,4.6,1017.5,87.48168100480616
2023-07-22 14:00:00,4.6,1017.4,87.48168100480616
2023-07-22 15:00:00,5.0,1017.5,86.2896644121895
2023-07-22 16:00:00,5.5,1017.8,80.43794118361346
2023-07-22 17:00:00,5.2,1017.8,80.97022109959084
2023-07-22 18:00:00,4.7,1017.9,82.65303305353694
2023-07-22 19:00:00,4.6,1017.7,83.82780634249305
2023-07-22 20:00:00,4.5,1017.6,83.21973989340007
2023-07-22 21:00:00,4.0,1017.8,86.18606065024944
2023-07-22 22:00:00,3.0,1018.0,90.51698607939369
2023-07-22 23:00:00,2.2,1018.0,92.43180846252054
2023-07-23 00:00:00,2.7,1017.8,91.80176655731715
2023-07-23 01:00:00,2.2,1018.0,94.4437841458576
2023-07-23 02:00:00,2.1,1017.9,95.11912484729193
2023-07-23 03:00:00,1.7,1017.8,95.10353243086632
2023-07-23 04:00:00,1.5,1017.4,92.39001836994618
2023-07-23 05:00:00,1.7,1017.4,93.07092226805938
2023-07-23 06:00:00,1.6,1017.4,91.0699254978274
2023-07-23 07:00:00,1.7,1017.6,93.07092226805938
2023-07-23 08:00:00,2.0,1017.6,93.75898728590181
2023-07-23 09:00:00,2.1,1017.7,93.7639249813724
2023-07-23 10:00:00,2.5,1017.7,93.78361794681284
2023-07-23 11:00:00,2.5,1017.7,90.48012162888237
2023-07-23 12:00:00,2.6,1017.4,92.45553632128883
2023-07-23 13:00:00,3.0,1017.5,90.51698607939369
2023-07-23 14:00:00,3.0,1017.3,91.16690477821598
2023-07-23 15:00:00,3.1,1017.1,89.87899585945478
2023-07-23 16:00:00,3.2,1017.0,92.49092235705642
2023-07-23 17:00:00,3.1,1016.8,93.14691774616476
2023-07-23 18:00:00,3.2,1016.5,93.81785941203167
2023-07-23 19:00:00,3.2,1016.4,95.8398763884676
2023-07-23 20:00:00,3.5,1016.2,95.17312082977196
2023-07-23 21:00:00,3.5,1016.0,94.50068009653909
2023-07-23 22:00:00,3.0,1015.9,94.47889987231041
2023-07-23 23:00:00,3.2,1015.7,94.4876273074436
2023-07-24 00:00:00,3.0,1015.3,95.15393897430994
2023-07-24 01:00:00,3.1,1015.1,95.1577844024522
2023-07-24 02:00:00,3.0,1014.8,94.47889987231041
2023-07-24 03:00:00,3.2,1014.8,93.81785941203167
2023-07-24 04:00:00,3.0,1014.3,93.80810473397261
2023-07-24 05:00:00,3.0,1014.4,93.80810473397261
2023-07-24 06:00:00,2.7,1013.9,94.46577019715377
2023-07-24 07:00:00,2.7,1014.0,93.12533119884809
2023-07-24 08:00:00,3.2,1013.9,91.18063207257242
2023-07-24 09:00:00,3.2,1013.9,93.81785941203167
2023-07-24 10:00:00,4.0,1013.5,89.94898831940914
2023-07-24 11:00:00,4.2,1013.5,89.96444551445045
2023-07-24 12:00:00,4.5,1013.4,88.72198723161904
2023-07-24 13:00:00,4.6,1013.2,89.99525520633192
2023-07-24 14:00:00,4.7,1013.0,86.87299712797866
2023-07-24 15:00:00,4.6,1012.8,86.24835922461199
2023-07-24 16:00:00,4.5,1012.5,86.23800459522458
2023-07-24 17:00:00,4.2,1012.0,88.06791659152357
2023-07-24 18:00:00,4.0,1012.2,92.5377231540934
2023-07-24 19:00:00,3.7,1011.8,93.8421466297946
2023-07-24 20:00:00,4.0,1011.5,93.85665109611261
2023-07-24 21:00:00,3.7,1011.6,95.18076197085874
2023-07-24 22:00:00,3.6,1010.9,95.1769436505124
2023-07-24 23:00:00,3.6,1011.3,95.8530917661761
2023-07-25 00:00:00,3.7,1011.0,95.85638584363429
2023-07-25 01:00:00,3.7,1010.7,95.85638584363429
2023-07-25 02:00:00,3.7,1010.5,96.53625091068663
2023-07-25 03:00:00,3.6,1010.7,95.8530917661761
2023-07-25 04:00:00,3.7,1010.0,95.85638584363429
2023-07-25 05:00:00,4.0,1010.1,95.86624473295902
2023-07-25 06:00:00,4.2,1010.1,95.87279793405237
2023-07-25 07:00:00,4.5,1010.0,95.8825987689825
2023-07-25 08:00:00,4.6,1010.1,95.21492548634784
2023-07-25 09:00:00,4.7,1010.3,95.21869918538714
2023-07-25 10:00:00,4.7,1010.6,95.21869918538714
2023-07-25 11:00:00,4.6,1010.5,93.88550842417183
2023-07-25 12:00:00,5.2,1010.5,91.95965147247021
2023-07-25 13:00:00,4.7,1010.5,95.21869918538714
2023-07-25 14:00:00,5.1,1010.9,93.90940288592489
2023-07-25 15:00:00,5.1,1010.5,91.95342264117102
2023-07-25 16:00:00,5.2,1010.9,85.70190932475215
2023-07-25 17:00:00,5.7,1011.0,83.95907157575701
2023-07-25 18:00:00,5.5,1011.0,90.06407035315533
2023-07-25 19:00:00,5.0,1011.2,91.94718667903129
2023-07-25 20:00:00,4.7,1011.4,92.57832082384604
2023-07-25 21:00:00,4.5,1011.7,90.6263267233051
2023-07-25 22:00:00,4.2,1011.6,90.604607655557
2023-07-25 23:00:00,4.2,1011.9,91.24879886586264
2023-07-26 00:00:00,4.0,1012.0,91.88443249582188
2023-07-26 01:00:00,4.0,1012.2,93.19512193933073
2023-07-26 02:00:00,3.6,1012.2,95.1769436505124
2023-07-26 03:00:00,4.0,1012.2,93.19512193933073
2023-07-26 04:00:00,4.2,1012.1,94.53095867829755
2023-07-26 05:00:00,4.5,1012.4,88.09512664716246
2023-07-26 06:00:00,4.2,1012.5,94.53095867829755
2023-07-26 07:00:00,4.5,1012.7,94.5438594682041
2023-07-26 08:00:00,5.2,1012.6,92.60711945620537
2023-07-26 09:00:00,5.1,1012.8,94.56952582406919
2023-07-26 10:00:00,5.5,1012.3,94.58653722815943
2023-07-26 11:00:00,5.6,1012.5,93.93315910656924
2023-07-26 12:00:00,6.0,1012.7,91.36955567053472
2023-07-26 13:00:00,6.1,1013.0,91.37619216801616
2023-07-26 14:00:00,6.1,1012.8,91.37619216801616
2023-07-26 15:00:00,6.2,1012.9,88.2476142554497
2023-07-26 16:00:00,5.6,1012.6,90.70533380852349
2023-07-26 17:00:00,5.5,1012.8,90.69819196089105
2023-07-26 18:00:00,5.5,1012.8,90.06407035315533
2023-07-26 19:00:00,5.2,1012.8,90.67671784875996
2023-07-26 20:00:00,5.0,1013.0,91.30277427861813
2023-07-26 21:00:00,4.6,1012.7,93.88550842417183
2023-07-26 22:00:00,4.5,1012.6,94.5438594682041
2023-07-26 23:00:00,4.5,1012.4,93.88071284962835
2023-07-27 00:00:00,4.5,1012.5,93.88071284962835
2023-07-27 01:00:00,4.5,1012.5,93.22168534360503
2023-07-27 02:00:00,4.2,1012.4,94.53095867829755
2023-07-27 03:00:00,4.2,1012.1,94.53095867829755
2023-07-27 04:00:00,4.2,1011.9,94.53095867829755
2023-07-27 05:00:00,4.1,1012.0,95.19599038804483
2023-07-27 06:00:00,4.0,1011.9,95.86624473295902
2023-07-27 07:00:00,4.2,1011.9,95.19978631110955
2023-07-27 08:00:00,4.5,1012.1,95.21114735628416
2023-07-27 09:00:00,4.7,1012.1,95.21869918538714
2023-07-27 10:00:00,4.6,1012.3,94.54814968918974
2023-07-27 11:00:00,5.0,1012.0,94.56526056746986
2023-07-27 14:00:00,6.0,1012.1,88.22982348150069
2023-07-27 15:00:00,5.7,1012.1,88.20306327682003
2023-07-27 16:00:00,5.7,1012.3,90.71246758121774
2023-07-27 17:00:00,7.0,1012.1,84.11222310478588
2023-07-27 18:00:00,7.0,1012.2,82.36450416181682
2023-07-27 19:00:00,7.0,1012.3,82.94347385830336
2023-07-27 20:00:00,6.2,1012.5,88.86693275879078
2023-07-27 21:00:00,5.5,1012.6,91.33625989666652
2023-07-27 22:00:00,5.0,1012.6,91.94718667903129
2023-07-27 23:00:00,4.2,1012.9,91.24879886586264
2023-07-28 00:00:00,4.0,1012.8,90.5900870763271
2023-07-28 01:00:00,3.7,1012.7,89.92573680014974
2023-07-28 02:00:00,3.6,1012.5,91.20799244417651
2023-07-28 03:00:00,3.7,1012.4,93.8421466297946
2023-07-28 04:00:00,3.7,1012.4,94.50935647242139
2023-07-28 05:00:00,3.6,1012.2,93.83730052014747
2023-07-28 06:00:00,4.2,1012.0,91.8970409825278
2023-07-28 07:00:00,4.5,1012.3,93.22168534360503
2023-07-28 08:00:00,4.6,1012.5,93.88550842417183
2023-07-28 09:00:00,5.2,1012.5,91.95965147247021
2023-07-28 10:00:00,6.2,1012.7,82.84325243091301
2023-07-28 11:00:00,6.0,1012.7,87.6134568664634
2023-07-28 12:00:00,6.0,1012.8,88.22982348150069
2023-07-28 13:00:00,8.2,1012.6,79.69792641657234
2023-07-28 14:00:00,7.2,1012.8,81.2444450816009
2023-07-28 15:00:00,7.7,1012.6,77.4243372403098
2023-07-28 16:00:00,7.6,1012.5,79.61070240306003
2023-07-28 17:00:00,6.6,1012.3,84.65673122803051
2023-07-28 18:00:00,6.0,1012.5,87.00090236095129
2023-07-28 19:00:00,6.5,1012.6,85.2408592627526
2023-07-28 20:00:00,6.5,1012.7,84.64537331691852
2023-07-28 21:00:00,6.1,1012.5,84.00642203659119
2023-07-28 22:00:00,6.1,1012.6,85.79775135552957
2023-07-28 23:00:00,6.0,1012.4,83.40449797723228
2023-07-29 00:00:00,6.2,1012.2,82.84325243091301
2023-07-29 01:00:00,6.5,1011.9,82.30006332007918
2023-07-29 02:00:00,6.0,1011.6,85.78714849015273
2023-07-29 03:00:00,6.0,1011.4,85.18590875373626
2023-07-29 04:00:00,5.7,1011.1,87.58539049571156
2023-07-29 05:00:00,6.0,1011.2,86.39213964554264
2023-07-29 06:00:00,6.1,1011.1,87.01066576738128
2023-07-29 07:00:00,6.2,1010.8,89.49009216798703
2023-07-29 08:00:00,6.2,1010.8,90.11711296891802
2023-07-29 09:00:00,6.5,1010.9,90.13971806479128
2023-07-29 10:00:00,7.2,1010.8,83.5501943829119
2023-07-29 11:00:00,7.5,1010.4,83.58632937293797
2023-07-29 12:00:00,7.6,1010.5,87.76158837458816
2023-07-29 13:00:00,8.0,1010.3,87.79821627594505
2023-07-29 14:00:00,8.1,1010.2,87.80734819141588
2023-07-29 15:00:00,7.7,1010.1,90.22938189096931
2023-07-29 16:00:00,7.6,1010.2,90.221955824943
2023-07-29 17:00:00,7.5,1009.9,90.83950816979285
2023-07-29 18:00:00,7.5,1009.6,92.7374870053699
2023-07-29 19:00:00,7.2,1009.6,94.65795983187644
2023-07-29 20:00:00,7.1,1009.5,95.30795630651467
2023-07-29 21:00:00,7.0,1009.4,95.30428692276585
2023-07-29 22:00:00,7.0,1009.3,94.64963006328745
2023-07-29 23:00:00,7.0,1009.1,94.64963006328745
2023-07-30 00:00:00,6.6,1009.3,95.9502443590184
2023-07-30 01:00:00,6.7,1009.2,95.95342420141712
2023-07-30 02:00:00,6.5,1009.1,95.28587582453551
2023-07-30 03:00:00,6.5,1009.2,95.28587582453551
2023-07-30 04:00:00,6.5,1009.3,94.62872103657998
2023-07-30 05:00:00,6.5,1009.3,95.28587582453551
2023-07-30 06:00:00,6.5,1009.4,95.28587582453551
2023-07-30 07:00:00,6.7,1009.6,95.95342420141712
2023-07-30 08:00:00,6.7,1009.7,93.33675867364556
2023-07-30 09:00:00,7.1,1010.0,88.32718731236243
2023-07-30 10:00:00,7.2,1010.2,79.55225532538832
2023-07-30 11:00:00,7.7,1010.4,78.51798570483264
2023-07-30 12:00:00,8.0,1010.9,76.93124816916664
2023-07-30 13:00:00,7.7,1011.1,78.51798570483264
2023-07-30 14:00:00,7.7,1011.4,79.06991684088307
2023-07-30 15:00:00,7.7,1011.6,78.51798570483264
2023-07-30 16:00:00,7.6,1011.6,79.61070240306003
2023-07-30 17:00:00,7.1,1011.7,80.66293879324506
2023-07-30 18:00:00,6.6,1012.0,82.31297860493551
2023-07-30 19:00:00,6.2,1011.9,84.61122629998225
2023-07-30 20:00:00,6.0,1011.9,84.58840038399023
2023-07-30 21:00:00,5.7,1011.8,86.97154776958783
2023-07-30 22:00:00,5.2,1011.9,89.40964526612586
2023-07-30 23:00:00,6.1,1011.8,87.62279170612747
2023-07-31 00:00:00,6.2,1011.6,88.2476142554497
2023-07-31 01:00:00,6.5,1011.6,86.44295901169252
2023-07-31 02:00:00,6.7,1011.5,87.0690219652813
2023-07-31 03:00:00,6.5,1011.2,92.03998220939768
2023-07-31 04:00:00,6.5,1011.1,94.62872103657998
2023-07-31 05:00:00,6.5,1011.0,94.62872103657998
2023-07-31 06:00:00,7.0,1010.9,93.9989499969984
2023-07-31 07:00:00,7.1,1010.9,94.00360879078117
2023-07-31 08:00:00,7.2,1010.9,92.72067632138622
2023-07-31 09:00:00,7.5,1010.8,93.3778867539749
2023-07-31 10:00:00,7.2,1010.7,95.31162142695811
2023-07-31 11:00:00,7.2,1011.0,95.31162142695811
2023-07-31 12:00:00,7.2,1011.0,95.96926777477589
2023-07-31 13:00:00,7.2,1011.2,96.63091973326038
2023-07-31 14:00:00,7.6,1011.3,95.98187621013211
2023-07-31 15:00:00,7.7,1011.3,95.98501914090133
2023-07-31 16:00:00,7.7,1011.1,95.32988330819408
2023-07-31 17:00:00,7.7,1011.0,94.6787001633834
2023-07-31 18:00:00,7.7,1011.2,95.98501914090133
2023-07-31 19:00:00,7.6,1011.1,95.32623940636849
2023-07-31 20:00:00,7.2,1011.2,95.96926777477589
2023-07-31 21:00:00,7.1,1011.4,95.30795630651467
2023-07-31 22:00:00,6.7,1011.5,96.61763354016009
2023-07-31 23:00:00,6.7,1011.5,97.28590235960866
2023-08-01 00:00:00,6.7,1011.6,96.61763354016009
2023-08-01 01:00:00,6.7,1011.5,97.28590235960866
2023-08-01 02:00:00,6.7,1011.3,97.28590235960866
2023-08-01 03:00:00,6.7,1011.0,96.61763354016009
2023-08-01 04:00:00,7.0,1010.8,95.96294145022486
2023-08-01 05:00:00,7.1,1010.7,96.62826872765939
2023-08-01 06:00:00,7.1,1010.7,95.96610645948586
2023-08-01 07:00:00,7.2,1010.7,95.96926777477589
2023-08-01 08:00:00,7.2,1010.8,96.63091973326038
2023-08-01 09:00:00,7.2,1010.8,95.96926777477589
2023-08-01 10:00:00,7.2,1010.6,96.63091973326038
2023-08-01 11:00:00,7.7,1010.3,94.6787001633834
2023-08-01 12:00:00,7.7,1010.1,90.85346551117917
2023-08-01 13:00:00,8.0,1010.3,87.79821627594505
2023-08-01 14:00:00,7.2,1010.3,90.19216835555738
2023-08-01 15:00:00,7.0,1010.3,87.7063442325024
2023-08-01 16:00:00,6.0,1010.3,88.85002261512003
2023-08-01 17:00:00,5.7,1010.2,90.07926803723957
2023-08-01 18:00:00,5.2,1010.3,93.91416515554167
2023-08-01 19:00:00,5.0,1010.1,95.22999376493262
2023-08-01 20:00:00,5.1,1010.1,96.57458867029787
2023-08-01 21:00:00,5.7,1010.1,96.59082570875091
2023-08-01 22:00:00,6.0,1010.0,93.95206525663528
2023-08-01 23:00:00,5.7,1010.0,93.28481426028563
2023-08-02 00:00:00,5.7,1010.1,93.28481426028563
2023-08-02 01:00:00,5.7,1010.1,91.99068903976476
2023-08-02 02:00:00,5.7,1009.8,92.63575308838193
2023-08-02 03:00:00,6.0,1009.6,85.78714849015273
2023-08-02 04:00:00,5.7,1009.5,87.58539049571156
2023-08-02 05:00:00,5.6,1009.4,90.70533380852349
2023-08-02 06:00:00,6.0,1009.6,90.10200052430162
2023-08-02 07:00:00,6.2,1009.6,90.11711296891802
2023-08-02 08:00:00,5.7,1009.6,95.2561939730186
2023-08-02 09:00:00,5.2,1009.6,95.90533304654144
2023-08-02 10:00:00,5.2,1009.7,93.25861682646179
2023-08-02 11:00:00,6.1,1009.6,88.85848239275784
2023-08-02 12:00:00,6.7,1009.7,88.29191924695974
2023-08-02 13:00:00,6.0,1010.0,85.78714849015273
2023-08-02 14:00:00,5.6,1009.9,89.44193220501523
2023-08-02 15:00:00,5.6,1009.8,91.34293419377751
2023-08-02 16:00:00,5.5,1009.8,88.80758207493628
2023-08-02 17:00:00,5.2,1010.2,86.92240796130858
2023-08-02 18:00:00,5.0,1010.3,85.0751123188195
2023-08-02 19:00:00,4.1,1010.7,92.54354290253166
2023-08-02 20:00:00,3.5,1010.8,93.83244875226153
2023-08-02 21:00:00,3.2,1010.8,94.4876273074436
2023-08-02 22:00:00,3.0,1010.8,94.47889987231041
2023-08-02 23:00:00,3.2,1011.1,95.8398763884676
2023-08-03 00:00:00,3.1,1011.2,93.14691774616476
2023-08-03 01:00:00,3.1,1011.3,93.81298492396853
2023-08-03 02:00:00,3.0,1011.1,93.14153052995037
2023-08-03 03:00:00,3.0,1011.0,90.51698607939369
2023-08-03 04:00:00,2.7,1010.8,89.84765787500938
2023-08-03 05:00:00,2.7,1010.9,89.84765787500938
2023-08-03 06:00:00,3.0,1010.9,91.16690477821598
2023-08-03 07:00:00,3.0,1009.9,89.87117471112379
2023-08-03 08:00:00,3.0,1009.9,91.16690477821598
2023-08-03 10:00:00,3.6,1009.2,90.56094659427933
2023-08-03 11:00:00,3.6,1009.4,91.85912843818588
2023-08-03 12:00:00,4.2,1009.3,88.69612157712272
2023-08-03 13:00:00,4.2,1009.4,90.604607655557
2023-08-03 14:00:00,4.1,1009.1,89.32010481187572
2023-08-03 15:00:00,4.2,1009.0,88.06791659152357
2023-08-03 16:00:00,4.1,1008.6,90.59735149417871
2023-08-03 17:00:00,3.7,1008.4,93.17910982551922
2023-08-03 18:00:00,3.7,1008.1,93.8421466297946
2023-08-03 19:00:00,3.5,1007.9,93.83244875226153
2023-08-03 20:00:00,3.5,1007.7,95.84979378804988
2023-08-03 21:00:00,3.5,1007.2,95.84979378804988
2023-08-03 22:00:00,3.7,1007.3,97.22038009370831
2023-08-03 23:00:00,4.0,1007.3,95.86624473295902
2023-08-04 00:00:00,3.6,1006.8,96.53348805357292
2023-08-04 01:00:00,4.1,1006.4,96.54726957402924
2023-08-04 02:00:00,4.5,1006.4,95.8825987689825
2023-08-04 03:00:00,4.0,1006.0,96.54451981265564
2023-08-04 04:00:00,3.7,1005.7,95.85638584363429
2023-08-04 05:00:00,3.7,1005.3,95.85638584363429
2023-08-04 06:00:00,3.2,1005.3,96.52240370482859
2023-08-04 07:00:00,3.2,1005.1,95.8398763884676
2023-08-04 08:00:00,3.5,1004.8,93.83244875226153
2023-08-04 09:00:00,3.7,1004.8,91.8654653654796
2023-08-04 10:00:00,4.0,1004.8,90.5900870763271
2023-08-04 11:00:00,4.0,1004.9,92.5377231540934
2023-08-04 12:00:00,4.0,1004.8,92.5377231540934
2023-08-04 13:00:00,4.2,1004.7,91.24879886586264
2023-08-04 14:00:00,4.0,1004.5,91.23522781889751
2023-08-04 19:00:00,4.0,1003.6,88.67882945718449
2023-08-04 20:00:00,3.7,1003.1,90.56824416103413
2023-08-04 21:00:00,4.0,1003.6,88.04972594293787
2023-08-04 22:00:00,3.7,1003.4,89.28726887621636
2023-08-04 23:00:00,3.5,1003.3,93.16840406265926
2023-08-05 00:00:00,3.6,1003.1,91.85912843818588
2023-08-05 01:00:00,3.7,1002.9,91.8654653654796
2023-08-05 02:00:00,3.7,1002.7,93.17910982551922
2023-08-05 03:00:00,3.7,1002.7,93.17910982551922
2023-08-05 04:00:00,4.0,1002.4,93.19512193933073
2023-08-05 05:00:00,4.0,1002.2,93.85665109611261
2023-08-05 06:00:00,4.0,1002.0,92.5377231540934
2023-08-05 07:00:00,3.7,1001.8,93.8421466297946
2023-08-05 08:00:00,3.6,1001.1,93.17376005243975
2023-08-05 09:00:00,3.6,1001.4,93.17376005243975
2023-08-05 10:00:00,3.6,1001.7,93.83730052014747
2023-08-05 11:00:00,3.7,1002.0,93.17910982551922
2023-08-05 12:00:00,3.6,1002.3,93.83730052014747
2023-08-05 13:00:00,3.7,1002.2,93.17910982551922
2023-08-05 14:00:00,3.7,1002.6,93.8421466297946
2023-08-05 15:00:00,3.7,1002.9,94.50935647242139
2023-08-05 16:00:00,4.1,1003.1,94.52664834682828
2023-08-05 17:00:00,4.2,1002.9,94.53095867829755
2023-08-05 18:00:00,4.0,1003.5,93.85665109611261
2023-08-05 19:00:00,4.0,1003.9,93.19512193933073
2023-08-05 20:00:00,3.7,1004.7,93.17910982551922
2023-08-05 21:00:00,4.0,1004.7,91.23522781889751
2023-08-05 22:00:00,4.0,1005.0,91.88443249582188
2023-08-05 23:00:00,4.0,1005.4,92.5377231540934
2023-08-06 00:00:00,3.7,1005.3,93.8421466297946
2023-08-06 01:00:00,3.7,1005.4,94.50935647242139
2023-08-06 02:00:00,3.5,1005.7,93.16840406265926
2023-08-06 03:00:00,3.2,1006.1,92.49092235705642
2023-08-06 04:00:00,3.2,1006.4,92.49092235705642
2023-08-06 05:00:00,3.2,1006.6,92.49092235705642
2023-08-06 06:00:00,3.2,1007.1,90.53167302233899
2023-08-06 07:00:00,3.7,1007.4,92.52022354286301
2023-08-06 08:00:00,4.0,1007.7,91.88443249582188
2023-08-06 09:00:00,4.0,1008.3,91.23522781889751
2023-08-06 10:00:00,4.0,1008.6,92.5377231540934
2023-08-06 11:00:00,4.0,1008.6,92.5377231540934
2023-08-06 12:00:00,4.0,1009.1,91.88443249582188
2023-08-06 13:00:00,3.7,1009.4,91.21481297706822
2023-08-06 14:00:00,3.6,1009.8,89.91796871476537
2023-08-06 15:00:00,3.5,1009.9,91.20116409900645
2023-08-06 16:00:00,3.2,1010.0,91.18063207257242
2023-08-06 17:00:00,3.5,1010.4,91.85278421733881
2023-08-06 18:00:00,3.5,1010.7,89.27079529474405
2023-08-06 19:00:00,3.5,1011.1,91.20116409900645
2023-08-06 20:00:00,3.6,1011.6,89.27903673129424
2023-08-06 21:00:00,3.6,1012.1,91.20799244417651
2023-08-06 22:00:00,3.7,1012.4,91.21481297706822
2023-08-06 23:00:00,4.0,1012.9,84.96310807637191
2023-08-07 00:00:00,4.1,1013.1,83.16996912579803
2023-08-07 01:00:00,4.0,1013.6,83.75555086034078
2023-08-07 02:00:00,4.0,1013.9,83.15749311056743
2023-08-07 03:00:00,4.1,1014.8,81.3995984143094
2023-08-07 04:00:00,4.1,1015.0,82.5760927310617
2023-08-07 05:00:00,4.0,1015.2,84.35741555249795
2023-08-07 06:00:00,4.0,1015.4,84.96310807637191
2023-08-07 07:00:00,4.0,1016.4,88.04972594293787
2023-08-07 08:00:00,4.2,1016.7,88.06791659152357
2023-08-07 09:00:00,4.5,1017.1,87.47219012603269
2023-08-07 10:00:00,4.5,1017.4,86.85315647495074
2023-08-07 11:00:00,5.0,1018.0,86.2896644121895
2023-08-07 12:00:00,5.2,1018.1,86.31024923171755
2023-08-07 13:00:00,5.2,1018.7,84.49660388061497
2023-08-07 16:00:00,5.2,1019.0,82.13092088113694
2023-08-07 17:00:00,5.0,1019.4,82.10469248902496
2023-08-07 18:00:00,5.0,1019.9,80.36686009806651
2023-08-07 19:00:00,5.0,1020.2,80.36686009806651
2023-08-07 20:00:00,4.6,1020.3,83.2321493526611
2023-08-07 21:00:00,4.5,1020.6,84.41563000932753
2023-08-07 22:00:00,3.2,1020.4,84.87262368272299
2023-08-07 23:00:00,2.5,1020.3,86.65232030628451
2023-08-08 00:00:00,2.5,1020.2,88.54789357083767
2023-08-08 01:00:00,1.6,1020.5,88.46826401595686
2023-08-08 02:00:00,1.5,1020.4,89.75278329469143
2023-08-08 03:00:00,2.2,1020.2,92.43180846252054
2023-08-08 04:00:00,2.7,1020.3,92.46145109644264
2023-08-08 05:00:00,3.0,1020.4,90.51698607939369
2023-08-08 06:00:00,3.7,1020.7,89.28726887621636
2023-08-08 07:00:00,4.2,1020.7,86.20687245231142
2023-08-08 08:00:00,5.1,1020.4,84.48507359225366
2023-08-08 09:00:00,5.2,1020.2,83.30632834399768
2023-08-08 10:00:00,5.2,1019.8,82.13092088113694
2023-08-08 11:00:00,5.5,1019.5,82.75485992663455
2023-08-08 12:00:00,5.6,1019.5,83.94720224328273
2023-08-08 13:00:00,5.0,1019.2,86.90267625892197
2023-08-08 14:00:00,5.5,1019.0,81.01172012194412
2023-08-08 15:00:00,6.0,1018.7,79.3754714735105
2023-08-08 16:00:00,6.0,1018.1,80.50865416834021
2023-08-08 17:00:00,5.5,1017.6,88.1851736119175
2023-08-08 18:00:00,5.2,1017.3,90.67671784875996
2023-08-08 19:00:00,5.6,1017.2,86.35128395849296
2023-08-08 20:00:00,5.7,1016.8,85.15279564599582
2023-08-08 21:00:00,5.2,1016.2,89.40964526612586
2023-08-08 22:00:00,6.6,1015.5,74.5554194470122
2023-08-08 23:00:00,6.2,1014.9,79.96918962496753
2023-08-09 00:00:00,6.5,1013.6,78.88986624565042
2023-08-09 01:00:00,5.7,1011.8,83.95907157575701
2023-08-09 02:00:00,8.0,1011.8,73.238383863516
2023-08-09 03:00:00,6.2,1009.7,79.40508662234373
2023-08-09 04:00:00,7.0,1008.8,79.52294200777106
2023-08-09 05:00:00,7.0,1007.0,74.09876946990497
2023-08-09 06:00:00,7.1,1006.5,70.01814352969733
2023-08-09 07:00:00,8.0,1006.9,66.7942586508255
2023-08-09 08:00:00,8.7,1006.3,70.33834773326362
2023-08-09 09:00:00,7.0,1006.1,82.36450416181682
2023-08-09 10:00:00,7.7,1006.8,87.16543486162944
2023-08-09 11:00:00,8.5,1005.9,84.2863177642848
2023-08-09 12:00:00,10.2,1005.0,82.76902583429198
2023-08-09 13:00:00,9.2,1005.3,84.94780815875586
2023-08-09 14:00:00,9.5,1004.9,83.82432015407616
2023-08-09 15:00:00,8.7,1005.2,87.86193027349984
2023-08-09 16:00:00,9.0,1005.0,87.88908732780854
2023-08-09 17:00:00,9.1,1004.8,87.89811992291071
2023-08-09 18:00:00,8.2,1005.4,89.64831532946434
2023-08-09 19:00:00,8.7,1005.7,93.43887712091129
2023-08-09 20:00:00,8.2,1005.8,95.3480395831037
2023-08-09 21:00:00,8.5,1006.2,94.71163672237222
2023-08-09 22:00:00,7.7,1006.7,95.98501914090133
2023-08-09 23:00:00,8.7,1007.2,94.07742552734277
2023-08-10 00:00:00,9.2,1007.4,90.33978406266304
2023-08-10 01:00:00,9.0,1007.7,90.9434289972252
2023-08-10 02:00:00,9.1,1008.1,92.19712581746258
2023-08-10 03:00:00,8.2,1008.8,93.41356603850957
2023-08-10 04:00:00,8.2,1009.3,94.69932109658993
2023-08-10 05:00:00,8.2,1009.6,96.00067900865143
2023-08-10 06:00:00,8.6,1009.8,96.66770977639194
2023-08-10 07:00:00,8.5,1010.1,96.01003130243826
2023-08-10 08:00:00,8.2,1010.3,94.69932109658993
2023-08-10 09:00:00,7.6,1010.7,94.02682246707201
2023-08-10 10:00:00,8.5,1010.9,94.06827239868751
2023-08-10 11:00:00,7.7,1011.3,94.03144920053484
2023-08-10 12:00:00,7.7,1011.8,94.6787001633834
2023-08-10 14:00:00,7.6,1011.9,94.02682246707201
2023-08-10 15:00:00,7.5,1011.8,95.97872961380031
2023-08-10 16:00:00,7.1,1012.2,95.96610645948586
2023-08-10 17:00:00,6.7,1012.5,96.61763354016009
2023-08-10 18:00:00,6.7,1012.4,97.95825196859339
2023-08-10 19:00:00,6.6,1012.9,97.28375560129753
2023-08-10 20:00:00,6.5,1013.3,96.61229717933777
2023-08-10 21:00:00,7.0,1013.7,97.96310113924017
2023-08-10 22:00:00,6.2,1013.7,99.31253818334633
2023-08-10 23:00:00,6.2,1013.9,98.62925600061708
2023-08-11 00:00:00,6.1,1014.1,97.94850171762089
2023-08-11 01:00:00,6.5,1014.2,98.63252855574865
2023-08-11 02:00:00,6.2,1014.1,98.62925600061708
2023-08-11 03:00:00,6.1,1013.9,98.62816254409277
2023-08-11 04:00:00,6.5,1014.0,97.95500959546254
2023-08-11 05:00:00,6.2,1014.1,97.95013158613503
2023-08-11 06:00:00,6.7,1014.2,97.95825196859339
2023-08-11 07:00:00,6.5,1014.2,97.95500959546254
2023-08-11 08:00:00,7.5,1014.1,97.30298560502334
2023-08-11 09:00:00,7.2,1014.3,98.64011919744529
2023-08-11 10:00:00,7.7,1014.3,97.9743491428195
2023-08-11 11:00:00,7.7,1014.4,97.30723133248624
2023-08-11 12:00:00,7.5,1014.3,96.63885412836373
2023-08-11 13:00:00,7.1,1014.3,97.29446411219297
2023-08-11 14:00:00,7.2,1014.3,97.2965982499217
2023-08-11 16:00:00,9.0,1013.9,96.02554623040294
2023-08-11 19:00:00,7.7,1013.2,95.32988330819408
2023-08-11 20:00:00,7.2,1013.4,95.96926777477589
2023-08-11 21:00:00,7.5,1013.0,95.32259127383249
2023-08-11 22:00:00,7.5,1013.0,95.32259127383249
2023-08-11 23:00:00,7.0,1012.7,95.30428692276585
2023-08-12 00:00:00,7.0,1012.4,95.30428692276585
2023-08-12 01:00:00,7.6,1012.3,96.6414927355446
2023-08-12 02:00:00,7.6,1012.0,95.98187621013211
2023-08-12 03:00:00,7.1,1011.7,95.96610645948586
2023-08-12 04:00:00,6.5,1011.2,94.62872103657998
2023-08-12 05:00:00,6.5,1011.2,95.94706079396674
2023-08-12 06:00:00,6.7,1011.0,96.61763354016009
2023-08-12 07:00:00,7.0,1011.0,96.62561461039539
2023-08-12 08:00:00,6.0,1011.3,96.59890122643482
2023-08-12 09:00:00,6.1,1011.4,96.60158672818163
2023-08-12 10:00:00,6.7,1011.3,95.95342420141712
2023-08-12 11:00:00,7.0,1011.7,95.96294145022486
2023-08-12 12:00:00,6.7,1011.8,97.95825196859339
2023-08-12 13:00:00,7.0,1012.1,95.96294145022486
2023-08-12 14:00:00,6.7,1011.8,97.28590235960866
2023-08-12 15:00:00,6.5,1011.9,95.94706079396674
2023-08-12 16:00:00,6.2,1011.9,97.27514316832789
2023-08-12 17:00:00,6.5,1011.8,95.28587582453551
2023-08-12 18:00:00,7.7,1011.8,92.74866223376544
2023-08-12 19:00:00,7.0,1011.9,90.17722452725795
2023-08-12 20:00:00,5.7,1011.9,93.28481426028563
2023-08-12 21:00:00,9.2,1012.1,49.24561909223699
2023-08-12 22:00:00,7.7,1012.5,63.92402705696002
2023-08-12 23:00:00,7.7,1012.6,56.125377206991715
2023-08-13 00:00:00,6.0,1013.1,79.3754714735105
2023-08-13 01:00:00,6.0,1013.5,78.81419320597608
2023-08-13 02:00:00,4.5,1013.8,83.81579610862059
2023-08-13 03:00:00,5.2,1013.9,82.13092088113694
2023-08-13 04:00:00,6.7,1013.7,76.17769851649459
2023-08-13 05:00:00,6.5,1014.0,78.33382737055058
2023-08-13 06:00:00,5.5,1014.4,85.1306604640253
2023-08-13 07:00:00,5.1,1015.0,89.40155087343943
2023-08-13 08:00:00,5.1,1015.1,90.0335720698979
2023-08-13 09:00:00,5.1,1015.4,90.66954358166178
2023-08-13 10:00:00,5.5,1015.6,89.43387403862204
2023-08-13 11:00:00,5.5,1015.5,90.06407035315533
2023-08-13 12:00:00,4.7,1015.6,94.55243490190549
2023-08-13 13:00:00,4.6,1015.8,96.56096956700468
2023-08-13 14:00:00,4.7,1015.6,96.56369983853763
2023-08-13 15:00:00,5.0,1015.8,95.22999376493262
2023-08-13 16:00:00,4.7,1015.5,94.55243490190549
2023-08-13 17:00:00,4.6,1015.3,94.54814968918974
2023-08-13 18:00:00,4.5,1015.3,94.5438594682041
2023-08-13 19:00:00,4.2,1015.4,96.5500160743236
2023-08-13 20:00:00,4.0,1015.3,95.19218999943759
2023-08-13 21:00:00,6.2,1015.2,81.10804741323395
2023-08-13 22:00:00,6.5,1015.1,75.06984883741895
2023-08-13 23:00:00,5.7,1015.3,78.20980513829605
2023-08-14 00:00:00,5.1,1015.2,83.29399815604994
2023-08-14 01:00:00,4.7,1015.0,88.11321624310253
2023-08-14 02:00:00,4.7,1014.6,88.11321624310253
2023-08-14 03:00:00,4.7,1014.6,88.73918281486606
2023-08-14 04:00:00,4.2,1014.4,89.96444551445045
2023-08-14 05:00:00,4.2,1014.1,88.69612157712272
2023-08-14 06:00:00,4.5,1014.3,89.35279316759014
2023-08-14 07:00:00,4.6,1014.5,88.10417647953948
2023-08-14 08:00:00,4.7,1014.6,84.43882786195897
2023-08-14 09:00:00,6.6,1014.5,70.92514516392764
2023-08-14 10:00:00,6.5,1014.9,78.33382737055058
2023-08-14 11:00:00,6.5,1015.1,79.44939562632561
2023-08-14 12:00:00,6.5,1015.2,78.88986624565042
2023-08-14 13:00:00,6.6,1015.2,83.47757840988376
2023-08-14 14:00:00,7.0,1015.3,77.31250648165428
2023-08-14 15:00:00,6.6,1015.3,84.65673122803051
2023-08-14 16:00:00,7.2,1015.2,83.5501943829119
2023-08-14 17:00:00,7.0,1015.2,85.29551404879575
2023-08-14 18:00:00,7.0,1015.2,85.29551404879575
2023-08-14 19:00:00,6.5,1015.3,88.89222752321204
2023-08-14 20:00:00,5.7,1015.4,90.71246758121774
2023-08-14 21:00:00,5.1,1015.4,88.77345883712962
2023-08-14 22:00:00,4.2,1015.3,91.24879886586264
2023-08-14 23:00:00,3.5,1015.2,91.20116409900645
2023-08-15 00:00:00,4.1,1015.1,94.52664834682828
2023-08-15 01:00:00,5.0,1015.3,95.89885665002681
2023-08-15 02:00:00,5.5,1015.2,93.27435341432715
2023-08-15 03:00:00,5.2,1015.2,93.25861682646179
2023-08-15 04:00:00,4.7,1015.2,91.92843590038906
2023-08-15 05:00:00,5.5,1015.1,91.97829528811012
2023-08-15 06:00:00,5.5,1015.0,91.97829528811012
2023-08-15 07:00:00,5.5,1015.1,91.97829528811012
2023-08-15 08:00:00,5.2,1015.4,94.57378611080713
2023-08-15 09:00:00,5.5,1015.6,92.62431935595066
2023-08-15 10:00:00,6.0,1015.7,91.36955567053472
2023-08-15 11:00:00,6.2,1015.7,90.11711296891802
2023-08-15 12:00:00,6.0,1016.0,91.36955567053472
2023-08-15 13:00:00,6.0,1015.9,91.36955567053472
2023-08-15 14:00:00,6.5,1015.8,89.51405121553564
2023-08-15 15:00:00,6.6,1015.6,89.52201973538699
2023-08-15 16:00:00,6.2,1015.5,92.02154993098661
2023-08-15 17:00:00,6.5,1015.5,89.51405121553564
2023-08-15 18:00:00,6.0,1015.6,92.0092266910958
2023-08-15 19:00:00,5.7,1015.5,95.92145756337315
2023-08-15 20:00:00,5.6,1015.6,95.25246420886721
2023-08-15 21:00:00,5.6,1015.7,95.25246420886721
2023-08-15 22:00:00,5.7,1015.7,90.71246758121774
2023-08-15 23:00:00,5.2,1015.9,90.04120953664071
2023-08-16 00:00:00,5.1,1016.0,89.40155087343943
2023-08-16 01:00:00,5.0,1016.1,89.39344739105934
2023-08-16 02:00:00,4.7,1016.1,90.00293589210811
2023-08-16 03:00:00,4.7,1016.1,90.00293589210811
2023-08-16 04:00:00,4.6,1016.3,89.99525520633192
2023-08-16 05:00:00,4.6,1016.3,89.36094229834151
2023-08-16 06:00:00,4.5,1016.7,89.98756583849455
2023-08-16 07:00:00,5.0,1016.8,88.7649041897731
2023-08-16 08:00:00,5.1,1017.1,91.95342264117102
2023-08-16 09:00:00,5.7,1017.1,93.28481426028563
2023-08-16 10:00:00,5.7,1017.0,97.9419628350068
2023-08-16 11:00:00,6.0,1017.4,95.93108692659358
2023-08-16 12:00:00,6.0,1017.5,96.59890122643482
2023-08-16 13:00:00,6.5,1017.7,97.2816063069943
2023-08-16 14:00:00,6.5,1017.8,95.28587582453551
2023-08-16 15:00:00,6.5,1017.9,95.28587582453551
2023-08-16 16:00:00,6.6,1017.9,95.9502443590184
2023-08-16 17:00:00,6.5,1018.0,95.28587582453551
2023-08-16 18:00:00,6.5,1017.9,93.97557528721931
2023-08-16 19:00:00,6.6,1018.1,93.98026102191757
2023-08-16 20:00:00,6.5,1018.4,93.97557528721931
2023-08-16 21:00:00,6.5,1018.5,94.62872103657998
2023-08-16 22:00:00,6.2,1018.7,95.93748770514381
2023-08-16 23:00:00,6.1,1018.8,95.27106953437084
2023-08-17 00:00:00,6.0,1018.7,97.27082165614588
2023-08-17 01:00:00,6.0,1018.7,95.26735715490474
2023-08-17 02:00:00,6.0,1019.0,94.60769040321622
2023-08-17 03:00:00,5.7,1019.4,95.2561939730186
2023-08-17 04:00:00,6.1,1019.6,95.9342891916745
2023-08-17 05:00:00,6.1,1019.8,95.9342891916745
2023-08-17 06:00:00,6.2,1020.3,95.93748770514381
2023-08-17 07:00:00,6.6,1020.7,95.9502443590184
2023-08-17 08:00:00,6.7,1021.2,94.63709918799653
2023-08-17 09:00:00,7.2,1021.6,95.31162142695811
2023-08-17 10:00:00,7.0,1022.3,93.9989499969984
2023-08-17 12:00:00,8.0,1023.5,90.25161035980199
2023-08-17 13:00:00,7.1,1024.3,91.44214503462725
2023-08-17 14:00:00,6.7,1024.5,91.41585349154192
2023-08-17 16:00:00,6.7,1025.1,92.69253029859198
2023-08-17 17:00:00,6.5,1025.4,94.62872103657998
2023-08-17 18:00:00,6.0,1025.5,95.93108692659358
2023-08-17 19:00:00,5.7,1025.8,96.59082570875091
2023-08-17 20:00:00,5.6,1026.3,97.26214787992242
2023-08-17 21:00:00,6.0,1026.5,97.94686991131599
2023-08-17 22:00:00,5.7,1026.6,99.30978064354458
2023-08-17 23:00:00,6.0,1026.7,98.62706778171304
2023-08-18 00:00:00,6.0,1026.8,97.94686991131599
2023-08-18 01:00:00,6.1,1026.7,98.62816254409277
2023-08-18 02:00:00,6.2,1027.0,98.62925600061708
2023-08-18 03:00:00,6.1,1026.8,99.31198799745928
2023-08-18 04:00:00,5.7,1026.6,100.0
2023-08-18 05:00:00,5.7,1026.7,100.0
2023-08-18 06:00:00,6.5,1026.6,98.63252855574865
2023-08-18 07:00:00,6.5,1026.5,99.31418479163887
2023-08-18 08:00:00,6.6,1026.8,98.63361680952193
2023-08-18 09:00:00,6.5,1026.9,98.63252855574865
2023-08-18 10:00:00,7.0,1027.3,97.96310113924017
2023-08-18 11:00:00,7.0,1027.7,96.62561461039539
2023-08-18 12:00:00,6.7,1028.3,97.95825196859339
2023-08-18 13:00:00,6.7,1028.4,96.61763354016009
2023-08-18 14:00:00,6.6,1028.6,96.61496692773194
2023-08-18 15:00:00,7.0,1028.9,94.64963006328745
2023-08-18 16:00:00,7.0,1029.1,94.64963006328745
2023-08-18 17:00:00,6.7,1029.2,95.29325312606257
2023-08-18 18:00:00,7.0,1029.3,93.9989499969984
2023-08-18 19:00:00,6.7,1029.5,94.63709918799653
2023-08-18 20:00:00,6.5,1029.5,93.97557528721931
2023-08-18 21:00:00,6.7,1029.6,96.61763354016009
2023-08-18 22:00:00,6.6,1029.8,95.9502443590184
2023-08-18 23:00:00,6.6,1029.9,97.28375560129753
2023-08-19 00:00:00,7.0,1029.9,96.62561461039539
2023-08-19 01:00:00,6.5,1030.1,96.61229717933777
2023-08-19 02:00:00,6.7,1029.9,97.28590235960866
2023-08-19 03:00:00,7.0,1030.0,96.62561461039539
2023-08-19 04:00:00,7.1,1029.9,97.29446411219297
2023-08-19 05:00:00,6.6,1029.9,97.95663174331337
2023-08-19 06:00:00,6.6,1029.8,97.28375560129753
2023-08-19 07:00:00,6.7,1030.0,97.28590235960866
2023-08-19 08:00:00,6.7,1030.1,98.63470376775462
2023-08-19 09:00:00,6.7,1030.0,97.28590235960866
2023-08-19 10:00:00,7.0,1030.1,96.62561461039539
2023-08-19 11:00:00,7.0,1030.0,94.64963006328745
2023-08-19 12:00:00,7.6,1029.8,93.38300130292346
2023-08-19 13:00:00,7.6,1029.7,92.10703167035639
2023-08-19 14:00:00,8.0,1029.2,90.25161035980199
2023-08-19 15:00:00,8.2,1028.6,90.26638801864834
2023-08-19 16:00:00,8.5,1028.1,90.9089826366299
2023-08-19 17:00:00,8.2,1027.5,94.05450330210873
2023-08-19 18:00:00,8.0,1027.1,92.76537742555799
2023-08-19 19:00:00,7.7,1026.4,92.11308565391525
2023-08-19 20:00:00,7.5,1026.0,94.0221904104577
2023-08-19 21:00:00,7.2,1025.7,95.31162142695811
2023-08-19 22:00:00,7.2,1025.2,94.65795983187644
2023-08-19 23:00:00,7.1,1024.5,95.30795630651467
2023-08-20 00:00:00,7.0,1023.9,93.9989499969984
2023-08-20 01:00:00,7.1,1023.5,94.65379735749254
2023-08-20 02:00:00,7.2,1022.9,95.31162142695811
2023-08-20 03:00:00,7.5,1022.3,92.7374870053699
2023-08-20 04:00:00,7.0,1021.8,93.9989499969984
2023-08-20 05:00:00,6.7,1021.2,95.95342420141712
2023-08-20 06:00:00,6.5,1020.6,95.94706079396674
2023-08-20 07:00:00,6.7,1019.9,95.95342420141712
2023-08-20 08:00:00,7.1,1019.3,95.96610645948586
2023-08-20 09:00:00,7.2,1018.8,95.96926777477589
2023-08-20 10:00:00,7.1,1018.5,94.65379735749254
2023-08-20 11:00:00,7.0,1017.8,93.3522259387568
2023-08-20 12:00:00,7.1,1017.2,93.35736987406807
2023-08-20 13:00:00,7.2,1016.6,93.36250791436775
2023-08-20 14:00:00,8.0,1015.6,90.25161035980199
2023-08-20 15:00:00,8.2,1014.8,86.61369020683081
2023-08-20 16:00:00,8.0,1014.0,90.87434283512013
2023-08-20 17:00:00,7.7,1013.0,90.85346551117917
2023-08-20 18:00:00,7.7,1011.9,93.3881100011258
2023-08-20 19:00:00,8.0,1011.3,93.40340107921274
2023-08-20 20:00:00,7.7,1010.1,90.22938189096931
2023-08-20 21:00:00,7.6,1009.3,92.74307780262903
2023-08-20 22:00:00,7.7,1008.1,91.48136010360997
2023-08-20 23:00:00,8.2,1006.9,87.21324798579664
2023-08-21 00:00:00,8.5,1005.7,85.45772439341675
2023-08-21 01:00:00,9.2,1004.1,84.36661691521927
2023-08-21 02:00:00,10.7,1003.1,74.75019961235209
2023-08-21 03:00:00,10.2,1002.2,82.20544269481636
2023-08-21 04:00:00,9.7,1001.7,87.35513606894116
2023-08-21 05:00:00,9.1,1001.6,90.95029518075576
2023-08-21 06:00:00,8.7,1002.0,94.71982353699818
2023-08-21 07:00:00,8.5,1002.5,97.32411484187284
2023-08-21 08:00:00,8.5,1003.4,97.98709068527549
2023-08-21 09:00:00,8.6,1004.0,97.32621416169187
2023-08-21 10:00:00,8.5,1004.6,97.32411484187284
2023-08-21 11:00:00,7.6,1005.8,97.97274797778532
2023-08-21 12:00:00,7.5,1007.4,97.97114492017626
2023-08-21 13:00:00,7.5,1008.2,99.31963101774276
2023-08-21 14:00:00,7.0,1009.3,97.29232745823914
2023-08-21 15:00:00,6.7,1010.2,99.31527924983958
2023-08-21 16:00:00,6.7,1011.0,96.61763354016009
2023-08-21 17:00:00,6.7,1011.9,95.95342420141712
2023-08-21 18:00:00,6.5,1012.6,95.28587582453551
2023-08-21 19:00:00,6.2,1013.4,93.31086116405936
2023-08-21 20:00:00,6.2,1014.3,90.11711296891802
2023-08-21 21:00:00,6.1,1014.9,95.27106953437084
2023-08-21 22:00:00,5.7,1015.2,92.63575308838193
2023-08-21 23:00:00,5.6,1015.6,91.98449570273478
2023-08-22 00:00:00,5.2,1015.7,93.25861682646179
2023-08-22 01:00:00,5.0,1015.8,91.94718667903129
2023-08-22 02:00:00,5.0,1016.4,91.94718667903129
2023-08-22 03:00:00,5.0,1016.2,92.59561987307997
2023-08-22 04:00:00,4.7,1016.2,92.57832082384604
2023-08-22 05:00:00,4.6,1016.1,93.22697959115234
2023-08-22 06:00:00,4.6,1016.4,93.88550842417183
2023-08-22 07:00:00,4.5,1016.8,95.21114735628416
2023-08-22 08:00:00,4.5,1016.9,94.5438594682041
2023-08-22 09:00:00,4.2,1016.8,96.5500160743236
2023-08-22 10:00:00,4.5,1016.9,95.8825987689825
2023-08-22 11:00:00,4.5,1017.0,95.21114735628416
2023-08-22 12:00:00,5.0,1016.8,95.22999376493262
2023-08-22 13:00:00,5.2,1016.6,95.90533304654144
2023-08-22 14:00:00,5.2,1016.6,92.60711945620537
2023-08-22 15:00:00,5.1,1016.6,94.56952582406919
2023-08-22 16:00:00,4.7,1016.5,96.56369983853763
2023-08-22 17:00:00,4.7,1016.4,96.56369983853763
2023-08-22 18:00:00,4.7,1016.6,95.88911341802375
2023-08-22 19:00:00,4.7,1016.5,97.2424807837528
2023-08-22 20:00:00,4.2,1016.4,97.91716251552587
2023-08-22 21:00:00,4.0,1016.4,97.91382208924115
2023-08-22 22:00:00,3.7,1016.4,97.90879641648968
2023-08-22 23:00:00,3.5,1016.3,97.21592823522369
2023-08-23 00:00:00,3.2,1016.4,97.20923046474576
2023-08-23 01:00:00,3.0,1016.3,97.20475191319618
2023-08-23 02:00:00,2.2,1016.3,97.88339455605323
2023-08-23 03:00:00,2.2,1016.1,98.58447828650894
2023-08-23 04:00:00,2.7,1016.2,97.19801394392582
2023-08-23 05:00:00,3.5,1016.2,95.17312082977196
2023-08-23 06:00:00,4.2,1016.2,97.23146335903061
2023-08-23 07:00:00,4.5,1016.3,94.5438594682041
2023-08-23 08:00:00,4.5,1016.7,94.5438594682041
2023-08-23 09:00:00,4.7,1017.0,95.88911341802375
2023-08-23 10:00:00,4.5,1017.3,95.8825987689825
2023-08-23 11:00:00,4.2,1017.6,96.5500160743236
2023-08-23 12:00:00,4.5,1017.9,95.21114735628416
2023-08-23 13:00:00,4.6,1017.8,96.56096956700468
2023-08-23 14:00:00,4.6,1017.9,95.885858013593
2023-08-23 15:00:00,4.5,1018.2,94.5438594682041
2023-08-23 16:00:00,4.5,1018.3,95.8825987689825
2023-08-23 17:00:00,4.5,1018.6,97.23808168147494
2023-08-23 18:00:00,4.5,1018.8,97.23808168147494
2023-08-23 19:00:00,4.2,1019.1,97.23146335903061
2023-08-23 20:00:00,4.0,1019.2,95.86624473295902
2023-08-23 21:00:00,3.7,1019.6,97.22038009370831
2023-08-23 22:00:00,3.6,1019.9,97.21815549383506
2023-08-23 23:00:00,3.5,1020.0,97.21592823522369
2023-08-24 00:00:00,3.0,1020.2,96.51684170547597
2023-08-24 01:00:00,3.0,1020.2,97.20475191319618
2023-08-24 02:00:00,2.5,1020.0,96.50287854856931
2023-08-24 03:00:00,3.2,1020.0,97.20923046474576
2023-08-24 04:00:00,3.0,1019.9,96.51684170547597
2023-08-24 05:00:00,3.0,1020.2,97.20475191319618
2023-08-24 06:00:00,3.2,1020.2,97.20923046474576
2023-08-24 07:00:00,3.5,1020.3,97.21592823522369
2023-08-24 08:00:00,3.7,1020.5,95.85638584363429
2023-08-24 09:00:00,4.0,1020.5,94.52233296831315
2023-08-24 10:00:00,4.1,1020.9,94.52664834682828
2023-08-24 11:00:00,4.2,1020.8,95.19978631110955
2023-08-24 13:00:00,4.7,1020.5,93.89029842663203
2023-08-24 14:00:00,5.2,1020.2,91.95965147247021
2023-08-24 15:00:00,5.5,1020.3,90.69819196089105
2023-08-24 16:00:00,5.5,1020.1,90.69819196089105
2023-08-24 17:00:00,5.2,1020.3,91.95965147247021
2023-08-24 18:00:00,5.2,1020.2,93.25861682646179
2023-08-24 19:00:00,5.0,1020.1,93.90463508669563
2023-08-24 20:00:00,4.5,1019.8,95.8825987689825
2023-08-24 21:00:00,4.2,1019.9,97.23146335903061
2023-08-24 22:00:00,4.0,1019.6,97.91382208924115
2023-08-24 23:00:00,4.2,1019.6,98.60713637174274
2023-08-25 00:00:00,4.5,1019.3,97.23808168147494
2023-08-25 01:00:00,4.5,1019.0,97.23808168147494
2023-08-25 02:00:00,4.6,1018.6,97.92381942927669
2023-08-25 03:00:00,5.0,1018.3,97.93044459314491
2023-08-25 04:00:00,5.0,1018.1,97.24905985076529
2023-08-25 05:00:00,5.1,1018.0,98.61715581302552
2023-08-25 06:00:00,5.0,1018.0,99.30589216087195
2023-08-25 07:00:00,5.2,1017.6,100.0
2023-08-25 08:00:00,6.0,1017.5,98.62706778171304
2023-08-25 09:00:00,6.1,1017.4,99.31198799745928
2023-08-25 10:00:00,6.7,1017.0,98.63470376775462
2023-08-25 11:00:00,6.7,1016.8,95.95342420141712
2023-08-25 12:00:00,6.6,1016.8,92.0461123223289
2023-08-25 13:00:00,6.5,1016.5,91.40266300686308
2023-08-25 14:00:00,6.2,1016.4,93.31086116405936
2023-08-25 15:00:00,6.5,1016.0,97.2816063069943
2023-08-25 16:00:00,6.1,1015.7,99.31198799745928
2023-08-25 17:00:00,6.2,1015.1,100.0
2023-08-25 18:00:00,6.1,1014.9,99.31198799745928
2023-08-25 19:00:00,6.0,1014.9,99.31143715159139
2023-08-25 20:00:00,6.0,1014.9,98.62706778171304
2023-08-25 21:00:00,6.1,1014.7,99.31198799745928
2023-08-25 22:00:00,6.1,1014.3,99.31198799745928
2023-08-25 23:00:00,6.0,1014.2,98.62706778171304
2023-08-26 00:00:00,5.7,1014.1,99.30978064354458
2023-08-26 01:00:00,5.7,1013.5,99.30978064354458
2023-08-26 02:00:00,5.7,1013.1,98.62377563866852
2023-08-26 04:00:00,5.5,1012.9,97.93868170554958
2023-08-26 05:00:00,5.6,1012.5,97.94032324685872
2023-08-26 06:00:00,5.6,1012.1,98.62267563207361
2023-08-26 07:00:00,5.7,1012.0,98.62377563866852
2023-08-26 08:00:00,5.6,1012.0,98.62267563207361
2023-08-26 09:00:00,5.6,1011.9,97.26214787992242
2023-08-26 10:00:00,6.1,1011.7,96.60158672818163
2023-08-26 11:00:00,6.0,1011.2,97.94686991131599
2023-08-26 12:00:00,6.6,1011.2,98.63361680952193
2023-08-26 13:00:00,6.2,1010.9,100.0
2023-08-26 14:00:00,6.5,1010.3,98.63252855574865
2023-08-26 15:00:00,6.2,1010.1,99.31253818334633
2023-08-26 16:00:00,6.0,1009.6,99.31143715159139
2023-08-26 17:00:00,6.1,1009.6,99.31198799745928
2023-08-26 18:00:00,6.0,1009.6,98.62706778171304
2023-08-26 19:00:00,6.0,1009.3,98.62706778171304
2023-08-26 20:00:00,6.2,1008.9,99.31253818334633
2023-08-26 21:00:00,6.0,1008.6,99.31143715159139
2023-08-26 22:00:00,6.1,1008.5,99.31198799745928
2023-08-26 23:00:00,6.1,1008.3,99.31198799745928
2023-08-27 00:00:00,6.0,1008.1,99.31143715159139
2023-08-27 01:00:00,5.7,1007.9,100.0
2023-08-27 02:00:00,6.1,1007.6,99.31198799745928
2023-08-27 03:00:00,6.2,1007.3,100.0
2023-08-27 04:00:00,6.2,1006.9,100.0
2023-08-27 05:00:00,6.2,1006.7,99.31253818334633
2023-08-27 06:00:00,6.2,1006.6,99.31253818334633
2023-08-27 07:00:00,6.2,1006.4,97.95013158613503
2023-08-27 08:00:00,6.5,1006.5,97.2816063069943
2023-08-27 09:00:00,6.5,1006.2,95.94706079396674
2023-08-27 10:00:00,6.7,1005.9,97.28590235960866
2023-08-27 11:00:00,6.7,1005.5,97.95825196859339
2023-08-27 12:00:00,7.0,1005.5,97.96310113924017
2023-08-27 13:00:00,7.1,1005.2,98.63903868623466
2023-08-27 14:00:00,7.2,1004.7,99.31800397382585
2023-08-27 15:00:00,7.2,1004.5,99.31800397382585
2023-08-27 16:00:00,7.2,1004.4,99.31800397382585
2023-08-27 17:00:00,7.0,1004.5,98.63795688969688
2023-08-27 18:00:00,7.0,1004.4,98.63795688969688
2023-08-27 19:00:00,6.6,1004.2,99.31473234810841
2023-08-27 20:00:00,6.5,1004.3,99.31418479163887
2023-08-27 22:00:00,6.7,1004.3,100.0
2023-08-27 23:00:00,6.5,1004.2,99.31418479163887
2023-08-28 00:00:00,6.2,1004.1,100.0
2023-08-28 01:00:00,6.0,1004.0,98.62706778171304
2023-08-28 02:00:00,5.5,1004.0,99.30867298554894
2023-08-28 03:00:00,5.5,1003.9,98.62157430920581
2023-08-28 04:00:00,5.2,1004.0,100.0
2023-08-28 05:00:00,5.5,1003.8,99.30867298554894
2023-08-28 06:00:00,5.6,1003.8,99.30922714718466
2023-08-28 07:00:00,5.6,1004.1,99.30922714718466
2023-08-28 08:00:00,5.7,1004.4,98.62377563866852
2023-08-28 09:00:00,6.0,1004.6,98.62706778171304
2023-08-28 10:00:00,5.7,1004.5,99.30978064354458
2023-08-28 11:00:00,6.1,1004.6,98.62816254409277
2023-08-28 12:00:00,6.2,1004.8,98.62925600061708
2023-08-28 13:00:00,6.1,1004.6,97.94850171762089
2023-08-28 14:00:00,6.5,1004.4,97.2816063069943
2023-08-28 15:00:00,6.0,1004.5,97.94686991131599
2023-08-28 16:00:00,6.0,1004.7,97.94686991131599
2023-08-28 17:00:00,5.5,1004.4,98.62157430920581
2023-08-28 18:00:00,6.0,1004.4,89.47407476631231
2023-08-28 19:00:00,6.0,1004.5,77.15138183087959
2023-08-28 20:00:00,6.0,1004.4,89.47407476631231
2023-08-28 21:00:00,5.6,1004.5,88.19412340672092
2023-08-28 22:00:00,5.1,1004.1,95.90209675346998
2023-08-28 23:00:00,4.7,1004.0,96.56369983853763
2023-08-29 00:00:00,4.5,1004.2,95.21114735628416
2023-08-29 01:00:00,5.1,1004.0,94.56952582406919
2023-08-29 02:00:00,5.1,1004.1,90.66954358166178
2023-08-29 03:00:00,5.2,1004.1,90.04120953664071
2023-08-29 04:00:00,5.2,1003.8,85.70190932475215
2023-08-29 05:00:00,5.2,1003.6,82.71677616154159
2023-08-29 06:00:00,5.0,1003.7,82.69131953445675
2023-08-29 07:00:00,5.5,1003.6,79.86776335067329
2023-08-29 08:00:00,6.0,1003.5,77.15138183087959
2023-08-29 09:00:00,5.6,1003.6,83.94720224328273
2023-08-29 10:00:00,6.1,1003.5,79.95474496457803
2023-08-29 11:00:00,5.6,1003.8,83.35551778335747
2023-08-29 12:00:00,5.7,1003.9,83.95907157575701
2023-08-29 13:00:00,6.2,1004.3,84.61122629998225
2023-08-29 14:00:00,6.7,1004.4,85.86112743126895
2023-08-29 15:00:00,6.0,1004.3,90.73382056884535
2023-08-29 16:00:00,5.7,1004.4,93.28481426028563
2023-08-29 17:00:00,5.5,1004.4,90.69819196089105
2023-08-29 19:00:00,5.2,1004.9,91.31619139769815
2023-08-29 20:00:00,4.5,1005.4,91.91589953024946
2023-08-29 21:00:00,4.2,1005.7,92.54935594029455
2023-08-29 22:00:00,5.7,1006.2,82.19625011114202
2023-08-29 23:00:00,4.7,1006.6,87.49116137639675
2023-08-30 00:00:00,4.6,1006.8,87.48168100480616
2023-08-30 01:00:00,4.7,1006.4,90.00293589210811
2023-08-30 02:00:00,4.7,1006.5,94.55243490190549
2023-08-30 03:00:00,5.1,1006.6,91.95342264117102
2023-08-30 04:00:00,5.0,1006.7,91.30277427861813
2023-08-30 05:00:00,5.0,1007.2,91.30277427861813
2023-08-30 06:00:00,5.1,1007.5,90.66954358166178
2023-08-30 07:00:00,5.5,1007.9,91.33625989666652
2023-08-30 08:00:00,5.6,1008.1,90.70533380852349
2023-08-30 09:00:00,5.6,1008.5,90.70533380852349
2023-08-30 10:00:00,6.2,1008.8,89.49009216798703
2023-08-30 11:00:00,7.0,1009.1,85.89266118517467
2023-08-30 12:00:00,6.6,1009.4,88.2830778429496
2023-08-30 13:00:00,7.0,1009.4,88.31838490064995
2023-08-30 14:00:00,7.5,1009.4,80.71860837272318
2023-08-30 15:00:00,7.0,1009.8,85.29551404879575
2023-08-30 16:00:00,6.6,1010.2,88.2830778429496
2023-08-30 17:00:00,6.6,1010.4,85.25181381225077
2023-08-30 18:00:00,6.5,1010.7,87.04961251106675
2023-08-30 19:00:00,6.2,1011.1,88.86693275879078
2023-08-30 20:00:00,6.0,1011.3,91.36955567053472
2023-08-30 21:00:00,5.7,1011.5,91.99068903976476
2023-08-30 22:00:00,5.5,1011.9,91.97829528811012
2023-08-30 23:00:00,5.2,1012.0,93.25861682646179
2023-08-31 00:00:00,5.5,1012.0,86.95192424618618
2023-08-31 01:00:00,5.6,1012.4,81.60255061286952
2023-08-31 02:00:00,5.2,1012.4,82.13092088113694
2023-08-31 03:00:00,5.1,1012.7,83.29399815604994
2023-08-31 04:00:00,5.0,1012.8,80.36686009806651
2023-08-31 05:00:00,5.0,1013.2,81.52175356159468
2023-08-31 06:00:00,4.7,1013.6,84.43882786195897
2023-08-31 07:00:00,5.0,1013.9,83.87571848264596
2023-08-31 08:00:00,5.0,1014.4,85.0751123188195
2023-08-31 09:00:00,5.1,1014.5,85.69120215551021
2023-08-31 10:00:00,5.5,1014.6,82.75485992663455
2023-08-31 11:00:00,5.5,1014.6,81.58911975740791
2023-08-31 13:00:00,5.7,1015.0,81.03931401317817
2023-08-31 14:00:00,5.2,1015.2,86.92240796130858
2023-08-31 15:00:00,5.2,1015.2,86.31024923171755
2023-08-31 16:00:00,5.1,1015.3,86.29996245652553
2023-08-31 17:00:00,4.7,1015.4,87.49116137639675
2023-08-31 18:00:00,4.5,1015.6,85.62671348242807
2023-08-31 19:00:00,4.2,1015.6,88.69612157712272
2023-08-31 20:00:00,4.0,1015.6,93.85665109611261
2023-08-31 21:00:00,3.7,1015.7,89.92573680014974
2023-08-31 22:00:00,4.0,1015.7,93.85665109611261
2023-08-31 23:00:00,4.1,1015.7,95.19599038804483
2023-09-01 00:00:00,4.0,1015.6,93.19512193933073
2023-09-01 01:00:00,4.1,1015.5,93.86147465953184
2023-09-01 02:00:00,4.1,1015.6,92.54354290253166
2023-09-01 03:00:00,4.2,1015.4,95.19978631110955
2023-09-01 04:00:00,4.2,1015.3,94.53095867829755
2023-09-01 06:00:00,4.7,1015.1,95.21869918538714
2023-09-01 07:00:00,5.1,1015.1,95.90209675346998
2023-09-01 08:00:00,5.5,1015.5,95.24873008174235
2023-09-01 09:00:00,5.5,1015.4,95.24873008174235
2023-09-01 10:00:00,5.7,1015.5,97.9419628350068
2023-09-01 11:00:00,6.0,1015.7,87.6134568664634
2023-09-01 12:00:00,6.2,1016.0,88.2476142554497
2023-09-01 13:00:00,6.2,1015.9,92.66422295983362
2023-09-01 14:00:00,6.2,1015.8,90.74801573734898
2023-09-01 15:00:00,6.0,1015.9,97.27082165614588
2023-09-01 16:00:00,6.0,1015.9,97.94686991131599
2023-09-01 17:00:00,5.7,1016.0,94.59501326339685
2023-09-01 18:00:00,5.7,1015.7,93.93789385449854
2023-09-01 19:00:00,5.5,1015.6,87.566627891252
2023-09-01 20:00:00,5.5,1015.4,88.1851736119175
2023-09-01 21:00:00,5.5,1015.3,88.1851736119175
2023-09-01 22:00:00,5.7,1015.2,91.3496009084566
2023-09-01 23:00:00,6.0,1014.8,92.0092266910958
2023-09-02 00:00:00,6.2,1014.4,92.66422295983362
2023-09-02 01:00:00,6.5,1014.0,92.68122678888943
2023-09-02 02:00:00,6.5,1012.8,93.97557528721931
2023-09-02 03:00:00,6.6,1012.7,95.9502443590184
2023-09-02 04:00:00,6.7,1011.9,90.15474589265843
2023-09-02 05:00:00,6.7,1011.2,85.26275654926447
2023-09-02 06:00:00,6.7,1010.3,87.67858529007864
2023-09-02 07:00:00,7.0,1010.1,84.11222310478588
2023-09-02 08:00:00,6.7,1008.9,88.29191924695974
2023-09-02 09:00:00,7.0,1007.9,88.93419849712907
2023-09-02 10:00:00,7.2,1007.6,91.44869935423894
2023-09-02 11:00:00,7.5,1006.3,94.67041840957172
2023-09-02 12:00:00,7.5,1005.3,90.83950816979285
2023-09-02 13:00:00,7.6,1003.9,92.74307780262903
2023-09-02 14:00:00,7.7,1002.7,91.48136010360997
2023-09-02 15:00:00,8.0,1001.5,89.63265109016362
2023-09-02 16:00:00,7.7,1000.1,93.3881100011258
2023-09-02 17:00:00,7.7,998.4,94.6787001633834
2023-09-02 18:00:00,8.0,996.7,94.0452975425273
2023-09-02 19:00:00,7.7,995.4,95.98501914090133
2023-09-02 20:00:00,7.7,994.3,95.32988330819408
2023-09-02 21:00:00,7.6,993.0,95.98187621013211
2023-09-02 22:00:00,7.6,991.7,97.30510971707947
2023-09-02 23:00:00,7.2,990.7,98.64011919744529
2023-09-03 00:00:00,7.2,990.3,97.96632436213815
2023-09-03 01:00:00,6.7,990.4,98.63470376775462
2023-09-03 02:00:00,7.0,990.0,98.63795688969688
2023-09-03 03:00:00,6.7,990.0,98.63470376775462
2023-09-03 04:00:00,6.5,990.3,97.2816063069943
2023-09-03 05:00:00,6.2,990.1,98.62925600061708
2023-09-03 06:00:00,6.2,990.3,98.62925600061708
2023-09-03 07:00:00,6.0,990.5,98.62706778171304
2023-09-03 08:00:00,5.7,990.5,98.62377563866852
2023-09-03 09:00:00,5.7,990.0,98.62377563866852
2023-09-03 10:00:00,5.6,989.6,99.30922714718466
2023-09-03 11:00:00,6.2,989.5,99.31253818334633
2023-09-03 12:00:00,7.1,989.3,95.96610645948586
2023-09-03 13:00:00,7.0,988.9,94.64963006328745
2023-09-03 14:00:00,7.0,988.7,95.30428692276585
2023-09-03 15:00:00,7.0,988.5,95.30428692276585
2023-09-03 16:00:00,7.0,988.1,95.30428692276585
2023-09-03 17:00:00,6.7,987.9,95.95342420141712
2023-09-03 18:00:00,6.7,988.2,96.61763354016009
2023-09-03 19:00:00,6.6,988.7,96.61496692773194
2023-09-03 20:00:00,6.5,988.8,95.94706079396674
2023-09-03 21:00:00,6.0,989.0,95.93108692659358
2023-09-03 22:00:00,5.6,989.0,96.58812751552313
2023-09-03 23:00:00,5.2,989.5,97.25343288579838
2023-09-04 00:00:00,5.5,989.5,96.58542613701198
2023-09-04 01:00:00,5.5,989.6,94.58653722815943
2023-09-04 02:00:00,4.7,989.5,94.55243490190549
2023-09-04 03:00:00,5.0,989.2,95.22999376493262
2023-09-04 04:00:00,5.6,989.0,95.9182402334815
2023-09-04 05:00:00,5.7,988.7,96.59082570875091
2023-09-04 06:00:00,5.7,989.0,97.9419628350068
2023-09-04 07:00:00,5.7,989.2,97.9419628350068
2023-09-04 08:00:00,6.0,989.5,97.27082165614588
2023-09-04 09:00:00,6.2,989.8,97.27514316832789
2023-09-04 10:00:00,6.5,990.3,95.94706079396674
2023-09-04 11:00:00,6.7,990.7,95.29325312606257
2023-09-04 12:00:00,7.5,991.4,85.34987515266592
2023-09-04 13:00:00,7.2,992.0,89.56964455156047
2023-09-04 14:00:00,7.0,993.0,88.93419849712907
2023-09-04 15:00:00,6.5,994.0,93.32641752485816
2023-09-04 16:00:00,6.2,994.6,93.31086116405936
2023-09-04 17:00:00,6.2,995.5,91.3828211392285
2023-09-04 18:00:00,6.2,996.3,92.66422295983362
2023-09-04 19:00:00,6.1,997.2,93.30566377103474
2023-09-04 20:00:00,5.5,998.3,95.24873008174235
2023-09-04 21:00:00,5.5,999.1,92.62431935595066
2023-09-04 22:00:00,5.0,1000.0,87.51953959845468
2023-09-04 23:00:00,4.7,1000.4,91.92843590038906
2023-09-05 00:00:00,4.5,1000.6,91.26909739687248
2023-09-05 01:00:00,3.5,1001.1,94.50068009653909
2023-09-05 02:00:00,3.7,1001.8,93.8421466297946
2023-09-05 03:00:00,4.7,1002.1,87.49116137639675
2023-09-05 04:00:00,4.5,1002.7,88.72198723161904
2023-09-05 05:00:00,4.7,1003.1,85.6482566081572
2023-09-05 06:00:00,4.7,1003.7,85.6482566081572
2023-09-05 07:00:00,4.7,1004.3,86.25870250498816
2023-09-05 08:00:00,4.7,1005.3,86.87299712797866
2023-09-05 09:00:00,4.5,1005.9,83.81579610862059
2023-09-05 10:00:00,4.2,1006.4,87.4436542957111
2023-09-05 12:00:00,5.5,1008.1,80.43794118361346
2023-09-05 13:00:00,6.0,1009.0,81.08059704360662
2023-09-05 15:00:00,7.2,1009.4,66.61981340091833
2023-09-05 16:00:00,6.2,1009.8,79.40508662234373
2023-09-05 17:00:00,5.7,1009.7,84.55406931497438
2023-09-05 18:00:00,4.5,1009.7,94.5438594682041
2023-09-05 19:00:00,4.2,1009.6,95.87279793405237
2023-09-05 20:00:00,4.7,1009.6,96.56369983853763
2023-09-05 21:00:00,5.0,1009.1,96.57187129040786
2023-09-05 22:00:00,5.5,1008.8,95.91501912273974
2023-09-05 23:00:00,6.0,1008.1,97.94686991131599
2023-09-06 00:00:00,6.2,1007.7,97.95013158613503
2023-09-06 01:00:00,6.5,1007.4,95.28587582453551
2023-09-06 02:00:00,7.0,1007.0,85.89266118517467
2023-09-06 03:00:00,6.7,1006.8,89.52997936216893
2023-09-06 04:00:00,6.5,1006.4,91.40266300686308
2023-09-06 05:00:00,6.5,1005.6,92.03998220939768
2023-09-06 06:00:00,7.0,1005.1,92.07056315235558
2023-09-06 07:00:00,6.5,1004.8,95.94706079396674
2023-09-06 08:00:00,6.6,1004.3,95.9502443590184
2023-09-06 09:00:00,6.7,1004.2,96.61763354016009
2023-09-06 10:00:00,7.0,1004.1,94.64963006328745
2023-09-06 11:00:00,7.0,1004.2,96.62561461039539
2023-09-06 12:00:00,7.1,1004.3,95.96610645948586
2023-09-06 13:00:00,7.0,1004.2,95.96294145022486
2023-09-06 15:00:00,7.6,1004.3,93.38300130292346
2023-09-06 16:00:00,7.5,1004.2,94.0221904104577
2023-09-06 17:00:00,7.6,1004.2,93.38300130292346
2023-09-06 18:00:00,7.1,1003.9,94.00360879078117
2023-09-06 19:00:00,7.0,1004.0,94.64963006328745
2023-09-06 20:00:00,6.7,1004.0,95.29325312606257
2023-09-06 21:00:00,6.7,1003.9,94.63709918799653
2023-09-06 22:00:00,7.0,1003.6,94.64963006328745
2023-09-06 23:00:00,6.7,1003.7,95.29325312606257
2023-09-07 00:00:00,6.6,1003.7,95.28956662340494
2023-09-07 01:00:00,6.7,1003.5,95.29325312606257
2023-09-07 02:00:00,6.6,1003.4,95.28956662340494
2023-09-07 03:00:00,6.6,1003.2,95.9502443590184
2023-09-07 04:00:00,6.5,1003.1,95.28587582453551
2023-09-07 05:00:00,6.2,1002.9,96.60426906942322
2023-09-07 06:00:00,6.2,1002.8,97.95013158613503
2023-09-07 07:00:00,6.5,1002.9,96.61229717933777
2023-09-07 09:00:00,6.7,1002.6,97.95825196859339
2023-09-07 10:00:00,7.2,1002.2,97.2965982499217
2023-09-07 11:00:00,7.0,1001.8,95.96294145022486
2023-09-07 12:00:00,7.7,1001.3,98.6455025445242
2023-09-07 14:00:00,7.2,1000.4,96.63091973326038
2023-09-07 15:00:00,7.2,999.6,97.96632436213815
2023-09-07 16:00:00,7.0,998.8,97.29232745823914
2023-09-07 17:00:00,6.7,998.0,97.95825196859339
2023-09-07 18:00:00,6.7,996.9,98.63470376775462
2023-09-07 19:00:00,6.7,995.8,97.95825196859339
2023-09-07 20:00:00,7.0,994.8,97.96310113924017
2023-09-07 21:00:00,7.0,993.8,96.62561461039539
2023-09-07 22:00:00,6.7,992.7,97.28590235960866
2023-09-07 23:00:00,6.6,991.4,96.61496692773194
2023-09-08 00:00:00,7.0,989.9,93.9989499969984
2023-09-08 01:00:00,6.7,989.2,95.95342420141712
2023-09-08 02:00:00,6.5,988.6,92.68122678888943
2023-09-08 03:00:00,6.7,988.5,94.63709918799653
2023-09-08 04:00:00,6.1,988.7,95.27106953437084
2023-09-08 06:00:00,5.2,990.3,95.90533304654144
2023-09-08 07:00:00,5.1,991.0,95.23374980838251
2023-09-08 08:00:00,5.0,990.9,91.94718667903129
2023-09-08 09:00:00,5.2,991.1,94.57378611080713
2023-09-08 10:00:00,4.7,992.0,94.55243490190549
2023-09-08 11:00:00,4.7,992.7,92.57832082384604
2023-09-08 12:00:00,5.0,992.6,90.66236117966048
2023-09-08 13:00:00,4.6,992.8,90.63354998113236
2023-09-08 14:00:00,4.7,992.4,93.23226771606967
2023-09-08 15:00:00,4.7,991.9,95.21869918538714
2023-09-08 16:00:00,4.5,991.7,94.5438594682041
2023-09-08 17:00:00,4.2,991.1,95.19978631110955
2023-09-08 18:00:00,4.0,990.3,94.52233296831315
2023-09-08 19:00:00,4.0,990.0,95.86624473295902
2023-09-08 20:00:00,4.0,990.0,94.52233296831315
2023-09-08 21:00:00,4.0,990.2,93.19512193933073
2023-09-08 22:00:00,4.0,990.1,91.23522781889751
2023-09-08 23:00:00,3.7,990.5,92.52022354286301
2023-09-09 00:00:00,3.7,991.0,91.8654653654796
2023-09-09 01:00:00,3.7,991.3,91.8654653654796
2023-09-09 02:00:00,3.6,991.7,90.56094659427933
2023-09-09 03:00:00,3.7,992.2,90.56824416103413
2023-09-09 04:00:00,3.5,992.6,89.27079529474405
2023-09-09 05:00:00,3.6,993.0,90.56094659427933
2023-09-09 06:00:00,4.1,993.6,87.43412123717151
2023-09-09 07:00:00,4.5,994.4,86.23800459522458
2023-09-09 08:00:00,4.2,994.8,91.24879886586264
2023-09-09 09:00:00,4.2,995.7,89.96444551445045
2023-09-09 10:00:00,4.2,996.4,89.32829070263436
2023-09-09 11:00:00,4.5,996.9,86.23800459522458
2023-09-09 12:00:00,4.5,997.8,84.41563000932753
2023-09-09 13:00:00,4.2,998.6,81.9992226348598
2023-09-09 14:00:00,4.1,998.9,78.52308424945059
2023-09-09 15:00:00,3.6,999.5,77.87940610661312
2023-09-09 16:00:00,3.2,999.8,71.80905882490335
2023-09-09 17:00:00,3.0,999.9,69.17565692949601
2023-09-09 18:00:00,2.2,1000.1,69.00749851957043
2023-09-09 19:00:00,2.2,1000.3,72.14461937985541
2023-09-09 20:00:00,2.0,1000.6,69.99834022453203
2023-09-09 21:00:00,1.7,1000.7,74.21476327269376
2023-09-09 22:00:00,1.7,1001.0,76.43976603252813
2023-09-09 23:00:00,1.7,1001.2,82.86681859294383
2023-09-10 00:00:00,2.0,1001.6,78.1946636332643
2023-09-10 01:00:00,2.2,1001.9,73.76013988917104
2023-09-10 02:00:00,2.2,1002.3,67.98904472761818
2023-09-10 03:00:00,2.1,1002.9,74.83707556341564
2023-09-10 04:00:00,1.7,1003.7,81.06812340848101
2023-09-10 05:00:00,2.0,1004.1,68.45381950911703
2023-09-10 06:00:00,1.6,1005.0,67.3531560087606
2023-09-10 07:00:00,2.0,1005.6,71.04513451080109
2023-09-10 08:00:00,2.0,1006.3,69.99834022453203
2023-09-10 09:00:00,2.6,1006.9,69.09173412214771
2023-09-10 10:00:00,3.1,1007.3,70.22362649943081
2023-09-10 11:00:00,3.5,1007.7,70.3049720642864
2023-09-10 12:00:00,3.7,1008.2,71.38267681085014
2023-09-10 13:00:00,3.5,1008.8,78.42997189597686
2023-09-10 14:00:00,3.1,1009.3,79.51438735183338
2023-09-10 15:00:00,2.5,1009.5,84.79279992666014
2023-09-10 16:00:00,3.0,1009.6,76.65817296218594
2023-09-10 17:00:00,2.2,1010.0,78.80104509243051
2023-09-10 18:00:00,2.0,1010.2,73.72316892644852
2023-09-10 19:00:00,2.0,1010.7,72.1058032478464
2023-09-10 20:00:00,2.0,1011.1,75.37265259109822
2023-09-10 21:00:00,2.0,1011.3,75.92971270696076
2023-09-10 22:00:00,2.2,1011.5,79.37958514534105
2023-09-10 23:00:00,2.0,1011.5,82.30289165962968
2023-09-11 00:00:00,1.5,1011.6,81.6365807489076
2023-09-11 01:00:00,1.7,1011.4,84.70082200911042
2023-09-11 02:00:00,1.6,1011.2,82.25015404944014
2023-09-11 03:00:00,1.5,1010.9,82.84120100857713
2023-09-11 04:00:00,1.7,1010.7,82.2633596599217
2023-09-11 05:00:00,2.0,1010.8,77.05480458775617
2023-09-11 06:00:00,2.0,1010.6,75.37265259109822
2023-09-11 07:00:00,1.2,1010.6,79.81435885739972
2023-09-11 08:00:00,2.5,1010.7,73.27435843587595
2023-09-11 09:00:00,2.6,1010.7,80.60504997845185
2023-09-11 10:00:00,3.6,1010.6,74.0169117954583
2023-09-11 11:00:00,3.7,1010.6,74.57597242690011
2023-09-11 12:00:00,4.0,1010.5,75.17293806095672
2023-09-11 13:00:00,4.1,1010.1,75.7370177674169
2023-09-11 14:00:00,4.5,1009.8,76.35434080129416
2023-09-11 15:00:00,4.2,1009.6,78.53854733557141
2023-09-11 16:00:00,2.5,1009.5,84.79279992666014
2023-09-11 17:00:00,3.0,1009.4,83.63408282413862
2023-09-11 18:00:00,3.0,1009.7,78.35193886106191
2023-09-11 19:00:00,3.0,1009.9,77.78369959333553
2023-09-11 20:00:00,2.7,1010.2,83.59738614686032
2023-09-11 21:00:00,2.7,1010.5,82.39464059888738
2023-09-11 22:00:00,3.0,1010.6,75.54711359936607
2023-09-11 23:00:00,3.1,1010.8,76.11786371475515
2023-09-12 00:00:00,3.2,1011.2,75.03229452768313
2023-09-12 01:00:00,3.0,1011.2,73.3677541130384
2023-09-12 02:00:00,3.1,1011.3,70.22362649943081
2023-09-12 03:00:00,2.5,1011.6,83.57285553231281
2023-09-12 04:00:00,2.5,1012.0,83.57285553231281
2023-09-12 05:00:00,2.6,1012.3,81.1934133390594
2023-09-12 06:00:00,2.7,1012.5,77.16999926862758
2023-09-12 07:00:00,3.0,1012.9,74.45036049121158
2023-09-12 08:00:00,3.2,1013.3,72.86954854375455
2023-09-12 09:00:00,3.5,1013.8,70.3049720642864
2023-09-12 10:00:00,3.7,1013.9,70.3455302196835
2023-09-12 11:00:00,3.7,1013.8,72.9638331383474
2023-09-12 12:00:00,4.0,1014.3,73.5531838440961
2023-09-12 13:00:00,4.2,1014.4,70.44659262351706
2023-09-12 14:00:00,4.5,1014.8,71.53963932808433
2023-09-12 15:00:00,4.5,1014.9,69.48760442285689
2023-09-12 16:00:00,4.5,1015.1,68.48129797157935
2023-09-12 17:00:00,4.2,1015.3,68.4176782922484
2023-09-12 18:00:00,3.7,1015.5,70.86242040558636
2023-09-12 19:00:00,3.6,1015.6,69.81144246705402
2023-09-12 20:00:00,3.6,1015.9,70.32526067675315
2023-09-12 21:00:00,3.5,1015.9,67.2701062199796
2023-09-12 22:00:00,3.2,1016.0,73.40498490162707
2023-09-12 23:00:00,3.5,1016.1,76.74141382919326
2023-09-13 00:00:00,3.5,1016.2,69.79087831925592
2023-09-13 01:00:00,3.5,1016.2,74.5401718138147
2023-09-13 02:00:00,3.7,1016.2,75.66820281135627
2023-09-13 03:00:00,3.1,1016.1,73.92561255249147
2023-09-13 04:00:00,2.1,1016.0,64.0238273086661
2023-09-13 05:00:00,2.2,1016.1,59.406606608972034
2023-09-13 06:00:00,2.5,1016.2,51.49025953673208
2023-09-13 07:00:00,2.7,1016.4,56.90080590692237
2023-09-13 08:00:00,4.1,1016.5,68.89900130227387
2023-09-13 09:00:00,5.0,1016.7,68.58694307602894
2023-09-13 10:00:00,5.5,1016.9,70.19853520569775
2023-09-13 11:00:00,5.7,1017.2,67.74674826636323
2023-09-13 12:00:00,6.0,1017.4,71.31700204619537
2023-09-13 13:00:00,6.1,1017.3,71.33654356449087
2023-09-13 14:00:00,6.5,1017.3,72.96132573561998
2023-09-13 15:00:00,6.1,1017.2,81.66949400034053
2023-09-13 16:00:00,5.7,1017.2,82.19625011114202
2023-09-13 17:00:00,5.5,1016.9,84.53112027431841
2023-09-13 18:00:00,5.5,1016.8,81.58911975740791
2023-09-13 19:00:00,5.5,1016.8,85.73396097180276
2023-09-13 20:00:00,5.0,1016.8,82.69131953445675
2023-09-13 21:00:00,4.2,1016.9,73.05766197751625
2023-09-13 22:00:00,4.2,1017.2,70.44659262351706
2023-09-13 23:00:00,4.0,1017.3,71.44167776857225
2023-09-14 00:00:00,3.5,1017.5,77.86349572904768
2023-09-14 01:00:00,3.0,1017.7,76.10084497061112
2023-09-14 02:00:00,2.7,1017.8,80.61928007687953
2023-09-14 03:00:00,2.7,1017.8,80.61928007687953
2023-09-14 04:00:00,2.2,1017.6,79.96188958748364
2023-09-14 05:00:00,2.0,1017.5,81.11001952568657
2023-09-14 06:00:00,1.6,1017.6,79.28901242574298
2023-09-14 07:00:00,2.0,1017.8,70.52001293311068
2023-09-14 08:00:00,2.5,1018.0,74.9083114832781
2023-09-14 09:00:00,3.1,1018.1,73.38637859185994
2023-09-14 10:00:00,3.5,1018.2,74.5401718138147
2023-09-14 14:00:00,4.5,1017.7,65.06023298531503
2023-09-14 15:00:00,4.7,1017.5,68.02583624745041
2023-09-14 16:00:00,4.7,1017.3,67.53126794212841
2023-09-14 17:00:00,4.2,1017.1,68.91998593515828
2023-09-14 18:00:00,3.2,1017.0,75.03229452768313
2023-09-14 19:00:00,2.0,1016.9,78.1946636332643
2023-09-14 20:00:00,2.0,1016.7,73.72316892644852
2023-09-14 21:00:00,2.0,1016.4,73.72316892644852
2023-09-14 22:00:00,2.1,1016.2,75.94690355528851
2023-09-14 23:00:00,2.7,1016.1,78.30492615241168
2023-09-15 00:00:00,3.1,1015.9,80.09335213119516
2023-09-15 01:00:00,3.2,1015.7,81.86612242385009
2023-09-15 02:00:00,3.6,1015.4,87.38629689744573
2023-09-15 03:00:00,4.2,1015.0,89.96444551445045
2023-09-15 04:00:00,4.5,1014.8,91.26909739687248
2023-09-15 05:00:00,4.1,1014.6,89.95672129008817
2023-09-15 06:00:00,4.0,1014.6,89.94898831940914
2023-09-15 07:00:00,4.1,1014.8,89.95672129008817
2023-09-15 08:00:00,4.6,1014.8,92.57254118746815
2023-09-15 09:00:00,5.0,1014.9,90.66236117966048
2023-09-15 10:00:00,5.2,1014.9,91.31619139769815
2023-09-15 11:00:00,5.2,1014.8,93.25861682646179
2023-09-15 12:00:00,5.0,1014.7,88.14027526602467
2023-09-15 13:00:00,4.2,1014.7,89.32829070263436
2023-09-15 14:00:00,3.7,1014.9,84.32233544405338
2023-09-15 15:00:00,3.7,1015.0,80.7607614400095
2023-09-15 16:00:00,3.1,1014.5,81.85273456740083
2023-09-15 17:00:00,2.5,1015.0,81.77210796736091
2023-09-15 18:00:00,2.0,1015.1,81.70452486406192
2023-09-15 19:00:00,2.2,1015.6,83.53596000033379
2023-09-15 20:00:00,2.0,1015.8,84.12137788080179
2023-09-15 21:00:00,2.0,1015.4,85.97540298981342
2023-09-15 22:00:00,2.0,1015.4,82.30289165962968
2023-09-15 23:00:00,2.0,1015.6,78.77018307042576
2023-09-16 00:00:00,2.0,1015.6,81.70452486406192
2023-09-16 01:00:00,1.5,1015.6,82.2369342682561
2023-09-16 02:00:00,1.1,1015.4,84.01347470854151
2023-09-16 03:00:00,0.6,1015.0,82.11731536237303
2023-09-16 04:00:00,0.6,1015.1,80.91335788892212
2023-09-16 05:00:00,0.6,1015.1,82.11731536237303
2023-09-16 06:00:00,0.6,1015.1,80.91335788892212
2023-09-16 07:00:00,1.1,1015.0,80.98393007960533
2023-09-16 08:00:00,1.2,1015.0,78.64609285025968
2023-09-16 09:00:00,1.6,1015.2,79.87355694228025
2023-09-16 10:00:00,1.7,1015.2,81.06812340848101
2023-09-16 11:00:00,2.5,1015.2,80.00584808094773
2023-09-16 12:00:00,2.6,1015.2,74.92607621261928
2023-09-16 13:00:00,2.2,1015.3,82.93062151121117
2023-09-16 14:00:00,2.0,1015.1,79.34945716780017
2023-09-16 15:00:00,2.2,1014.8,76.52410910401552
2023-09-16 16:00:00,2.0,1014.4,79.93250708637595
2023-09-16 17:00:00,1.6,1014.7,81.05412839164413
2023-09-16 18:00:00,1.0,1014.8,79.1978708757309
2023-09-16 19:00:00,0.2,1015.0,85.15192707145415
2023-09-16 20:00:00,0.0,1015.1,84.50266982385106
2023-09-16 21:00:00,0.1,1015.1,86.40535612205097
2023-09-16 22:00:00,0.5,1015.0,87.08376303225035
2023-09-16 23:00:00,0.6,1015.1,87.093686845213
2023-09-17 00:00:00,0.2,1014.9,92.311497793793
2023-09-17 01:00:00,1.5,1014.9,85.92200780241288
2023-09-17 02:00:00,1.2,1015.0,85.88982850947745
2023-09-17 03:00:00,1.1,1014.7,82.78979972034702
2023-09-17 04:00:00,1.2,1014.8,82.80267085486803
2023-09-17 05:00:00,1.6,1014.7,78.70826671898335
2023-09-17 06:00:00,0.7,1014.7,80.33180889111607
2023-09-17 07:00:00,2.0,1014.8,78.77018307042576
2023-09-17 08:00:00,2.2,1015.0,79.37958514534105
2023-09-17 09:00:00,2.7,1015.0,75.49495842083883
2023-09-17 10:00:00,3.0,1014.7,71.77002433989851
2023-09-17 11:00:00,3.5,1014.5,68.26855034185816
2023-09-17 12:00:00,4.0,1014.5,63.05516952800237
2023-09-17 13:00:00,4.6,1014.4,60.909707487256135
2023-09-17 14:00:00,5.2,1014.3,58.8488339984237
2023-09-17 15:00:00,5.0,1014.2,59.234117889207795
2023-09-17 16:00:00,5.1,1014.2,58.82329946609923
2023-09-17 17:00:00,4.0,1014.2,65.42599719636642
2023-09-17 18:00:00,3.2,1014.4,68.70926582960504
2023-09-17 19:00:00,2.6,1014.4,71.16489221768693
2023-09-17 20:00:00,2.5,1014.6,71.67210997287667
2023-09-17 21:00:00,2.7,1014.6,71.18478528541641
2023-09-17 22:00:00,2.7,1014.6,72.77480554123045
2023-09-17 23:00:00,2.2,1014.7,74.30573632763704
2023-09-18 00:00:00,2.5,1014.2,73.27435843587595
2023-09-18 01:00:00,2.2,1014.4,72.67960146242093
2023-09-18 02:00:00,3.1,1014.6,68.68808664583503
2023-09-18 03:00:00,3.1,1014.5,68.68808664583503
2023-09-18 04:00:00,2.7,1014.3,70.66167243616354
2023-09-18 05:00:00,3.1,1014.5,65.706122315289
2023-09-18 06:00:00,3.1,1014.8,64.73799418257241
2023-09-18 07:00:00,2.7,1015.0,67.0944154408486
2023-09-18 08:00:00,3.5,1015.6,64.83046601221305
2023-09-18 09:00:00,4.0,1015.5,66.88616169945576
2023-09-18 10:00:00,4.2,1015.9,66.44076702457812
2023-09-18 11:00:00,4.2,1016.3,72.52868829890649
2023-09-18 12:00:00,4.0,1016.3,69.89350717511381
2023-09-18 13:00:00,4.7,1016.4,67.03989124829599
2023-09-18 14:00:00,5.1,1016.0,58.3899527112474
2023-09-18 15:00:00,4.7,1015.9,68.02583624745041
2023-09-18 16:00:00,4.2,1015.9,68.91998593515828
2023-09-18 17:00:00,4.2,1015.8,65.9545286808067
2023-09-18 18:00:00,3.6,1016.4,67.7893160976137
2023-09-18 19:00:00,3.2,1016.0,68.20434473341736
2023-09-18 20:00:00,3.2,1016.0,64.76114253521075
2023-09-18 21:00:00,3.7,1015.6,62.9835141294337
2023-09-18 22:00:00,3.6,1015.3,69.81144246705402
2023-09-18 23:00:00,3.7,1015.4,80.18030919945403
2023-09-19 00:00:00,4.2,1015.7,66.44076702457812
2023-09-19 01:00:00,4.0,1015.3,65.42599719636642
2023-09-19 02:00:00,3.6,1015.3,70.84243101092291
2023-09-19 03:00:00,3.6,1014.6,72.41424412509765
2023-09-19 04:00:00,3.6,1014.1,69.30095757743554
2023-09-19 05:00:00,4.0,1014.4,59.864167553889246
2023-09-19 06:00:00,3.7,1013.8,72.4333641092896
2023-09-19 07:00:00,4.0,1014.0,60.760913326558665
2023-09-19 08:00:00,4.0,1013.6,72.49061368493173
2023-09-19 09:00:00,4.7,1013.5,63.22165472772519
2023-09-19 10:00:00,4.5,1013.7,71.02165688575764
2023-09-19 11:00:00,5.2,1014.0,60.610187051209174
2023-09-19 12:00:00,5.5,1013.3,62.49014846027319
2023-09-19 13:00:00,5.7,1013.4,61.180596418781874
2023-09-20 02:00:00,3.5,1012.5,68.26855034185816
2023-09-20 03:00:00,3.5,1012.8,71.86747044647962
2023-09-20 04:00:00,3.2,1012.6,72.33757966248672
2023-09-20 05:00:00,3.1,1013.1,72.31836730929162
2023-09-20 06:00:00,3.5,1013.0,72.39510570951303
2023-09-20 07:00:00,2.7,1013.6,75.49495842083883
2023-09-20 08:00:00,4.0,1013.6,68.37516790979447
2023-09-20 09:00:00,4.2,1013.9,68.4176782922484
2023-09-20 10:00:00,4.5,1014.9,66.02185603669523
2023-09-20 11:00:00,4.1,1014.9,59.8893923326017
2023-09-20 12:00:00,4.2,1014.6,60.36111882252128
2023-09-20 13:00:00,4.0,1015.2,61.669565970245785
2023-09-20 14:00:00,4.0,1015.3,66.39625963030124
2023-09-20 15:00:00,3.6,1015.4,75.10275585707187
2023-09-20 16:00:00,3.7,1015.3,64.39863972476968
2023-09-20 17:00:00,3.1,1015.3,70.22362649943081
2023-09-20 18:00:00,3.2,1015.3,61.473151124303435
2023-09-20 19:00:00,3.0,1015.5,60.96604684848215
2023-09-20 20:00:00,2.5,1015.7,74.36010448715975
2023-09-20 21:00:00,2.2,1015.4,77.65517402530722
2023-09-20 22:00:00,2.5,1015.7,75.46010127747135
2023-09-20 23:00:00,2.2,1015.7,81.7316012906317
2023-09-21 00:00:00,2.2,1015.5,77.65517402530722
2023-09-21 01:00:00,2.0,1015.4,82.90514157117215
2023-09-21 02:00:00,2.2,1015.1,78.80104509243051
2023-09-21 03:00:00,2.0,1014.8,86.60141209181765
2023-09-21 04:00:00,2.1,1014.5,85.36448577774578
2023-09-21 05:00:00,2.2,1014.7,80.54797957370641
2023-09-21 06:00:00,2.2,1014.2,84.75840249223117
2023-09-21 07:00:00,2.6,1014.3,82.9814171583911
2023-09-21 08:00:00,3.0,1014.4,86.08131229073528
2023-09-21 09:00:00,3.0,1014.5,87.32855576747052
2023-09-21 10:00:00,3.2,1014.3,86.10235431094756
2023-09-21 11:00:00,3.7,1014.0,77.89530024904637
2023-09-21 12:00:00,3.6,1013.7,83.10745520999544
2023-09-21 13:00:00,4.0,1013.6,76.82423549555256
2023-09-21 14:00:00,3.6,1013.4,81.33123245835729
2023-09-21 15:00:00,2.7,1013.2,87.93049118655256
2023-09-21 16:00:00,2.2,1013.3,87.88416772116592
2023-09-21 17:00:00,2.2,1013.0,88.52144017042036
2023-09-21 18:00:00,2.2,1012.8,90.45790159157659
2023-09-21 19:00:00,2.0,1012.8,91.75673814359024
2023-09-21 20:00:00,2.1,1012.6,89.80038275178092
2023-09-21 21:00:00,2.2,1012.3,87.25096492104907
2023-09-21 22:00:00,2.2,1012.3,81.7316012906317
2023-09-21 23:00:00,2.2,1012.0,81.7316012906317
2023-09-22 00:00:00,2.1,1011.8,85.36448577774578
2023-09-22 01:00:00,2.2,1011.7,85.99667851918491
2023-09-22 02:00:00,2.2,1011.6,87.88416772116592
2023-09-22 03:00:00,2.2,1011.4,86.62180930711781
2023-09-22 04:00:00,2.2,1011.4,80.54797957370641
2023-09-22 05:00:00,2.5,1011.4,79.424659580253
2023-09-22 06:00:00,2.5,1011.4,83.57285553231281
2023-09-22 07:00:00,2.0,1011.7,89.14604940724496
2023-09-22 08:00:00,2.2,1011.3,89.80828438413754
2023-09-22 09:00:00,2.5,1011.7,86.65232030628451
2023-09-22 10:00:00,2.2,1011.8,85.37555029946809
2023-09-22 11:00:00,2.5,1011.8,78.27350363359417
2023-09-22 12:00:00,2.7,1011.9,74.94382328448788
2023-09-22 13:00:00,2.7,1011.9,72.24133230799718
2023-09-22 14:00:00,2.7,1011.9,71.18478528541641
2023-09-22 15:00:00,2.5,1011.7,69.07070459848205
2023-09-22 16:00:00,2.6,1011.6,71.69173043494537
2023-09-22 17:00:00,2.5,1011.2,71.67210997287667
2023-09-22 18:00:00,2.2,1011.2,71.61313547854351
2023-09-22 19:00:00,2.2,1011.1,73.76013988917104
2023-09-22 20:00:00,2.5,1011.1,73.81546015228979
2023-09-22 21:00:00,2.6,1010.7,76.59127668747692
2023-09-22 22:00:00,2.0,1010.7,85.97540298981342
2023-09-22 23:00:00,1.7,1010.5,81.66380187232292
2023-09-23 00:00:00,2.1,1010.6,71.06514177130704
2023-09-23 01:00:00,2.0,1010.5,73.1805053227413
2023-09-23 02:00:00,1.7,1011.0,88.47715174612614
2023-09-23 03:00:00,1.2,1010.8,91.04192875320088
2023-09-23 04:00:00,2.0,1010.8,87.86556546495598
2023-09-23 05:00:00,3.0,1010.8,81.8393324828555
2023-09-23 06:00:00,3.0,1011.1,77.21911774741189
2023-09-23 07:00:00,3.2,1011.5,76.13486536488749
2023-09-23 08:00:00,3.2,1011.9,77.8156669797321
2023-09-23 09:00:00,3.5,1012.0,70.3049720642864
2023-09-23 10:00:00,3.5,1012.7,71.86747044647962
2023-09-23 11:00:00,3.1,1012.9,67.68102090227823
2023-09-23 12:00:00,3.2,1013.0,67.70271944677239
2023-09-23 13:00:00,3.0,1013.3,62.8156038437222
2023-09-23 14:00:00,3.2,1013.6,57.46401207929558
2023-09-23 15:00:00,2.5,1013.8,68.05384243327516
2023-09-23 16:00:00,2.0,1014.0,68.96526300015154
2023-09-23 17:00:00,1.5,1014.0,72.00843400821336
2023-09-23 18:00:00,1.1,1014.1,71.3954358347753
2023-09-23 19:00:00,1.0,1014.1,70.84400746470655
2023-09-23 20:00:00,1.0,1014.2,70.31600316027618
2023-09-23 21:00:00,1.0,1014.3,73.53721818228419
2023-09-23 22:00:00,1.0,1014.2,78.61490892982972
2023-09-23 23:00:00,0.7,1014.2,83.34967275003827
2023-09-24 00:00:00,0.6,1014.0,84.57302878676465
2023-09-24 01:00:00,0.2,1013.9,83.90450631749708
2023-09-24 02:00:00,0.2,1013.7,84.52617443328685
2023-09-24 03:00:00,0.6,1013.4,80.91335788892212
2023-09-24 04:00:00,0.7,1013.5,79.15208539351794
2023-09-24 05:00:00,0.5,1013.6,80.89919836445814
2023-09-24 06:00:00,1.1,1013.4,85.25316814977491
2023-09-24 07:00:00,1.6,1013.5,84.07355156949441
2023-09-24 08:00:00,1.7,1013.6,82.86681859294383
2023-09-24 09:00:00,2.5,1013.8,74.36010448715975
2023-09-24 10:00:00,3.1,1013.7,73.92561255249147
2023-09-24 11:00:00,3.5,1013.8,72.39510570951303
2023-09-24 12:00:00,3.6,1013.7,69.30095757743554
2023-09-24 13:00:00,3.7,1013.6,69.32177320381126
2023-09-24 14:00:00,4.0,1013.6,70.92227526722206
2023-09-24 15:00:00,3.7,1013.5,71.90631837086687
2023-09-24 16:00:00,3.2,1013.2,76.69151978002158
2023-09-24 17:00:00,3.1,1013.2,80.67605105431662
2023-09-24 18:00:00,3.1,1013.2,76.67485479689839
2023-09-24 19:00:00,2.7,1013.3,81.79904066898574
2023-09-24 20:00:00,3.0,1013.1,79.49947157864045
2023-09-24 21:00:00,2.7,1012.9,84.81566898624044
2023-09-24 22:00:00,3.0,1012.6,83.63408282413862
2023-09-24 23:00:00,3.0,1012.4,85.46363027129871
2023-09-25 00:00:00,3.2,1011.9,79.52928763000068
2023-09-25 01:00:00,3.2,1011.4,78.95440026119532
2023-09-25 02:00:00,3.1,1011.0,77.79969145566592
2023-09-25 03:00:00,2.5,1010.5,73.27435843587595
2023-09-25 04:00:00,3.2,1010.3,78.3832001942596
2023-09-25 05:00:00,3.5,1009.6,75.08516674545542
2023-09-25 06:00:00,3.7,1009.2,76.77459265397913
2023-09-25 07:00:00,3.2,1008.6,81.86612242385009
2023-09-25 08:00:00,3.7,1008.2,70.3455302196835
2023-09-25 09:00:00,4.6,1007.5,76.92307180577912
2023-09-25 10:00:00,5.0,1006.9,74.27018193378876
2023-09-25 11:00:00,5.1,1006.6,75.90785987661796
2023-09-25 12:00:00,5.2,1006.0,76.47134083772123
2023-09-25 13:00:00,5.2,1005.6,61.96174033601349
2023-09-25 14:00:00,5.7,1004.9,57.26373461250592
2023-09-25 15:00:00,5.6,1003.9,69.21174921214072
2023-09-25 16:00:00,5.2,1003.3,62.8775661035633
2023-09-25 17:00:00,5.2,1002.8,60.1655189941667
2023-09-25 18:00:00,5.0,1003.0,69.0871684135396
2023-09-25 19:00:00,5.7,1002.7,65.33331153666599
2023-09-25 20:00:00,4.7,1002.9,70.54718142102223
2023-09-25 21:00:00,5.0,1002.8,75.34718120971063
2023-09-25 22:00:00,5.2,1002.5,73.24396292074987
2023-09-25 23:00:00,5.1,1002.6,73.22541379073132
2023-09-26 00:00:00,5.1,1002.3,71.14029684229065
2023-09-26 01:00:00,5.0,1002.8,73.73681572326515
2023-09-26 02:00:00,5.2,1003.5,73.24396292074987
2023-09-26 03:00:00,5.0,1003.3,75.89085210019704
2023-09-26 04:00:00,4.5,1003.8,79.15140799449874
2023-09-26 05:00:00,4.5,1004.0,74.7184710100666
2023-09-26 06:00:00,4.2,1004.5,76.30394631284292
2023-09-26 07:00:00,4.0,1005.6,81.38595403535058
2023-09-26 08:00:00,4.5,1006.6,73.1137416159454
2023-09-26 09:00:00,4.6,1006.9,78.03762032934432
2023-09-26 10:00:00,5.0,1007.9,75.34718120971063
2023-09-26 11:00:00,4.2,1008.4,79.10617883411474
2023-09-26 12:00:00,5.0,1008.9,70.60730844895215
2023-09-26 13:00:00,4.1,1009.8,79.66269617083887
2023-09-26 14:00:00,4.5,1009.7,76.90664055835249
2023-09-26 16:00:00,4.5,1009.8,78.58484161705896
2023-09-26 17:00:00,4.2,1010.1,76.30394631284292
2023-09-26 18:00:00,4.0,1009.7,75.17293806095672
2023-09-26 19:00:00,4.0,1009.4,76.27026570173147
2023-09-26 20:00:00,3.7,1009.6,82.52452546489148
2023-09-26 21:00:00,4.0,1009.6,81.38595403535058
2023-09-26 22:00:00,4.0,1009.6,76.82423549555256
2023-09-26 23:00:00,4.1,1009.0,73.03893254332694
2023-09-27 00:00:00,4.0,1008.8,76.82423549555256
2023-09-27 01:00:00,4.2,1008.1,78.53854733557141
2023-09-27 02:00:00,4.5,1007.4,76.90664055835249
2023-09-27 03:00:00,5.0,1006.7,75.34718120971063
2023-09-27 04:00:00,5.7,1005.6,69.73405591720639
2023-09-27 05:00:00,6.0,1004.9,72.34776938693956
2023-09-27 06:00:00,5.2,1004.8,78.1317780672098
2023-09-27 07:00:00,6.1,1004.3,76.07701099632223
2023-09-27 08:00:00,6.2,1003.6,76.0938338939918
2023-09-27 09:00:00,6.5,1003.3,74.537722292415
2023-09-27 10:00:00,6.6,1001.9,72.46134537196252
2023-09-27 11:00:00,6.1,1002.2,78.82935870269945
2023-09-27 12:00:00,5.7,1002.1,83.36778240419682
2023-09-27 13:00:00,6.2,1001.0,76.0938338939918
2023-09-27 14:00:00,5.7,1000.8,81.03931401317817
2023-09-27 15:00:00,5.0,1000.5,85.0751123188195
2023-09-27 16:00:00,4.7,999.7,87.49116137639675
2023-09-27 17:00:00,4.7,999.4,86.87299712797866
2023-09-27 18:00:00,4.7,999.7,85.6482566081572
2023-09-27 19:00:00,4.2,999.5,90.604607655557
2023-09-27 20:00:00,4.1,999.2,90.59735149417871
2023-09-27 21:00:00,4.0,999.5,90.5900870763271
2023-09-27 22:00:00,4.0,999.1,91.23522781889751
2023-09-27 23:00:00,4.0,999.1,91.88443249582188
2023-09-28 00:00:00,3.7,999.5,93.17910982551922
2023-09-28 01:00:00,3.7,1000.2,93.8421466297946
2023-09-28 02:00:00,3.7,1000.8,92.52022354286301
2023-09-28 03:00:00,3.7,1001.4,91.8654653654796
2023-09-28 04:00:00,3.7,1001.5,91.21481297706822
2023-09-28 05:00:00,3.7,1002.1,89.92573680014974
2023-09-28 06:00:00,3.7,1002.3,90.56824416103413
2023-09-28 07:00:00,3.7,1002.7,91.21481297706822
2023-09-28 08:00:00,3.7,1003.1,89.28726887621636
2023-09-28 10:00:00,3.7,1004.0,89.92573680014974
2023-09-28 11:00:00,3.7,1004.2,90.56824416103413
2023-09-28 14:00:00,3.2,1004.3,88.60927172461798
2023-09-28 16:00:00,3.0,1004.3,89.87117471112379
2023-09-28 17:00:00,3.0,1004.5,89.22944825878578
2023-09-28 18:00:00,2.7,1004.7,89.20452765997604
2023-09-28 19:00:00,2.6,1004.7,87.92124725303319
2023-09-28 20:00:00,2.7,1004.5,88.56547955804818
2023-09-28 21:00:00,2.7,1005.1,89.84765787500938
2023-09-28 22:00:00,2.7,1005.3,90.49489268780263
2023-09-28 23:00:00,2.7,1004.7,91.80176655731715
2023-09-29 00:00:00,3.0,1004.6,91.8209533237876
2023-09-29 01:00:00,3.0,1004.3,93.14153052995037
2023-09-29 02:00:00,3.0,1004.2,91.8209533237876
2023-09-29 03:00:00,3.0,1004.9,89.87117471112379
2023-09-29 04:00:00,3.0,1005.1,89.87117471112379
2023-09-29 05:00:00,3.0,1005.1,92.47915433423208
2023-09-29 06:00:00,3.2,1004.7,92.49092235705642
2023-09-29 07:00:00,3.2,1005.1,90.53167302233899
2023-09-29 08:00:00,3.2,1005.5,93.15229869797531
2023-09-29 09:00:00,3.5,1006.3,91.20116409900645
2023-09-29 10:00:00,4.0,1006.8,84.96310807637191
2023-09-29 11:00:00,4.6,1006.1,83.2321493526611
2023-09-29 12:00:00,3.6,1007.0,90.56094659427933
2023-09-29 13:00:00,3.5,1006.9,88.63542910774561
2023-09-29 14:00:00,3.2,1007.4,86.10235431094756
2023-09-29 15:00:00,2.7,1008.1,80.61928007687953
2023-09-29 16:00:00,3.0,1008.5,77.78369959333553
2023-09-29 17:00:00,2.7,1008.8,77.73562576947056
2023-09-29 18:00:00,2.7,1008.8,76.60802613860169
2023-09-29 19:00:00,2.6,1010.0,74.92607621261928
2023-09-29 20:00:00,2.7,1010.8,72.24133230799718
2023-09-29 21:00:00,2.6,1010.1,74.37819139039983
2023-09-29 22:00:00,2.5,1010.7,70.62129417283434
2023-09-29 23:00:00,2.2,1012.1,85.99667851918491
2023-09-30 00:00:00,2.5,1011.9,86.0285037903212
2023-09-30 01:00:00,2.2,1012.4,85.37555029946809
2023-09-30 02:00:00,2.5,1012.8,74.36010448715975
2023-09-30 03:00:00,2.0,1013.1,74.26940113170254
2023-09-30 04:00:00,1.7,1013.6,82.2633596599217
2023-09-30 05:00:00,1.5,1013.8,87.81887658615398
2023-09-30 06:00:00,1.6,1014.2,84.07355156949441
2023-09-30 07:00:00,1.7,1014.8,79.88831767180031
2023-09-30 08:00:00,1.6,1015.3,85.93271049160914
2023-09-30 09:00:00,1.5,1015.5,89.10399411313492
2023-09-30 10:00:00,1.6,1016.3,81.650198569881
2023-09-30 11:00:00,1.7,1016.9,74.21476327269376
2023-09-30 12:00:00,2.1,1017.4,68.98639058724018
2023-09-30 13:00:00,1.7,1017.8,72.58393362306384
2023-09-30 14:00:00,1.5,1018.2,69.37552913802426
2023-09-30 15:00:00,1.2,1018.3,70.88438676475174
2023-09-30 16:00:00,1.0,1018.4,68.75290147029222
2023-09-30 17:00:00,1.0,1018.6,69.79149744510308
2023-09-30 18:00:00,0.7,1019.0,68.17386762086612
2023-09-30 19:00:00,0.7,1019.2,66.1482479220645
2023-09-30 20:00:00,0.7,1019.3,66.6495722033488
2023-09-30 21:00:00,1.0,1019.5,68.23877129479588
2023-09-30 22:00:00,1.0,1019.5,68.23877129479588
2023-09-30 23:00:00,1.0,1019.5,64.734487596432
2023-10-01 00:00:00,1.0,1019.6,64.24716062156934
2023-10-01 01:00:00,0.5,1019.7,79.12148183601923
2023-10-01 02:00:00,0.6,1019.6,71.29571762030868
2023-10-01 03:00:00,0.5,1019.4,75.10766152097055
2023-10-01 04:00:00,0.5,1019.1,79.71016166023274
2023-10-01 05:00:00,0.7,1019.0,74.58550243345705
2023-10-01 06:00:00,1.0,1018.9,71.91059273319892
2023-10-01 07:00:00,0.7,1019.1,75.7046470644158
2023-10-01 08:00:00,0.7,1018.8,74.58550243345705
2023-10-01 09:00:00,1.0,1018.9,70.31600316027618
2023-10-01 10:00:00,1.0,1019.0,68.23877129479588
2023-10-01 11:00:00,1.2,1019.0,66.76154108335263
2023-10-01 12:00:00,1.2,1018.9,64.29429721109514
2023-10-01 13:00:00,1.0,1018.7,69.79149744510308
2023-10-01 14:00:00,0.7,1018.4,76.26979111307735
2023-10-01 15:00:00,1.0,1017.8,73.53721818228419
2023-10-01 16:00:00,1.0,1017.1,68.23877129479588
2023-10-01 17:00:00,0.7,1016.9,72.3911958457564
2023-10-01 18:00:00,0.5,1016.6,82.71228020154771
2023-10-01 19:00:00,0.2,1016.3,85.78178742975211
2023-10-01 20:00:00,0.2,1015.8,83.90450631749708
2023-10-01 21:00:00,0.2,1015.3,77.90744775485334
2023-10-01 22:00:00,0.2,1014.8,82.06377875824955
2023-10-01 23:00:00,0.2,1014.2,80.25898719247036
2023-10-02 00:00:00,0.2,1013.6,80.85662925499126
2023-10-02 01:00:00,0.5,1013.0,80.30272644608333
2023-10-02 02:00:00,0.5,1012.4,80.89919836445814
2023-10-02 03:00:00,0.6,1011.7,83.95306907988996
2023-10-02 04:00:00,0.6,1010.9,87.73417179608792
2023-10-02 05:00:00,0.7,1010.3,82.7381759235135
2023-10-02 06:00:00,0.7,1009.7,79.15208539351794
2023-10-02 07:00:00,0.7,1009.6,76.26979111307735
2023-10-02 08:00:00,0.7,1009.4,77.4113293828438
2023-10-02 09:00:00,0.7,1008.9,81.52711315475894
2023-10-02 10:00:00,1.0,1008.7,84.6196776198425
2023-10-02 11:00:00,1.1,1008.7,89.07017745770347
2023-10-02 12:00:00,1.2,1008.2,90.3832807788543
2023-10-02 13:00:00,1.5,1007.8,91.72435105065941
2023-10-02 14:00:00,1.7,1007.4,92.40199314458661
2023-10-02 15:00:00,2.5,1006.8,90.48012162888237
2023-10-02 16:00:00,3.6,1006.3,80.74668006848592
2023-10-02 17:00:00,4.1,1006.1,81.98597601264838
2023-10-02 18:00:00,4.2,1006.1,78.53854733557141
2023-10-02 19:00:00,4.6,1006.1,81.46760517404553
2023-10-02 20:00:00,4.5,1006.0,82.62744082577672
2023-10-02 21:00:00,4.5,1005.9,81.45403244321533
2023-10-02 22:00:00,4.2,1005.5,75.20792491159689
2023-10-02 23:00:00,4.2,1005.2,70.9620842826855
2023-10-03 00:00:00,3.5,1005.3,83.09491218351954
2023-10-03 01:00:00,3.2,1005.0,86.10235431094756
2023-10-03 02:00:00,3.2,1004.6,86.10235431094756
2023-10-03 03:00:00,3.2,1005.1,84.26361468650599
2023-10-03 04:00:00,3.1,1004.7,87.33820607797458
2023-10-03 05:00:00,2.7,1004.1,91.80176655731715
2023-10-03 06:00:00,3.0,1004.5,81.24871579165338
2023-10-03 07:00:00,2.7,1005.1,82.39464059888738
2023-10-03 08:00:00,2.5,1005.2,82.36849670364835
2023-10-03 09:00:00,3.0,1006.2,80.07880622400492
2023-10-03 11:00:00,2.7,1007.5,79.45463108704682
2023-10-03 12:00:00,2.5,1008.0,76.01549410093868
2023-10-03 13:00:00,2.5,1008.7,77.13717023439195
2023-10-03 14:00:00,2.0,1009.4,72.1058032478464
2023-10-03 15:00:00,2.0,1010.0,71.57372467777651
2023-10-03 16:00:00,1.5,1010.5,66.82847884147819
2023-10-03 17:00:00,1.2,1010.6,61.90842635419519
2023-10-03 18:00:00,1.1,1011.5,56.90781423562517
2023-10-03 19:00:00,1.1,1012.0,54.34650448736949
2023-10-03 20:00:00,1.0,1012.3,57.31843506502297
2023-10-03 21:00:00,1.0,1013.2,61.859102286611524
2023-10-03 22:00:00,1.0,1013.4,58.20208717606599
2023-10-03 23:00:00,0.7,1013.7,52.177680928625314
2023-10-04 00:00:00,0.6,1014.3,73.46232320430101
2023-10-04 01:00:00,0.7,1014.5,58.123348062915056
2023-10-04 02:00:00,0.6,1014.7,55.906984624855546
2023-10-04 03:00:00,0.2,1014.9,52.442206726294096
2023-10-04 04:00:00,0.0,1015.0,74.4583915821927
2023-10-04 05:00:00,0.2,1015.0,58.89031419251839
2023-10-04 06:00:00,-0.7,1015.6,80.12693202357922
2023-10-04 07:00:00,-0.5,1015.8,73.25483047655787
2023-10-04 08:00:00,-0.5,1016.3,71.07463985260108
2023-10-04 09:00:00,-0.2,1016.6,71.13516643460586
2023-10-04 10:00:00,0.0,1016.9,71.71348318558873
2023-10-04 11:00:00,0.0,1017.3,75.01844046375166
2023-10-04 12:00:00,0.2,1017.6,65.53531529585825
2023-10-04 13:00:00,0.1,1017.8,64.52343615698526
2023-10-04 14:00:00,0.0,1018.1,66.49195893352903
2023-10-04 15:00:00,-0.2,1018.3,62.992299484646985
2023-10-04 16:00:00,-0.5,1018.3,66.37876246928488
2023-10-04 17:00:00,-0.2,1018.2,64.94616400287433
2023-10-04 18:00:00,-0.2,1018.3,62.992299484646985
2023-10-04 19:00:00,-0.2,1018.4,62.035117428469356
2023-10-04 20:00:00,-0.2,1018.6,65.44297333246259
2023-10-04 21:00:00,-0.5,1018.8,62.91933267906644
2023-10-04 22:00:00,-0.7,1018.9,64.8290591471844
2023-10-04 23:00:00,-0.7,1019.1,63.35520103374598
2023-10-05 00:00:00,-0.7,1019.2,68.90955889283295
2023-10-05 01:00:00,-0.7,1019.3,63.35520103374598
2023-10-05 02:00:00,-0.4,1019.5,64.4054575349872
2023-10-05 03:00:00,-0.5,1019.6,61.96084820365465
2023-10-05 04:00:00,-0.5,1019.8,61.96084820365465
2023-10-05 05:00:00,-0.5,1019.7,68.95231887795217
2023-10-05 06:00:00,-0.7,1020.1,58.202763314120986
2023-10-05 07:00:00,-0.7,1020.3,58.65523925340138
2023-10-05 08:00:00,-0.5,1020.6,62.91933267906644
2023-10-05 09:00:00,-0.5,1020.9,60.54747310495516
2023-10-05 10:00:00,-0.5,1021.1,64.87596369782855
2023-10-05 13:00:00,0.0,1021.2,57.93888897301165
2023-10-05 14:00:00,-0.2,1021.3,55.68929993586711
2023-10-05 15:00:00,0.0,1021.0,62.08452468696907
2023-10-05 16:00:00,0.0,1020.9,70.64094810722017
2023-10-05 17:00:00,0.2,1020.7,77.329209203291
2023-10-05 18:00:00,0.5,1020.5,78.53666490721719
2023-10-05 19:00:00,0.5,1020.9,80.89919836445814
2023-10-05 20:00:00,1.2,1021.0,74.12333855904373
2023-10-05 22:00:00,1.0,1021.4,74.08664160171962
2023-10-05 23:00:00,0.7,1021.7,70.25442141707522
2023-10-06 00:00:00,0.6,1021.9,71.83197802111414
2023-10-06 01:00:00,0.5,1021.8,71.81227670386644
2023-10-06 02:00:00,0.5,1021.5,71.81227670386644
2023-10-06 03:00:00,0.5,1021.1,72.35242247381376
2023-10-06 04:00:00,0.2,1020.8,73.9391232812127
2023-10-06 05:00:00,0.5,1020.8,73.44355323306092
2023-10-06 06:00:00,0.2,1020.4,75.05418272173246
2023-10-06 07:00:00,0.5,1020.2,75.66975865487531
2023-10-06 08:00:00,0.5,1020.3,71.27571632048576
2023-10-06 09:00:00,0.6,1020.2,70.7630168157164
2023-10-06 10:00:00,1.0,1020.2,66.21624144216553
2023-10-06 11:00:00,1.0,1020.1,68.75290147029222
2023-10-06 12:00:00,1.1,1020.1,69.29152143331363
2023-10-06 13:00:00,0.7,1020.0,68.68880616662192
2023-10-06 14:00:00,0.6,1019.9,70.2338551152486
2023-10-06 15:00:00,0.1,1020.1,70.66134161700705
2023-10-06 16:00:00,-0.2,1020.0,74.42191052758999
2023-10-06 17:00:00,-0.7,1020.1,75.45893934782741
2023-10-06 18:00:00,-0.7,1020.0,76.60269151892571
2023-10-06 19:00:00,-0.7,1020.0,76.02890431898233
2023-10-06 20:00:00,-0.9,1020.0,76.56870194597867
2023-10-06 21:00:00,-0.7,1020.2,77.18032314355789
2023-10-06 22:00:00,-0.7,1020.1,76.02890431898233
2023-10-06 23:00:00,-0.7,1019.9,74.89277451641242
2023-10-07 00:00:00,-0.5,1019.9,75.49425402144169
2023-10-07 01:00:00,-0.4,1019.5,76.08081240552116
2023-10-07 02:00:00,-0.4,1019.4,76.08081240552116
2023-10-07 03:00:00,-0.5,1019.0,77.79430041690209
2023-10-07 04:00:00,-0.7,1018.6,77.18032314355789
2023-10-07 05:00:00,-1.0,1018.5,79.48427856249697
2023-10-07 06:00:00,-2.4,1018.3,80.48193113146601
2023-10-07 07:00:00,-2.4,1018.3,82.95490235415156
2023-10-07 08:00:00,-2.7,1018.3,80.4380218244171
2023-10-07 09:00:00,-1.2,1018.2,83.7328508383739
2023-10-07 10:00:00,0.2,1017.8,77.329209203291
2023-10-07 11:00:00,1.2,1017.5,71.94978606111148
2023-10-07 12:00:00,2.1,1017.5,66.96180892030486
2023-10-07 13:00:00,2.1,1017.2,67.96740577779849
2023-10-07 14:00:00,2.0,1017.0,64.48201853103397
2023-10-07 15:00:00,2.0,1016.6,62.10488909894806
2023-10-07 16:00:00,2.1,1015.9,64.99017011523023
2023-10-07 17:00:00,2.2,1015.5,65.01329103423487
2023-10-07 18:00:00,2.1,1015.2,66.96180892030486
2023-10-07 19:00:00,2.2,1014.8,69.00749851957043
2023-10-07 20:00:00,2.0,1014.6,73.72316892644852
2023-10-07 21:00:00,2.0,1014.0,72.1058032478464
2023-10-07 22:00:00,2.0,1013.3,74.81922222564012
2023-10-07 23:00:00,1.7,1013.0,77.00518339978348
2023-10-08 00:00:00,1.5,1012.5,75.84349812522966
2023-10-08 01:00:00,1.2,1012.3,76.92214324861156
2023-10-08 02:00:00,1.2,1012.1,74.12333855904373
2023-10-08 03:00:00,1.0,1012.0,74.63970705027666
2023-10-08 04:00:00,0.6,1011.5,74.01302889022439
2023-10-08 05:00:00,-0.7,1011.2,73.77175744847737
2023-10-08 06:00:00,-0.9,1011.0,78.90545221501797
2023-10-08 07:00:00,-1.2,1010.7,75.3703387579005
2023-10-08 08:00:00,-1.5,1010.3,76.46631355308956
2023-10-08 09:00:00,-1.5,1010.4,74.74806676161758
2023-10-08 10:00:00,-1.2,1010.0,78.85874583783279
2023-10-08 11:00:00,0.5,1009.7,66.60464208682649
2023-10-08 12:00:00,0.6,1009.2,67.64042281417937
2023-10-08 13:00:00,0.5,1008.9,67.6184630864104
2023-10-08 14:00:00,0.5,1008.4,68.64597624116129
2023-10-08 15:00:00,0.5,1008.4,69.687341578975
2023-10-08 16:00:00,0.0,1007.9,75.5822283491966
2023-10-08 17:00:00,0.1,1007.6,71.19551820243163
2023-10-08 18:00:00,0.0,1007.0,77.29624262485414
2023-10-08 19:00:00,-0.4,1006.8,79.57506081497286
2023-10-08 20:00:00,0.5,1006.6,74.54927571753703
2023-10-08 21:00:00,1.0,1006.2,85.24196876431684
2023-10-08 22:00:00,1.0,1005.5,84.6196776198425
2023-10-08 23:00:00,0.7,1005.0,79.74001058992752
2023-10-09 00:00:00,1.0,1004.6,70.84400746470655
2023-10-09 01:00:00,0.7,1004.0,75.14322458449173
2023-10-09 02:00:00,0.7,1003.5,77.4113293828438
2023-10-09 03:00:00,0.7,1002.8,78.5680113451439
2023-10-09 04:00:00,1.0,1002.5,76.88880833081042
2023-10-09 05:00:00,0.5,1002.1,79.71016166023274
2023-10-09 06:00:00,0.2,1002.0,84.52617443328685
2023-10-09 07:00:00,0.2,1001.9,80.85662925499126
2023-10-09 08:00:00,0.0,1001.5,83.88014510869826
2023-10-09 10:00:00,0.5,1001.1,83.94094829973909
2023-10-09 11:00:00,0.7,1001.1,81.52711315475894
2023-10-09 12:00:00,1.0,1000.8,77.46039919568737
2023-10-09 13:00:00,1.1,1000.0,87.14313926505852
2023-10-09 14:00:00,1.2,999.7,85.88982850947745
2023-10-09 15:00:00,1.5,999.5,80.44752575111448
2023-10-09 16:00:00,1.6,999.3,83.46180851967681
2023-10-09 17:00:00,1.1,998.7,83.3996461531983
2023-10-09 18:00:00,1.1,998.3,79.21310082545031
2023-10-09 19:00:00,1.0,997.8,81.56827317877085
2023-10-09 20:00:00,1.5,997.5,81.04011851950804
2023-10-09 21:00:00,2.2,996.9,84.75840249223117
2023-10-09 22:00:00,2.6,996.5,84.80424070110888
2023-10-09 23:00:00,2.1,996.0,87.24121728601278
2023-10-10 00:00:00,2.2,995.3,89.16280483488964
2023-10-10 01:00:00,1.6,994.4,90.41323184476457
2023-10-10 02:00:00,1.7,993.8,90.42069815348157
2023-10-10 03:00:00,2.2,993.2,82.32917582493161
2023-10-10 04:00:00,1.5,992.5,87.182502190398
2023-10-10 05:00:00,3.5,991.5,82.49865927105152
2023-10-10 06:00:00,4.6,990.9,85.03045650143221
2023-10-10 07:00:00,5.2,990.2,83.89959752237233
2023-10-10 08:00:00,5.2,989.8,88.15826453617444
2023-10-10 09:00:00,5.7,989.4,88.20306327682003
2023-10-10 10:00:00,5.6,989.2,87.5760143723983
2023-10-10 11:00:00,5.7,989.0,87.58539049571156
2023-10-10 12:00:00,5.5,988.9,89.43387403862204
2023-10-10 13:00:00,5.6,988.8,88.81608911554218
2023-10-10 14:00:00,5.7,988.6,86.3615146258161
2023-10-10 15:00:00,5.2,988.7,86.92240796130858
2023-10-10 16:00:00,5.5,988.9,86.34104210122028
2023-10-10 17:00:00,5.2,989.8,86.31024923171755
2023-10-10 18:00:00,4.7,991.4,82.06524583029633
2023-10-10 19:00:00,5.0,992.9,74.27018193378876
2023-10-10 20:00:00,5.0,993.6,64.69935575127796
2023-10-10 21:00:00,3.7,994.0,76.77459265397913
2023-10-10 22:00:00,3.2,994.4,83.65848132503892
2023-10-10 23:00:00,3.2,994.8,81.27627946012129
2023-10-11 00:00:00,3.1,995.0,81.2625049061552
2023-10-11 01:00:00,2.7,994.7,86.67260461195275
2023-10-11 02:00:00,3.1,994.9,86.71303853789584
2023-10-11 03:00:00,3.0,995.8,87.32855576747052
2023-10-11 04:00:00,3.0,996.5,85.46363027129871
2023-10-11 05:00:00,3.1,996.9,74.46835824510755
2023-10-11 06:00:00,2.7,997.2,76.60802613860169
2023-10-11 07:00:00,2.5,996.9,77.13717023439195
2023-10-11 08:00:00,2.2,997.3,78.22624837205267
2023-10-11 09:00:00,2.2,998.2,76.52410910401552
2023-10-11 10:00:00,2.5,998.5,78.27350363359417
2023-10-11 11:00:00,2.0,998.6,84.12137788080179
2023-10-11 12:00:00,2.5,998.4,78.8472183982513
2023-10-11 13:00:00,2.2,999.2,79.37958514534105
2023-10-11 14:00:00,2.2,999.6,82.32917582493161
2023-10-11 15:00:00,1.7,999.8,78.7237698970863
2023-10-11 16:00:00,1.7,1000.0,81.06812340848101
2023-10-11 17:00:00,1.7,1000.4,80.47630254808145
2023-10-11 20:00:00,2.0,1001.7,77.62287779382373
2023-10-11 21:00:00,1.7,1002.1,82.2633596599217
2023-10-11 22:00:00,1.7,1002.7,74.21476327269376
2023-10-11 23:00:00,1.6,1003.1,74.19651454927083
2023-10-12 00:00:00,1.6,1003.4,76.42284605987777
2023-10-12 01:00:00,1.7,1004.2,72.04743819657796
2023-10-12 02:00:00,1.5,1004.5,75.28476486668266
2023-10-12 03:00:00,1.5,1004.7,75.28476486668266
2023-10-12 04:00:00,1.5,1005.0,75.28476486668266
2023-10-12 05:00:00,1.7,1005.5,74.76555540957665
2023-10-12 06:00:00,2.0,1006.0,69.4800967581869
2023-10-12 07:00:00,1.7,1006.5,66.37417940669084
2023-10-12 08:00:00,1.6,1006.8,76.9886092433987
2023-10-12 09:00:00,1.2,1007.2,71.94978606111148
2023-10-12 10:00:00,1.6,1006.5,65.36345074091197
2023-10-12 11:00:00,1.7,1008.0,69.41741499308434
2023-10-12 12:00:00,2.0,1008.3,69.4800967581869
2023-10-12 13:00:00,2.0,1008.3,71.04513451080109
2023-10-12 14:00:00,1.5,1008.5,78.69274744608835
2023-10-12 15:00:00,1.2,1008.5,74.12333855904373
2023-10-12 16:00:00,1.1,1008.7,76.90548430090463
2023-10-12 19:00:00,0.0,1008.8,89.63234653902111
2023-10-12 21:00:00,0.2,1009.0,81.45821892687046
2023-10-12 22:00:00,-0.5,1009.2,80.75677059863608
2023-10-12 23:00:00,-0.5,1009.2,81.3611450176722
2023-10-13 00:00:00,-0.7,1009.1,77.76182149603022
2023-10-13 01:00:00,-1.0,1008.6,85.01536094789269
2023-10-13 02:00:00,-0.9,1008.4,78.31540185892568
2023-10-13 03:00:00,-0.5,1008.1,77.79430041690209
2023-10-13 04:00:00,-0.7,1008.0,78.93650813575896
2023-10-13 05:00:00,-0.7,1007.9,81.3332754866931
2023-10-13 06:00:00,-0.7,1007.7,82.55572260698396
2023-10-13 07:00:00,-1.0,1007.6,74.8386458561112
2023-10-13 08:00:00,-1.2,1008.1,77.6803286010967
2023-10-13 09:00:00,-1.2,1008.0,74.80246902916817
2023-10-13 10:00:00,-1.2,1008.0,78.26756642785212
2023-10-13 11:00:00,-1.0,1007.8,70.43593461781677
2023-10-13 12:00:00,-1.0,1007.4,73.71563495078209
2023-10-13 13:00:00,-1.2,1007.4,76.51758660406269
2023-10-13 14:00:00,-1.7,1007.5,77.59841125145594
2023-10-13 15:00:00,-2.0,1007.6,83.00659543299165
2023-10-13 16:00:00,-2.7,1007.4,84.81874890515078
2023-10-13 17:00:00,-2.7,1007.7,85.46157316233152
2023-10-13 18:00:00,-2.2,1007.8,75.76696655529328
2023-10-13 19:00:00,-2.0,1007.9,68.10379835141205
2023-10-13 20:00:00,-2.2,1008.1,78.10702687156126
2023-10-13 21:00:00,-2.2,1008.2,68.58628086438503
2023-10-13 22:00:00,-2.2,1008.1,71.27304909068056
2023-10-13 23:00:00,-2.7,1008.3,78.02612441550801
2023-10-14 00:00:00,-3.2,1008.3,79.75341185365947
2023-10-14 01:00:00,-2.7,1008.5,75.67875751045867
2023-10-14 02:00:00,-2.7,1008.5,76.84446933430291
2023-10-14 03:00:00,-2.9,1008.5,76.81049993034716
2023-10-14 04:00:00,-3.0,1008.4,79.78366126559958
2023-10-14 05:00:00,-3.0,1008.8,74.4735686673442
2023-10-14 06:00:00,-3.2,1008.8,79.1464357977134
2023-10-14 07:00:00,-3.2,1009.0,79.75341185365947
2023-10-14 08:00:00,-2.9,1009.6,76.2249363952274
2023-10-14 09:00:00,-2.7,1009.9,72.27542022863182
2023-10-14 10:00:00,-3.0,1010.0,75.62561486208871
2023-10-14 11:00:00,-2.9,1010.2,76.81049993034716
2023-10-14 12:00:00,-2.7,1010.3,76.84446933430291
2023-10-14 13:00:00,-3.0,1010.4,72.21621491916855
2023-10-14 14:00:00,-3.0,1010.7,76.20756162389584
2023-10-14 15:00:00,-3.0,1010.8,79.78366126559958
2023-10-14 16:00:00,-3.0,1010.7,77.97737889949323
2023-10-14 17:00:00,-3.0,1010.6,77.97737889949323
2023-10-14 18:00:00,-3.0,1010.7,76.79348878796345
2023-10-14 19:00:00,-2.7,1011.0,81.05125813393065
2023-10-14 20:00:00,-2.9,1011.3,81.64093694175408
2023-10-14 21:00:00,-2.7,1011.2,86.10872369676508
2023-10-14 22:00:00,-2.2,1011.2,81.7376614808328
2023-10-14 23:00:00,-2.2,1011.3,81.12233310208468
2023-10-15 00:00:00,-2.0,1011.3,83.00659543299165
2023-10-15 01:00:00,-2.0,1011.1,77.54905596403343
2023-10-15 02:00:00,-2.0,1011.0,81.15065594389192
2023-10-15 03:00:00,-1.9,1011.1,81.77889055534374
2023-10-15 04:00:00,-1.7,1011.1,78.78057378902048
2023-10-15 05:00:00,-1.7,1010.9,81.1930259274044
2023-10-15 06:00:00,-1.7,1010.9,84.3007737136478
2023-10-15 07:00:00,-1.7,1010.8,84.3007737136478
2023-10-15 08:00:00,-1.5,1011.0,84.32472345939549
2023-10-15 09:00:00,-1.2,1011.3,81.26333919925118
2023-10-15 10:00:00,-1.2,1011.4,81.87457241639699
2023-10-15 11:00:00,-1.0,1011.4,78.29947336866519
2023-10-15 12:00:00,-1.0,1011.6,85.01536094789269
2023-10-15 13:00:00,-1.0,1011.7,86.9335590419379
2023-10-15 14:00:00,-0.7,1011.9,86.32155332356248
2023-10-15 15:00:00,-0.7,1011.8,84.4199946771342
2023-10-15 16:00:00,-0.5,1011.8,83.81900805895471
2023-10-15 17:00:00,-0.5,1011.7,83.19844115490034
2023-10-15 18:00:00,-0.5,1011.9,82.58195718148943
2023-10-15 19:00:00,-0.4,1011.9,84.45550501023716
2023-10-15 20:00:00,-0.2,1012.0,79.60519405923638
2023-10-15 21:00:00,-0.2,1011.9,84.47911339828723
2023-10-15 22:00:00,-0.5,1012.0,86.98390911968417
2023-10-15 23:00:00,-0.4,1012.0,74.38535640764414
2023-10-16 00:00:00,-0.7,1011.7,73.21686156453832
2023-10-16 01:00:00,-1.0,1011.8,83.75753480564771
2023-10-16 02:00:00,-1.4,1011.9,82.46345151308137
2023-10-16 03:00:00,-1.2,1012.0,81.87457241639699
2023-10-16 04:00:00,-1.2,1011.7,84.36054888880211
2023-10-16 05:00:00,-1.4,1011.5,80.02334666356481
2023-10-16 06:00:00,-1.4,1011.4,77.0635634839004
2023-10-16 07:00:00,-1.5,1011.3,77.04681450844737
2023-10-16 08:00:00,-1.9,1011.3,74.10885357456775
2023-10-16 09:00:00,-1.9,1011.5,75.81967575562543
2023-10-16 10:00:00,-1.9,1011.5,82.39711216728874
2023-10-16 11:00:00,-1.9,1011.4,81.77889055534374
2023-10-16 12:00:00,-1.5,1011.4,86.23699547038358
2023-10-16 13:00:00,-1.0,1011.3,78.88989977683664
2023-10-16 14:00:00,-0.5,1010.9,74.36705189276533
2023-10-16 15:00:00,-0.5,1010.9,74.92876949644851
2023-10-16 16:00:00,-0.5,1010.8,76.63661143996366
2023-10-16 17:00:00,-0.4,1010.8,76.08081240552116
2023-10-16 18:00:00,-0.4,1010.7,76.6535453358879
2023-10-16 19:00:00,0.2,1010.9,76.18415388647234
2023-10-16 20:00:00,0.1,1011.1,85.14061576909549
2023-10-16 21:00:00,-0.5,1011.5,86.34257446879407
2023-10-16 22:00:00,-0.7,1011.4,86.32155332356248
2023-10-16 23:00:00,-1.0,1011.6,84.38436660021819
2023-10-17 00:00:00,-1.2,1011.4,84.99242267182647
2023-10-17 01:00:00,-1.2,1011.4,87.56215762290277
2023-10-17 02:00:00,-1.4,1011.8,86.89307400146683
2023-10-17 03:00:00,-1.2,1011.8,82.48988635479661
2023-10-17 04:00:00,-0.9,1011.9,80.09741478399492
2023-10-17 05:00:00,-0.5,1011.9,77.2135284004377
2023-10-17 06:00:00,-0.4,1012.6,77.23010536385337
2023-10-17 07:00:00,-0.2,1012.9,76.115329744252
2023-10-17 08:00:00,0.0,1014.0,73.90206020033165
2023-10-17 09:00:00,0.0,1014.3,76.72110766615444
2023-10-17 10:00:00,0.2,1015.0,82.06377875824955
2023-10-17 11:00:00,0.2,1015.3,82.673331406227
2023-10-17 12:00:00,-0.2,1016.1,90.27736023239346
2023-10-17 13:00:00,0.1,1016.5,85.77091715549918
2023-10-17 14:00:00,0.0,1017.2,86.39492176676556
2023-10-17 15:00:00,0.0,1017.9,83.88014510869826
2023-10-17 16:00:00,-0.2,1018.5,83.85573048272315
2023-10-17 17:00:00,-0.5,1019.0,84.44368128440878
2023-10-17 18:00:00,-0.5,1019.4,85.07248433332649
2023-10-17 21:00:00,-0.7,1020.2,88.91608040381527
2023-10-17 22:00:00,-0.7,1020.2,83.17304304715488
2023-10-17 23:00:00,-2.0,1020.2,83.63357021133505
2023-10-18 00:00:00,-2.0,1020.2,83.63357021133505
2023-10-18 01:00:00,-0.9,1020.5,85.66154608825286
2023-10-18 02:00:00,0.0,1020.6,84.50266982385106
2023-10-18 03:00:00,-0.2,1020.2,86.37401800255994
2023-10-18 04:00:00,-2.0,1019.8,85.53981957393279
2023-10-18 05:00:00,-1.9,1019.5,90.14641862833292
2023-10-18 06:00:00,-0.7,1019.6,90.23911509555424
2023-10-18 07:00:00,0.5,1019.2,90.99262214739893
2023-10-18 08:00:00,1.5,1019.2,78.69274744608835
2023-10-18 09:00:00,1.7,1019.3,85.32010578023011
2023-10-18 10:00:00,2.0,1019.3,91.09779343065976
2023-10-18 11:00:00,2.0,1019.1,88.50375478731844
2023-10-18 12:00:00,2.6,1018.9,86.66246808440523
2023-10-18 14:00:00,2.6,1018.0,89.83980108858762
2023-10-18 15:00:00,2.7,1017.8,90.49489268780263
2023-10-18 16:00:00,3.0,1017.2,89.22944825878578
2023-10-18 17:00:00,3.1,1017.1,89.23773635879257
2023-10-18 18:00:00,3.2,1016.7,91.18063207257242
2023-10-18 19:00:00,3.2,1016.2,91.83370768328942
2023-10-18 20:00:00,3.2,1015.8,91.18063207257242
2023-10-18 21:00:00,3.0,1015.8,91.16690477821598
2023-10-18 22:00:00,3.1,1015.2,92.48504175229564
2023-10-18 23:00:00,3.0,1015.1,92.47915433423208
2023-10-19 00:00:00,3.0,1014.9,93.14153052995037
2023-10-19 01:00:00,3.0,1014.9,92.47915433423208
2023-10-19 02:00:00,3.0,1014.7,93.14153052995037
2023-10-19 03:00:00,3.1,1014.2,93.14691774616476
2023-10-19 04:00:00,3.2,1013.8,92.49092235705642
2023-10-19 05:00:00,3.5,1013.4,91.20116409900645
2023-10-19 06:00:00,3.2,1013.1,93.15229869797531
2023-10-19 07:00:00,3.7,1012.9,92.52022354286301
2023-10-19 08:00:00,3.6,1013.1,92.5143768497648
2023-10-19 09:00:00,3.7,1013.3,91.21481297706822
2023-10-19 10:00:00,3.5,1013.6,91.20116409900645
2023-10-19 11:00:00,3.2,1013.7,92.49092235705642
2023-10-19 12:00:00,3.1,1013.8,92.48504175229564
2023-10-19 13:00:00,3.7,1013.8,89.28726887621636
2023-10-19 14:00:00,3.7,1013.8,88.6528184697268
2023-10-19 15:00:00,4.0,1013.6,86.8033629535462
2023-10-19 16:00:00,3.6,1013.5,89.91796871476537
2023-10-19 17:00:00,3.6,1013.5,91.85912843818588
2023-10-19 18:00:00,3.2,1013.8,93.15229869797531
2023-10-19 19:00:00,3.5,1014.1,91.85278421733881
2023-10-19 20:00:00,3.2,1014.4,93.15229869797531
2023-10-19 21:00:00,3.0,1014.4,93.14153052995037
2023-10-19 22:00:00,3.0,1014.6,93.14153052995037
2023-10-19 23:00:00,3.1,1014.6,93.14691774616476
2023-10-20 00:00:00,3.1,1014.9,93.14691774616476
2023-10-20 01:00:00,3.5,1015.0,92.50852339491679
2023-10-20 02:00:00,3.7,1015.1,87.39588302248758
2023-10-20 03:00:00,3.5,1015.3,88.63542910774561
2023-10-20 04:00:00,3.5,1015.6,88.63542910774561
2023-10-20 05:00:00,3.5,1015.7,88.00407132506595
2023-10-20 06:00:00,3.2,1016.1,89.88680813121086
2023-10-20 08:00:00,3.2,1016.8,88.60927172461798
2023-10-20 09:00:00,3.5,1017.2,85.51828904260671
2023-10-20 10:00:00,3.2,1017.6,89.24601509865104
2023-10-20 11:00:00,3.2,1018.0,89.24601509865104
2023-10-20 12:00:00,3.1,1018.2,89.87899585945478
2023-10-20 13:00:00,3.1,1018.5,89.87899585945478
2023-10-20 14:00:00,3.1,1018.5,89.87899585945478
2023-10-20 15:00:00,3.1,1018.6,88.60053298237878
2023-10-20 16:00:00,3.2,1018.7,86.72311905344976
2023-10-20 17:00:00,3.5,1018.8,86.13383056017504
2023-10-20 18:00:00,3.6,1019.1,86.14429956719394
2023-10-20 19:00:00,3.5,1019.4,84.90664774269553
2023-10-20 20:00:00,3.5,1019.7,85.51828904260671
2023-10-20 21:00:00,3.1,1019.9,87.33820607797458
2023-10-20 22:00:00,3.0,1019.9,86.08131229073528
2023-10-20 23:00:00,3.2,1020.0,86.10235431094756
2023-10-21 00:00:00,3.2,1020.0,84.87262368272299
2023-10-21 01:00:00,3.0,1020.0,86.70294685196764
2023-10-21 02:00:00,3.0,1020.0,87.32855576747052
2023-10-21 03:00:00,3.5,1020.1,84.29888531558268
2023-10-21 04:00:00,3.6,1020.1,83.10745520999544
2023-10-21 05:00:00,3.2,1020.3,86.72311905344976
2023-10-21 06:00:00,3.1,1020.3,86.0918390971986
2023-10-21 07:00:00,2.7,1020.4,89.20452765997604
2023-10-21 08:00:00,3.0,1020.5,84.84987908032909
2023-10-21 09:00:00,2.7,1020.3,88.56547955804818
2023-10-21 10:00:00,3.0,1020.4,85.46363027129871
2023-10-21 11:00:00,3.0,1020.5,86.08131229073528
2023-10-21 12:00:00,3.5,1020.3,82.49865927105152
2023-10-21 13:00:00,3.2,1020.2,86.10235431094756
2023-10-21 14:00:00,3.1,1020.1,86.71303853789584
2023-10-21 15:00:00,3.1,1019.9,85.47458599835932
2023-10-21 16:00:00,3.0,1019.7,85.46363027129871
2023-10-21 17:00:00,3.0,1019.5,83.63408282413862
2023-10-21 18:00:00,2.6,1019.2,83.58512746805677
2023-10-21 19:00:00,2.5,1019.4,82.96873872890268
2023-10-21 20:00:00,2.5,1019.1,85.40867099332952
2023-10-21 21:00:00,2.6,1018.8,84.19272810442232
2023-10-21 22:00:00,2.7,1018.5,83.59738614686032
2023-10-21 23:00:00,2.7,1018.5,84.20457462774044
2023-10-22 00:00:00,2.7,1018.2,84.81566898624044
2023-10-22 01:00:00,2.7,1018.1,84.81566898624044
2023-10-22 02:00:00,2.7,1017.8,84.20457462774044
2023-10-22 03:00:00,2.7,1017.4,82.99408196412462
2023-10-22 04:00:00,2.7,1017.2,82.99408196412462
2023-10-22 05:00:00,2.7,1017.1,82.99408196412462
2023-10-22 06:00:00,2.7,1016.9,84.20457462774044
2023-10-22 07:00:00,3.0,1016.8,78.35193886106191
2023-10-22 08:00:00,3.0,1016.5,78.92385600608863
2023-10-22 09:00:00,3.0,1016.5,80.07880622400492
2023-10-22 10:00:00,2.7,1016.1,84.20457462774044
2023-10-22 11:00:00,3.0,1016.0,82.43375178538263
2023-10-22 12:00:00,3.2,1015.8,80.1078828445287
2023-10-22 13:00:00,3.1,1015.7,86.71303853789584
2023-10-22 14:00:00,2.7,1015.3,89.84765787500938
2023-10-22 15:00:00,2.5,1015.3,89.1878668734468
2023-10-22 16:00:00,2.7,1014.9,86.0496621502332
2023-10-22 17:00:00,2.5,1014.7,88.54789357083767
2023-10-22 18:00:00,2.7,1014.6,86.67260461195275
2023-10-22 19:00:00,3.0,1014.8,84.84987908032909
2023-10-22 20:00:00,3.0,1014.5,86.70294685196764
2023-10-22 21:00:00,3.0,1014.1,86.08131229073528
2023-10-22 22:00:00,3.0,1014.1,86.70294685196764
2023-10-22 23:00:00,3.1,1014.1,86.0918390971986
2023-10-23 00:00:00,3.0,1014.1,90.51698607939369
2023-10-23 01:00:00,3.2,1014.0,88.60927172461798
2023-10-23 02:00:00,3.2,1013.9,88.60927172461798
2023-10-23 03:00:00,3.1,1013.9,87.96736357409111
2023-10-23 04:00:00,3.1,1014.0,87.33820607797458
2023-10-23 05:00:00,3.1,1013.8,88.60053298237878
2023-10-23 06:00:00,3.1,1013.7,87.96736357409111
2023-10-23 07:00:00,3.0,1013.7,88.59178440898606
2023-10-23 08:00:00,3.0,1013.9,86.08131229073528
2023-10-23 09:00:00,3.0,1013.9,83.0319948248937
2023-10-23 10:00:00,3.1,1013.8,84.86125758264403
2023-10-23 11:00:00,3.2,1013.7,87.97655590922034
2023-10-23 12:00:00,3.2,1013.6,88.60927172461798
2023-10-23 13:00:00,3.2,1013.4,88.60927172461798
2023-10-23 14:00:00,3.2,1013.2,89.24601509865104
2023-10-23 15:00:00,3.2,1012.8,88.60927172461798
2023-10-23 16:00:00,3.2,1012.6,91.18063207257242
2023-10-23 17:00:00,3.2,1012.7,90.53167302233899
2023-10-23 18:00:00,3.5,1012.5,89.91019181822838
2023-10-23 19:00:00,3.5,1012.5,91.20116409900645
2023-10-23 20:00:00,3.2,1012.3,95.16162529501135
2023-10-23 21:00:00,3.5,1012.3,94.50068009653909
2023-10-23 22:00:00,3.1,1012.3,90.52433374100104
2023-10-23 23:00:00,3.2,1012.0,87.34784565237226
2023-10-24 00:00:00,3.5,1011.8,89.27079529474405
2023-10-24 01:00:00,3.5,1011.7,89.91019181822838
2023-10-24 02:00:00,3.2,1011.5,89.88680813121086
2023-10-24 03:00:00,3.2,1011.4,89.88680813121086
2023-10-24 04:00:00,3.2,1011.0,89.88680813121086
2023-10-24 05:00:00,3.2,1010.8,89.88680813121086
2023-10-24 06:00:00,3.2,1010.4,89.88680813121086
2023-10-24 07:00:00,3.2,1010.4,89.24601509865104
2023-10-24 08:00:00,3.5,1010.4,87.3767001132672
2023-10-24 09:00:00,3.5,1010.0,88.63542910774561
2023-10-24 10:00:00,3.5,1009.7,88.00407132506595
2023-10-24 11:00:00,3.5,1009.7,88.00407132506595
2023-10-24 12:00:00,3.7,1009.4,88.02236375952853
2023-10-24 13:00:00,3.6,1009.1,88.64412866857509
2023-10-24 14:00:00,3.7,1008.7,89.92573680014974
2023-10-24 15:00:00,3.7,1008.3,91.8654653654796
2023-10-24 16:00:00,3.7,1007.9,93.17910982551922
2023-10-24 17:00:00,3.7,1007.6,95.18076197085874
2023-10-24 18:00:00,4.0,1007.5,94.52233296831315
2023-10-24 19:00:00,4.0,1007.5,95.19218999943759
2023-10-24 20:00:00,3.7,1007.4,95.18076197085874
2023-10-24 21:00:00,3.5,1007.3,95.17312082977196
2023-10-24 22:00:00,3.5,1007.1,95.17312082977196
2023-10-24 23:00:00,2.7,1007.0,96.50847380763614
2023-10-25 00:00:00,2.2,1007.0,95.80656231362632
2023-10-25 01:00:00,2.6,1006.9,96.50567784766658
2023-10-25 02:00:00,2.6,1007.0,96.50567784766658
2023-10-25 03:00:00,2.5,1006.9,96.50287854856931
2023-10-25 04:00:00,2.2,1006.5,97.1867299977931
2023-10-25 05:00:00,1.7,1006.6,96.48036331077311
2023-10-25 06:00:00,1.1,1006.9,95.76945603776025
2023-10-25 07:00:00,1.2,1007.3,97.16395766920245
2023-10-25 08:00:00,2.1,1007.7,95.80320907877476
2023-10-25 09:00:00,1.7,1008.1,95.78975614003447
2023-10-25 10:00:00,2.7,1008.3,95.14237540553022
2023-10-25 11:00:00,2.7,1008.6,94.46577019715377
2023-10-25 12:00:00,2.7,1008.8,92.46145109644264
2023-10-25 13:00:00,3.0,1009.0,89.22944825878578
2023-10-25 14:00:00,2.7,1009.0,92.46145109644264
2023-10-25 15:00:00,2.5,1009.3,90.48012162888237
2023-10-25 16:00:00,2.2,1009.4,91.76964059609915
2023-10-25 17:00:00,2.1,1009.5,93.09276209675352
2023-10-25 18:00:00,1.7,1010.1,92.40199314458661
2023-10-25 19:00:00,1.0,1010.7,94.39048550746949
2023-10-25 20:00:00,0.5,1011.1,90.99262214739893
2023-10-25 21:00:00,0.2,1011.5,90.30779776799781
2023-10-25 22:00:00,0.0,1011.5,91.62605464639685
2023-10-25 23:00:00,0.2,1011.6,88.34277385352127
2023-10-26 00:00:00,0.0,1011.7,85.76003478206532
2023-10-26 01:00:00,-0.2,1011.6,88.30655201893573
2023-10-26 02:00:00,-0.2,1012.0,88.30655201893573
2023-10-26 03:00:00,-0.2,1011.9,85.73823366829313
2023-10-26 04:00:00,-0.4,1011.9,90.92863796987683
2023-10-26 05:00:00,-0.5,1012.0,93.63363645795147
2023-10-26 06:00:00,-1.0,1012.3,89.55089626133945
2023-10-26 07:00:00,-1.0,1012.8,91.5595632420443
2023-10-26 08:00:00,-1.2,1013.0,93.5978692011026
2023-10-26 09:00:00,-1.9,1013.2,91.49905254667472
2023-10-26 10:00:00,-1.4,1013.2,88.85529207472645
2023-10-26 11:00:00,-1.2,1013.5,85.62849622570909
2023-10-26 12:00:00,-1.5,1013.7,89.50981815275505
2023-10-26 13:00:00,-1.7,1013.7,89.49332045949569
2023-10-26 14:00:00,-1.7,1013.9,87.51374989399355
2023-10-26 15:00:00,-1.7,1014.0,88.16924164861757
2023-10-26 16:00:00,-2.0,1014.0,90.1386355239937
2023-10-26 17:00:00,-1.9,1014.3,90.14641862833292
2023-10-26 18:00:00,-2.0,1014.7,90.1386355239937
2023-10-26 19:00:00,-2.2,1014.8,89.45190909976309
2023-10-26 20:00:00,-2.5,1015.1,87.43572274269725
2023-10-26 21:00:00,-2.7,1015.2,86.10872369676508
2023-10-26 22:00:00,-3.7,1015.5,86.00049590386752
2023-10-26 23:00:00,-4.0,1015.4,86.62540351016045
2023-10-27 00:00:00,-4.0,1015.5,86.62540351016045
2023-10-27 01:00:00,-3.0,1015.6,84.14379988541152
2023-10-27 02:00:00,-2.9,1015.6,84.79537219363203
2023-10-27 03:00:00,-3.0,1015.6,88.0483209296803
2023-10-27 04:00:00,-3.0,1015.5,87.38659334274871
2023-10-27 05:00:00,-3.0,1015.5,84.78366424045392
2023-10-27 06:00:00,-2.9,1015.7,85.43910395316232
2023-10-27 08:00:00,-2.9,1016.2,86.08717586267007
2023-10-27 09:00:00,-2.7,1016.5,85.46157316233152
2023-10-27 10:00:00,-2.7,1016.5,84.1802258264903
2023-10-27 11:00:00,-2.9,1016.6,82.26334392964189
2023-10-27 12:00:00,-3.0,1016.7,81.62705903545576
2023-10-27 13:00:00,-3.0,1016.8,82.24988661411292
2023-10-27 14:00:00,-2.7,1016.5,82.91598341677833
2023-10-27 15:00:00,-2.5,1016.6,81.07973414490077
2023-10-27 16:00:00,-2.7,1016.6,82.29021449387338
2023-10-27 17:00:00,-2.9,1016.6,82.88996614705673
2023-10-27 18:00:00,-2.7,1016.5,82.29021449387338
2023-10-27 19:00:00,-3.0,1016.8,80.39397086392636
2023-10-27 20:00:00,-2.7,1016.8,81.66864756487313
2023-10-27 21:00:00,-2.4,1016.8,81.71010083578449
2023-10-27 22:00:00,-2.4,1016.9,81.09394911765314
2023-10-27 23:00:00,-2.5,1016.8,80.46731039966487
2023-10-28 00:00:00,-2.7,1016.7,79.82891437847107
2023-10-28 01:00:00,-2.5,1016.7,79.85900270193231
2023-10-28 02:00:00,-2.2,1016.5,78.70198929389845
2023-10-28 03:00:00,-2.0,1016.2,76.96280935705089
2023-10-28 04:00:00,-2.0,1016.1,76.38050637660949
2023-10-28 05:00:00,-2.0,1016.2,75.80212398848121
2023-10-28 06:00:00,-2.2,1016.2,78.70198929389845
2023-10-28 07:00:00,-1.7,1016.5,75.85472550330536
2023-10-28 08:00:00,-1.7,1016.6,77.01326456912669
2023-10-28 09:00:00,-1.7,1017.0,78.18750662917994
2023-10-28 10:00:00,-1.5,1017.1,77.04681450844737
2023-10-28 11:00:00,-1.2,1017.2,77.09700955676595
2023-10-28 12:00:00,-1.0,1017.2,75.9768372093094
2023-10-28 13:00:00,-0.9,1017.2,75.99421061859483
2023-10-28 14:00:00,-1.0,1017.2,75.40583291736652
2023-10-28 15:00:00,-1.0,1017.3,75.40583291736652
2023-10-28 16:00:00,-1.2,1017.3,76.51758660406269
2023-10-28 17:00:00,-1.2,1017.3,76.51758660406269
2023-10-28 18:00:00,-1.2,1017.6,74.2384057206989
2023-10-28 19:00:00,-1.5,1017.9,75.88970368487271
2023-10-28 20:00:00,-1.7,1017.9,73.02588539163469
2023-10-28 21:00:00,-1.5,1018.0,74.74806676161758
2023-10-28 22:00:00,-1.0,1018.1,79.48427856249697
2023-10-28 23:00:00,-1.2,1017.9,77.09700955676595
2023-10-29 00:00:00,-1.0,1017.7,78.88989977683664
2023-10-29 01:00:00,-1.0,1017.6,84.38436660021819
2023-10-29 02:00:00,-0.7,1017.5,79.52974156918084
2023-10-29 03:00:00,-1.0,1017.4,85.01536094789269
2023-10-29 04:00:00,-0.7,1017.3,86.32155332356248
2023-10-29 05:00:00,-0.7,1017.1,86.32155332356248
2023-10-29 06:00:00,-1.0,1016.9,88.23361205174115
2023-10-29 07:00:00,-1.0,1017.1,83.13484176183611
2023-10-29 08:00:00,-1.4,1017.2,82.46345151308137
2023-10-29 09:00:00,-1.7,1017.4,84.9348534060726
2023-10-29 10:00:00,-1.7,1017.5,84.3007737136478
2023-10-29 11:00:00,-1.7,1017.5,84.3007737136478
2023-10-29 12:00:00,-1.5,1017.2,84.95791953077878
2023-10-29 13:00:00,-1.5,1016.8,88.18768571160052
2023-10-29 14:00:00,-1.4,1016.8,83.70811254826022
2023-10-29 15:00:00,-1.5,1016.6,83.0708939989399
2023-10-29 16:00:00,-1.5,1016.5,83.0708939989399
2023-10-29 17:00:00,-1.4,1016.3,83.08371153761347
2023-10-29 18:00:00,-1.5,1016.4,81.2211966382393
2023-10-29 19:00:00,-1.5,1016.4,82.45021251134898
2023-10-29 20:00:00,-1.5,1016.4,83.0708939989399
2023-10-29 21:00:00,-1.5,1016.3,81.83365464511134
2023-10-29 22:00:00,-1.7,1016.3,85.57316634761561
2023-10-29 23:00:00,-1.7,1016.0,84.9348534060726
2023-10-30 00:00:00,-1.9,1016.3,83.0194833278904
2023-10-30 01:00:00,-2.0,1016.1,83.63357021133505
2023-10-30 02:00:00,-2.0,1015.9,81.76516242230612
2023-10-30 03:00:00,-3.0,1015.8,84.14379988541152
2023-10-30 04:00:00,-2.7,1015.7,83.5459789491044
2023-10-30 05:00:00,-2.5,1015.3,83.571074082505
2023-10-30 06:00:00,-2.5,1015.3,84.84207348141284
2023-10-30 07:00:00,-2.2,1015.4,82.35713479543996
2023-10-30 08:00:00,-2.0,1015.5,83.00659543299165
2023-10-30 09:00:00,-1.9,1015.4,83.0194833278904
2023-10-30 10:00:00,-1.5,1015.3,79.40818586352142
2023-10-30 11:00:00,-1.5,1015.4,85.5953354214086
2023-10-30 12:00:00,-1.0,1015.2,86.28993308116371
2023-10-30 13:00:00,-0.9,1015.1,85.66154608825286
2023-10-30 14:00:00,-0.7,1015.1,88.91608040381527
2023-10-30 15:00:00,-0.9,1014.8,88.2427659324012
2023-10-30 16:00:00,-0.7,1014.7,81.9424745156762
2023-10-30 17:00:00,-0.7,1014.7,86.32155332356248
2023-10-30 18:00:00,-0.7,1014.7,88.2610424299705
2023-10-30 19:00:00,-1.0,1014.8,80.08263263285758
2023-10-30 20:00:00,-0.7,1014.9,79.52974156918084
2023-10-30 21:00:00,-0.5,1015.0,77.2135284004377
2023-10-30 22:00:00,-0.4,1015.0,80.77108179603061
2023-10-30 23:00:00,-0.4,1015.3,88.9419837269634
2023-10-31 00:00:00,-0.5,1015.3,89.59173846950425
2023-10-31 01:00:00,-0.2,1015.2,82.62120247031395
2023-10-31 02:00:00,-1.2,1015.3,83.7328508383739
2023-10-31 03:00:00,-0.5,1015.4,86.98390911968417
2023-10-31 04:00:00,-0.5,1015.4,87.62946872353842
2023-10-31 05:00:00,-0.5,1015.6,88.27927734509338
2023-10-31 06:00:00,-0.7,1015.9,90.23911509555424
2023-10-31 07:00:00,-0.5,1016.2,92.2687204582999
2023-10-31 08:00:00,-0.5,1016.4,94.3227880605007
2023-10-31 09:00:00,-0.9,1016.6,94.30453055714368
2023-10-31 10:00:00,-0.9,1017.1,94.30453055714368
2023-10-31 11:00:00,-0.2,1017.3,95.02844748425184
2023-10-31 12:00:00,-0.2,1017.3,94.33642422935549
2023-10-31 13:00:00,-0.2,1017.5,92.96577374126038
2023-10-31 14:00:00,-0.2,1017.7,90.27736023239346
2023-10-31 15:00:00,-0.4,1017.5,80.77108179603061
2023-10-31 16:00:00,0.2,1017.7,77.90744775485334
2023-10-31 17:00:00,0.2,1017.5,76.75478518459498
2023-10-31 18:00:00,0.5,1017.5,75.10766152097055
2023-10-31 19:00:00,0.5,1017.4,76.80517239295533
2023-10-31 20:00:00,0.7,1017.5,74.0314594723858
2023-10-31 21:00:00,1.0,1017.4,72.44921438595446
2023-10-31 22:00:00,1.0,1017.2,78.61490892982972
2023-10-31 23:00:00,0.6,1017.1,79.72509397592457
2023-11-01 00:00:00,0.0,1016.9,80.82817419918915
2023-11-01 01:00:00,-0.4,1016.6,88.28837924759235
2023-11-01 02:00:00,0.0,1016.4,89.63234653902111
2023-11-01 03:00:00,-0.4,1016.1,88.9419837269634
2023-11-01 04:00:00,-1.0,1015.9,87.5814439070121
2023-11-01 05:00:00,-1.4,1015.6,87.54282751335542
2023-11-01 06:00:00,-1.5,1015.5,91.52602496844557
2023-11-01 07:00:00,-1.2,1015.7,91.54617148190917
2023-11-01 08:00:00,-0.7,1015.6,92.25643373622192
2023-11-01 09:00:00,-0.7,1015.5,92.25643373622192
2023-11-01 10:00:00,-0.5,1015.5,91.59290597108397
2023-11-01 12:00:00,0.1,1015.0,87.04395614524
2023-11-01 15:00:00,0.5,1014.3,84.56133451115642
2023-11-01 18:00:00,0.0,1013.8,94.34548801286994
2023-11-01 21:00:00,-0.9,1013.6,90.89280135495625
2023-11-02 00:00:00,-1.8,1013.3,88.16000379901942
2023-11-02 03:00:00,-1.9,1013.3,90.14641862833292
2023-11-02 06:00:00,-2.3,1013.5,89.4435980623459
2023-11-02 09:00:00,-2.3,1014.1,88.11365574295343
2023-11-02 11:00:00,-2.7,1014.4,86.76022572912801
2023-11-02 12:00:00,-2.4,1014.6,87.4455150524599
2023-11-02 13:00:00,-2.2,1014.4,88.78521907566022
2023-11-02 14:00:00,-2.2,1014.5,88.78521907566022
2023-11-02 15:00:00,-2.0,1014.5,88.14149638533925
2023-11-02 16:00:00,-1.9,1014.6,90.8204994197082
2023-11-02 17:00:00,-1.9,1014.9,90.8204994197082
2023-11-02 18:00:00,-1.7,1015.0,88.82909015176138
2023-11-02 19:00:00,-1.9,1015.1,89.47678462336837
2023-11-02 20:00:00,-1.9,1015.3,87.49430965540952
2023-11-02 21:00:00,-1.9,1015.5,88.15075538315405
2023-11-02 22:00:00,-1.7,1015.4,90.16195774764554
2023-11-02 23:00:00,-2.0,1015.5,84.26474953060415
2023-11-03 00:00:00,-2.9,1015.4,81.02272056276627
2023-11-03 01:00:00,-2.0,1015.3,84.26474953060415
2023-11-03 02:00:00,-1.4,1015.3,83.08371153761347
2023-11-03 03:00:00,-1.5,1015.3,81.2211966382393
2023-11-03 04:00:00,-1.2,1015.1,81.87457241639699
2023-11-03 05:00:00,-1.2,1015.3,84.36054888880211
2023-11-03 06:00:00,-1.4,1015.4,87.54282751335542
2023-11-03 07:00:00,-2.5,1015.5,86.78079146635739
2023-11-03 08:00:00,-2.0,1015.4,88.80279777701882
2023-11-03 09:00:00,-1.0,1015.5,89.55089626133945
2023-11-03 10:00:00,-1.4,1015.6,87.54282751335542
2023-11-03 11:00:00,-1.5,1015.3,86.88292413351203
2023-11-03 12:00:00,-2.4,1015.1,86.14095440727021
2023-11-03 13:00:00,-3.5,1014.8,84.08281940742583
2023-11-03 14:00:00,-1.5,1015.1,81.83365464511134
2023-11-03 15:00:00,-0.7,1015.0,80.72810234438423
2023-11-03 16:00:00,-1.5,1015.1,83.69572298443917
2023-11-03 17:00:00,-2.0,1014.8,86.8320023094341
2023-11-03 18:00:00,-1.0,1014.7,86.9335590419379
2023-11-03 19:00:00,-0.5,1014.6,92.2687204582999
2023-11-03 20:00:00,-0.5,1014.5,93.63363645795147
2023-11-03 21:00:00,-0.5,1014.3,93.63363645795147
2023-11-03 22:00:00,-0.2,1013.7,89.61613129576551
2023-11-03 23:00:00,-0.5,1013.3,89.59173846950425
2023-11-04 00:00:00,-0.5,1013.0,86.34257446879407
2023-11-04 01:00:00,-1.4,1012.6,83.70811254826022
2023-11-04 02:00:00,-0.2,1012.1,83.85573048272315
2023-11-04 03:00:00,-0.5,1011.7,87.62946872353842
2023-11-04 04:00:00,-1.0,1011.0,90.88560899853698
2023-11-04 05:00:00,-1.5,1010.4,91.52602496844557
2023-11-04 06:00:00,-1.2,1009.9,91.54617148190917
2023-11-04 07:00:00,-0.9,1009.9,91.5662473835089
2023-11-04 08:00:00,-0.7,1009.5,90.23911509555424
2023-11-04 09:00:00,-0.4,1009.1,89.59987875840511
2023-11-04 10:00:00,-0.5,1009.0,90.92148729361404
2023-11-04 11:00:00,0.1,1008.5,90.30020154555528
2023-11-04 12:00:00,0.5,1007.8,89.01916297421701
2023-11-04 13:00:00,0.5,1007.2,84.56133451115642
2023-11-04 14:00:00,1.0,1006.9,75.75684767435052
2023-11-04 15:00:00,0.5,1006.5,78.53666490721719
2023-11-04 16:00:00,0.7,1006.4,81.52711315475894
2023-11-04 17:00:00,0.7,1005.8,82.13066355179032
2023-11-04 18:00:00,0.0,1005.7,88.32468351371529
2023-11-04 19:00:00,-1.2,1005.9,92.2255903628762
2023-11-04 20:00:00,-1.4,1005.7,90.85675570395092
2023-11-04 21:00:00,-1.7,1005.5,90.83502731223119
2023-11-04 22:00:00,-1.9,1005.2,90.8204994197082
2023-11-04 23:00:00,-1.9,1005.2,89.47678462336837
2023-11-05 00:00:00,-2.0,1005.1,90.1386355239937
2023-11-05 01:00:00,-2.0,1005.2,88.80279777701882
2023-11-05 02:00:00,-1.7,1005.1,87.51374989399355
2023-11-05 03:00:00,-1.7,1004.5,87.51374989399355
2023-11-05 04:00:00,-1.4,1004.2,86.89307400146683
2023-11-05 05:00:00,-1.4,1004.5,87.54282751335542
2023-11-05 06:00:00,-0.5,1003.6,81.3611450176722
2023-11-05 07:00:00,-0.9,1003.4,86.94365177754374
2023-11-05 08:00:00,-1.2,1005.1,76.51758660406269
2023-11-05 09:00:00,-1.0,1004.8,78.88989977683664
2023-11-05 10:00:00,-0.7,1005.6,73.77175744847737
2023-11-05 11:00:00,-0.7,1004.7,71.03419138440286
2023-11-05 12:00:00,-0.4,1003.6,75.51188454069707
2023-11-05 13:00:00,-1.0,1005.1,70.43593461781677
2023-11-05 14:00:00,-0.7,1004.9,69.96470500949923
2023-11-05 15:00:00,0.0,1003.7,76.72110766615444
2023-11-05 16:00:00,0.7,1005.2,65.15564305949502
2023-11-05 17:00:00,0.2,1005.0,75.61729360049797
2023-11-05 18:00:00,-0.2,1005.4,72.76204871810766
2023-11-05 19:00:00,-1.2,1006.6,74.2384057206989
2023-11-05 20:00:00,-2.7,1006.2,74.5288018918281
2023-11-05 21:00:00,-3.4,1007.9,73.82815508172327
2023-11-05 22:00:00,-2.9,1007.4,74.49199838208467
2023-11-05 23:00:00,-2.5,1008.2,72.3147931496095
2023-11-06 00:00:00,-2.2,1007.7,69.64997607591556
2023-11-06 01:00:00,-1.9,1007.6,71.33366442745881
2023-11-06 02:00:00,-1.9,1008.4,70.24973346843737
2023-11-06 03:00:00,-1.7,1008.0,70.83077342071668
2023-11-06 04:00:00,-2.0,1007.2,71.31347897864082
2023-11-06 05:00:00,-1.9,1008.9,71.88118826438202
2023-11-06 06:00:00,-1.7,1008.7,76.4320436074627
2023-11-06 07:00:00,-1.5,1007.0,75.88970368487271
2023-11-06 08:00:00,-1.2,1009.5,67.75859216744144
2023-11-06 09:00:00,-1.5,1010.0,69.26575849483177
2023-11-06 10:00:00,-1.2,1009.5,77.6803286010967
2023-11-06 11:00:00,-1.0,1010.0,69.3719036597723
2023-11-06 12:00:00,-0.7,1010.6,70.49764515634426
2023-11-06 13:00:00,-0.5,1011.1,67.39774983226637
2023-11-06 14:00:00,-0.7,1011.4,61.9112296119221
2023-11-06 15:00:00,-1.0,1011.7,66.26505008582463
2023-11-06 16:00:00,-0.7,1012.1,65.82849911632096
2023-11-06 21:00:00,-0.5,1013.3,66.37876246928488
2023-11-06 22:00:00,-0.2,1013.2,69.01630829142384
2023-11-06 23:00:00,0.0,1013.7,64.99286009498182
2023-11-07 00:00:00,-0.2,1013.9,71.67383146582092
2023-11-07 01:00:00,-0.2,1013.5,70.06861859769126
2023-11-07 02:00:00,-0.7,1014.4,81.3332754866931
2023-11-07 03:00:00,-0.7,1014.4,83.17304304715488
2023-11-07 04:00:00,0.0,1014.3,73.90206020033165
2023-11-07 05:00:00,-0.2,1014.5,77.84289265750974
2023-11-07 06:00:00,-0.2,1014.6,72.21611852876313
2023-11-07 07:00:00,-0.2,1014.6,64.94616400287433
2023-11-07 08:00:00,0.2,1014.9,67.04306930443448
2023-11-07 09:00:00,-0.2,1015.0,69.01630829142384
2023-11-07 10:00:00,0.0,1015.1,82.03692387310811
2023-11-07 11:00:00,-0.5,1015.3,78.37894978925083
2023-11-07 12:00:00,-0.4,1015.4,80.77108179603061
2023-11-07 13:00:00,-0.5,1015.3,78.37894978925083
2023-11-07 14:00:00,0.0,1015.2,77.29624262485414
2023-11-07 15:00:00,0.1,1014.9,71.73328022015042
2023-11-07 16:00:00,-0.2,1014.6,71.67383146582092
2023-11-07 17:00:00,0.2,1014.4,76.75478518459498
2023-11-07 18:00:00,-0.2,1014.2,75.5470920545688
2023-11-07 19:00:00,0.6,1014.1,75.68721167444083
2023-11-07 20:00:00,0.6,1014.0,79.72509397592457
2023-11-07 21:00:00,0.7,1013.8,76.83867807161778
2023-11-07 22:00:00,0.7,1013.7,77.98776659160026
2023-11-07 23:00:00,1.1,1013.5,74.65773922139773
2023-11-08 00:00:00,0.6,1013.2,75.68721167444083
2023-11-08 01:00:00,1.0,1012.8,75.75684767435052
2023-11-08 02:00:00,0.2,1012.8,75.05418272173246
2023-11-08 03:00:00,-0.2,1012.5,79.60519405923638
2023-11-08 04:00:00,-1.5,1012.2,80.61281484288693
2023-11-08 05:00:00,-1.0,1011.9,72.6076286130699
2023-11-08 06:00:00,-1.2,1012.0,74.2384057206989
2023-11-08 07:00:00,-0.7,1012.0,66.8416206208113
2023-11-08 08:00:00,-0.5,1012.0,64.3817991267411
2023-11-08 09:00:00,-0.7,1012.1,66.8416206208113
2023-11-08 10:00:00,-0.2,1012.2,77.84289265750974
2023-11-08 11:00:00,-0.2,1012.2,83.85573048272315
2023-11-08 12:00:00,0.5,1012.3,88.3698324625678
2023-11-08 13:00:00,-0.2,1012.3,88.95920329772198
2023-11-08 14:00:00,0.0,1012.1,87.03397643353166
2023-11-08 15:00:00,0.0,1012.1,86.39492176676556
2023-11-08 16:00:00,-0.2,1012.1,73.31164323079521
2023-11-08 17:00:00,-0.2,1011.9,72.76204871810766
2023-11-08 18:00:00,-0.2,1012.0,76.68736110802303
2023-11-08 19:00:00,-1.2,1012.0,73.12160988438524
2023-11-08 20:00:00,-0.2,1012.0,73.31164323079521
2023-11-08 21:00:00,-0.2,1012.1,73.86492336641521
2023-11-08 22:00:00,-0.2,1012.2,77.26320806946292
2023-11-08 23:00:00,-0.2,1012.1,80.20045156392185
2023-11-09 00:00:00,-0.5,1012.3,81.3611450176722
2023-11-09 01:00:00,-0.7,1012.3,79.52974156918084
2023-11-09 02:00:00,-0.5,1012.5,76.63661143996366
2023-11-09 03:00:00,-0.7,1012.5,73.77175744847737
2023-11-09 04:00:00,-0.9,1012.5,69.39307243452087
2023-11-09 05:00:00,-1.4,1012.4,70.35337713209941
2023-11-09 06:00:00,-1.4,1012.5,78.8275263389102
2023-11-09 07:00:00,-1.5,1012.8,86.88292413351203
2023-11-09 08:00:00,-1.5,1013.1,81.83365464511134
2023-11-09 09:00:00,-1.7,1013.5,78.78057378902048
2023-11-09 10:00:00,-2.2,1013.9,81.12233310208468
2023-11-09 11:00:00,-2.4,1014.1,78.67043940329116
2023-11-09 12:00:00,-2.2,1014.1,75.76696655529328
2023-11-09 13:00:00,-2.5,1014.1,73.99708194147053
2023-11-09 14:00:00,-2.2,1013.9,74.6204855328065
2023-11-09 15:00:00,-2.2,1014.1,80.51112558926205
2023-11-09 16:00:00,-2.7,1014.3,76.25963224917118
2023-11-09 17:00:00,-3.0,1014.5,75.0476250040634
2023-11-09 18:00:00,-3.2,1014.6,73.86582672028204
2023-11-09 19:00:00,-3.7,1015.0,74.92051960143122
2023-11-09 20:00:00,-4.0,1015.2,73.7146836778865
2023-11-09 21:00:00,-4.2,1015.3,73.67670709647189
2023-11-09 22:00:00,-4.4,1015.4,75.3754418229622
2023-11-09 23:00:00,-4.5,1015.7,75.94477611119521
2023-11-10 00:00:00,-4.5,1015.7,75.35743426829237
2023-11-10 01:00:00,-4.5,1015.7,77.13170078608684
2023-11-10 02:00:00,-4.5,1015.6,76.53619011143674
2023-11-10 03:00:00,-4.4,1015.7,78.35124839487926
2023-11-10 04:00:00,-4.2,1015.4,75.41140143435521
2023-11-10 05:00:00,-4.2,1015.5,75.99765959038646
2023-11-10 06:00:00,-4.2,1015.7,75.99765959038646
2023-11-10 07:00:00,-4.2,1016.2,75.99765959038646
2023-11-10 08:00:00,-4.0,1016.7,74.8657674110957
2023-11-10 09:00:00,-4.2,1017.1,76.58797135394543
2023-11-10 10:00:00,-4.2,1017.3,75.41140143435521
2023-11-10 11:00:00,-4.2,1017.2,74.25094921797233
2023-11-10 12:00:00,-4.0,1017.4,73.7146836778865
2023-11-10 13:00:00,-4.0,1017.5,77.21604629612364
2023-11-10 14:00:00,-4.0,1017.6,77.21604629612364
2023-11-10 15:00:00,-3.7,1017.6,74.92051960143122
2023-11-10 16:00:00,-3.0,1017.4,73.33716360526049
2023-11-10 17:00:00,-3.4,1017.5,77.31668027870657
2023-11-10 18:00:00,-3.0,1017.5,81.62705903545576
2023-11-10 19:00:00,-2.5,1017.8,87.43572274269725
2023-11-10 20:00:00,-2.5,1017.6,88.75877504400992
2023-11-10 21:00:00,-2.2,1017.5,88.12294658099164
2023-11-10 22:00:00,-2.0,1017.0,88.14149638533925
2023-11-10 23:00:00,-1.4,1016.8,87.54282751335542
2023-11-11 00:00:00,-1.0,1016.4,87.5814439070121
2023-11-11 01:00:00,-0.4,1016.2,90.26208868636408
2023-11-11 02:00:00,-0.2,1015.7,90.27736023239346
2023-11-11 03:00:00,-0.5,1015.5,92.94895562508698
2023-11-11 04:00:00,-0.5,1015.1,90.25443967232712
2023-11-11 05:00:00,-0.4,1014.8,89.59987875840511
2023-11-11 06:00:00,0.0,1014.5,91.62605464639685
2023-11-11 07:00:00,0.0,1014.4,90.95715781967971
2023-11-11 08:00:00,0.0,1014.4,91.62605464639685
2023-11-11 09:00:00,-1.0,1014.0,85.01536094789269
2023-11-11 10:00:00,-1.0,1014.2,86.28993308116371
2023-11-11 11:00:00,-0.5,1013.8,87.62946872353842
2023-11-11 12:00:00,-0.2,1013.4,88.95920329772198
2023-11-11 13:00:00,-0.2,1013.3,90.9429144406859
2023-11-11 14:00:00,-1.2,1013.0,86.26879370372735
2023-11-11 15:00:00,-1.0,1012.9,88.23361205174115
2023-11-11 16:00:00,-0.2,1012.7,87.65815335342351
2023-11-11 17:00:00,-0.4,1012.4,90.26208868636408
2023-11-11 18:00:00,1.0,1012.1,91.02788183294317
2023-11-11 19:00:00,1.1,1012.0,91.69830592095273
2023-11-11 20:00:00,1.1,1011.8,91.69830592095273
2023-11-11 21:00:00,1.2,1011.5,92.3720038195998
2023-11-11 22:00:00,1.1,1011.1,84.63130785088126
2023-11-11 23:00:00,0.2,1011.0,83.90450631749708
2023-11-12 00:00:00,0.0,1011.0,82.64729517561643
2023-11-12 01:00:00,-0.5,1010.9,77.79430041690209
2023-11-12 02:00:00,0.0,1010.7,82.64729517561643
2023-11-12 03:00:00,0.5,1010.9,80.30272644608333
2023-11-12 04:00:00,-1.2,1011.7,90.20064816123401
2023-11-12 05:00:00,-1.7,1012.0,88.16924164861757
2023-11-12 06:00:00,-2.2,1012.4,86.81155277289227
2023-11-12 07:00:00,-3.2,1013.0,84.11944837684105
2023-11-12 08:00:00,-3.2,1013.6,84.11944837684105
2023-11-12 09:00:00,-4.0,1014.3,78.41562788187768
2023-11-12 10:00:00,-4.7,1014.8,77.69823211198587
2023-11-12 11:00:00,-4.9,1015.2,77.66506157665052
2023-11-12 12:00:00,-5.0,1015.3,74.10102290836053
2023-11-12 13:00:00,-4.9,1015.2,72.97053645704328
2023-11-12 14:00:00,-4.7,1015.5,74.73735800727471
2023-11-12 15:00:00,-4.9,1015.8,72.97053645704328
2023-11-12 16:00:00,-4.9,1016.2,74.7005005219268
2023-11-12 17:00:00,-4.9,1016.5,73.54318382336945
2023-11-12 18:00:00,-4.7,1016.6,74.15738813984284
2023-11-12 19:00:00,-4.5,1016.7,75.35743426829237
2023-11-12 20:00:00,-4.5,1016.7,75.35743426829237
2023-11-12 21:00:00,-4.5,1016.9,76.53619011143674
2023-11-12 22:00:00,-4.5,1017.0,75.94477611119521
2023-11-12 23:00:00,-4.4,1017.0,75.96242217699238
2023-11-13 00:00:00,-4.4,1016.9,74.79250309857785
2023-11-13 01:00:00,-4.4,1016.9,72.50068209148924
2023-11-13 02:00:00,-4.5,1017.0,74.1948696002743
2023-11-13 03:00:00,-4.5,1017.0,75.35743426829237
2023-11-13 04:00:00,-4.5,1016.9,74.1948696002743
2023-11-13 05:00:00,-4.7,1016.8,73.00945845643274
2023-11-13 06:00:00,-4.9,1016.8,73.54318382336945
2023-11-13 07:00:00,-4.9,1017.0,71.27634890834764
2023-11-13 08:00:00,-5.0,1017.3,74.10102290836053
2023-11-13 09:00:00,-5.0,1017.4,73.52403190247124
2023-11-13 10:00:00,-4.9,1017.3,74.1198304222292
2023-11-13 11:00:00,-4.7,1017.4,74.15738813984284
2023-11-13 12:00:00,-4.9,1017.4,72.97053645704328
2023-11-13 13:00:00,-4.9,1017.2,74.7005005219268
2023-11-13 14:00:00,-5.0,1017.2,76.44952775179488
2023-11-13 15:00:00,-4.9,1017.2,73.54318382336945
2023-11-13 16:00:00,-4.9,1017.3,75.28521851398956
2023-11-13 17:00:00,-4.7,1017.6,72.44145046634878
2023-11-13 18:00:00,-4.5,1017.4,75.35743426829237
2023-11-13 19:00:00,-4.2,1017.7,76.58797135394543
2023-11-13 20:00:00,-4.4,1017.7,74.79250309857785
2023-11-13 21:00:00,-4.4,1017.8,77.1486052295466
2023-11-13 22:00:00,-4.0,1017.7,74.8657674110957
2023-11-13 23:00:00,-4.0,1017.5,74.28824085318776
2023-11-14 00:00:00,-3.5,1017.8,73.24135824901961
2023-11-14 01:00:00,-3.7,1017.7,74.34403660599558
2023-11-14 02:00:00,-3.7,1017.7,74.92051960143122
2023-11-14 03:00:00,-4.2,1017.9,73.67670709647189
2023-11-14 04:00:00,-3.0,1017.7,75.0476250040634
2023-11-14 05:00:00,-3.2,1018.1,74.43665320363667
2023-11-14 06:00:00,-3.2,1018.2,75.01140168349467
2023-11-14 07:00:00,-2.7,1018.4,77.43329220486362
2023-11-14 08:00:00,-2.7,1018.7,79.22391165654935
2023-11-14 09:00:00,-2.5,1019.0,77.4664537776617
2023-11-14 10:00:00,-2.0,1019.2,77.54905596403343
2023-11-14 11:00:00,-2.2,1019.3,77.51606670624656
2023-11-14 12:00:00,-2.4,1019.7,79.87402280261945
2023-11-14 13:00:00,-2.5,1020.0,78.05853629790164
2023-11-14 14:00:00,-2.7,1020.2,78.02612441550801
2023-11-14 15:00:00,-3.0,1020.4,78.57538942795716
2023-11-14 16:00:00,-3.2,1020.8,76.7594135096506
2023-11-14 17:00:00,-3.2,1020.9,75.59009554237356
2023-11-14 18:00:00,-3.4,1021.1,71.58099581454573
2023-11-14 19:00:00,-3.5,1021.2,72.67731863293977
2023-11-14 20:00:00,-3.5,1021.5,73.80929078968776
2023-11-14 22:00:00,-3.7,1021.4,74.92051960143122
2023-11-14 23:00:00,-3.9,1021.5,74.88403677346463
2023-11-15 00:00:00,-4.0,1021.5,76.03282420008681
2023-11-15 01:00:00,-4.0,1021.7,77.21604629612364
2023-11-15 02:00:00,-4.2,1021.6,79.60119024239279
2023-11-15 03:00:00,-4.0,1021.5,80.24610387226318
2023-11-15 04:00:00,-4.0,1021.5,79.63176508651837
2023-11-15 05:00:00,-3.9,1021.5,79.64702795912365
2023-11-15 06:00:00,-3.7,1021.2,80.29063117945755
2023-11-15 07:00:00,-3.7,1021.2,80.90795130918895
2023-11-15 08:00:00,-4.2,1021.0,82.08724510767242
2023-11-15 09:00:00,-4.9,1020.8,81.3604877373257
2023-11-15 10:00:00,-4.5,1020.6,80.79218356061504
2023-11-15 11:00:00,-3.5,1020.5,80.93673680594745
2023-11-15 12:00:00,-3.0,1020.2,81.00842863964726
2023-11-15 13:00:00,-2.4,1020.1,80.48193113146601
2023-11-15 14:00:00,-2.2,1019.7,81.12233310208468
2023-11-15 15:00:00,-2.0,1019.3,83.00659543299165
2023-11-15 16:00:00,-2.2,1019.0,88.78521907566022
2023-11-15 17:00:00,-1.7,1018.6,92.19456505842037
2023-11-15 18:00:00,-1.4,1018.0,92.89814260150675
2023-11-15 19:00:00,-1.0,1017.6,92.92079286395739
2023-11-15 20:00:00,-0.7,1017.2,94.31367018650995
2023-11-15 21:00:00,-1.2,1016.7,94.98823972003713
2023-11-15 22:00:00,2.2,1016.5,82.93062151121117
2023-11-15 23:00:00,2.2,1016.4,83.53596000033379
2023-11-16 00:00:00,-0.7,1016.5,90.23911509555424
2023-11-16 01:00:00,-2.5,1016.2,89.42694710631336
2023-11-16 02:00:00,-3.0,1016.4,88.71449803194277
2023-11-16 03:00:00,-3.7,1016.8,90.00492711616737
2023-11-16 04:00:00,-4.2,1016.7,87.26753121823879
2023-11-16 05:00:00,-4.7,1016.4,87.88744538470237
2023-11-16 06:00:00,-5.9,1017.3,81.21795005368466
2023-11-16 07:00:00,-6.5,1017.4,79.86938036334928
2023-11-16 08:00:00,-6.9,1017.3,80.43877893072552
2023-11-16 09:00:00,-7.0,1017.9,79.79280398877873
2023-11-16 10:00:00,-7.2,1018.1,78.51153519403378
2023-11-16 11:00:00,-7.0,1018.0,79.16617218945959
2023-11-16 12:00:00,-7.0,1018.1,78.54392978675754
2023-11-16 13:00:00,-7.4,1018.1,79.73124270828359
2023-11-16 14:00:00,-8.0,1018.0,81.55782417560873
2023-11-16 15:00:00,-7.7,1017.7,82.24800568861475
2023-11-16 16:00:00,-6.7,1017.8,80.4685836909921
2023-11-16 17:00:00,-6.7,1017.6,81.10279006153458
2023-11-16 18:00:00,-7.5,1017.7,82.92668483407594
2023-11-16 19:00:00,-7.2,1017.7,84.94354855280552
2023-11-16 20:00:00,-5.9,1017.7,84.43836240777095
2023-11-16 21:00:00,-4.9,1017.7,81.99137811969076
2023-11-16 22:00:00,-4.5,1017.8,83.31760722880344
2023-11-16 23:00:00,-4.5,1017.9,85.913027280115
2023-11-17 00:00:00,-4.2,1017.9,85.9459210208757
2023-11-17 01:00:00,-4.0,1017.9,86.62540351016045
2023-11-17 02:00:00,-3.7,1017.8,88.6520793826218
2023-11-17 03:00:00,-3.7,1017.6,88.6520793826218
2023-11-17 04:00:00,-3.5,1017.4,87.3371826713468
2023-11-17 05:00:00,-3.0,1017.1,86.0763836844818
2023-11-17 06:00:00,-2.7,1016.8,87.41610460249909
2023-11-17 07:00:00,-2.7,1016.8,89.41025754513457
2023-11-17 08:00:00,-2.7,1017.0,89.41025754513457
2023-11-17 09:00:00,-2.5,1017.3,90.77671157185445
2023-11-17 10:00:00,-2.2,1017.3,91.47874000253651
2023-11-17 11:00:00,-1.9,1017.1,92.18210368039078
2023-11-17 12:00:00,-1.7,1017.0,92.88108443702401
2023-11-17 13:00:00,-1.2,1017.2,93.5978692011026
2023-11-17 14:00:00,0.1,1017.3,95.73529727263231
2023-11-17 15:00:00,-1.0,1017.7,94.29995256279787
2023-11-17 16:00:00,-1.9,1018.2,92.86967861444097
2023-11-17 17:00:00,-2.2,1018.4,89.45190909976309
2023-11-17 18:00:00,-2.2,1018.7,85.51752607390108
2023-11-17 19:00:00,-2.4,1019.0,82.33041047794639
2023-11-17 20:00:00,-2.5,1019.2,81.69629807315559
2023-11-17 21:00:00,-2.9,1019.5,81.02272056276627
2023-11-17 22:00:00,-3.2,1019.5,80.36452457668949
2023-11-17 23:00:00,-3.7,1019.8,80.90795130918895
2023-11-18 00:00:00,-4.2,1019.8,81.45934111716862
2023-11-18 01:00:00,-4.0,1019.7,80.24610387226318
2023-11-18 02:00:00,-3.7,1019.5,78.4637338745763
2023-11-18 03:00:00,-4.2,1019.4,77.78085316006074
2023-11-18 04:00:00,-3.5,1019.3,79.09975232338009
2023-11-18 05:00:00,-3.9,1019.2,82.12810609216224
2023-11-18 06:00:00,-3.7,1019.1,84.0583320647066
2023-11-18 07:00:00,-3.5,1019.1,82.81157028363086
2023-11-18 08:00:00,-3.4,1019.0,83.45770804436386
2023-11-18 09:00:00,-2.7,1019.4,79.82891437847107
2023-11-18 10:00:00,-2.7,1019.5,78.62298963697856
2023-11-18 11:00:00,-2.7,1019.4,79.22391165654935
2023-11-18 12:00:00,-2.7,1019.5,76.84446933430291
2023-11-18 13:00:00,-2.5,1019.4,78.65463949379264
2023-11-18 14:00:00,-2.5,1019.1,78.05853629790164
2023-11-18 15:00:00,-2.4,1018.9,78.07471676703601
2023-11-18 16:00:00,-2.7,1018.7,86.76022572912801
2023-11-18 17:00:00,-2.7,1018.6,89.41025754513457
2023-11-18 18:00:00,-2.4,1018.3,90.10741248867824
2023-11-18 19:00:00,-2.2,1018.5,89.45190909976309
2023-11-18 20:00:00,-2.2,1018.3,89.45190909976309
2023-11-18 21:00:00,-1.7,1018.1,91.51255456991017
2023-11-18 22:00:00,-1.5,1017.9,92.89246327528413
2023-11-18 23:00:00,-1.4,1017.6,92.89814260150675
2023-11-19 00:00:00,-1.4,1017.3,92.21320215152421
2023-11-19 01:00:00,-1.0,1016.9,92.92079286395739
2023-11-19 02:00:00,-1.0,1016.7,94.29995256279787
2023-11-19 03:00:00,-0.7,1016.3,93.62344752894298
2023-11-19 04:00:00,-0.7,1016.1,92.93771045717165
2023-11-19 05:00:00,-0.7,1015.8,90.9071609963124
2023-11-19 06:00:00,-0.4,1015.6,91.5995511829837
2023-11-19 07:00:00,-0.4,1015.5,91.5995511829837
2023-11-19 08:00:00,-0.2,1015.6,92.28709657580984
2023-11-19 09:00:00,-0.2,1015.5,91.61281836788578
2023-11-19 10:00:00,0.0,1015.6,92.29931147269156
2023-11-19 11:00:00,0.2,1015.5,92.311497793793
2023-11-19 12:00:00,-0.2,1015.4,92.96577374126038
2023-11-19 13:00:00,0.0,1015.2,92.29931147269156
2023-11-19 14:00:00,0.2,1015.2,92.98810567223708
2023-11-19 15:00:00,0.2,1014.7,91.63926011277432
2023-11-19 16:00:00,0.0,1014.6,89.63234653902111
2023-11-19 17:00:00,1.0,1014.4,89.7128672294606
2023-11-19 18:00:00,1.5,1014.4,87.81887658615398
2023-11-19 19:00:00,1.2,1014.2,91.7048285371109
2023-11-19 20:00:00,1.2,1014.2,84.64292532696574
2023-11-19 21:00:00,0.7,1014.4,93.69426620322783
2023-11-19 22:00:00,0.7,1013.9,92.3418391520447
2023-11-19 23:00:00,1.1,1013.7,90.3757714901858
2023-11-20 00:00:00,1.1,1013.3,90.3757714901858
2023-11-20 01:00:00,1.0,1013.3,92.3599590688971
2023-11-20 02:00:00,1.5,1013.0,89.10399411313492
2023-11-20 03:00:00,1.5,1012.6,92.39001836994618
2023-11-20 04:00:00,1.5,1012.1,91.06293841814649
2023-11-20 05:00:00,1.2,1011.8,94.3994211893991
2023-11-20 06:00:00,1.1,1011.3,95.76945603776025
2023-11-20 07:00:00,1.1,1011.0,95.08000458175758
2023-11-20 08:00:00,1.1,1010.8,95.08000458175758
2023-11-20 09:00:00,1.0,1011.0,94.39048550746949
2023-11-20 10:00:00,0.2,1010.9,95.73873159030938
2023-11-20 11:00:00,0.1,1010.5,92.98253254007366
2023-11-20 12:00:00,0.2,1010.7,93.66910828389888
2023-11-20 13:00:00,0.6,1010.3,94.37255052624755
2023-11-20 14:00:00,0.7,1009.8,97.85752876122031
2023-11-20 15:00:00,1.1,1009.4,97.16166531627822
2023-11-20 16:00:00,1.7,1008.9,91.0769045267992
2023-11-20 17:00:00,1.7,1008.7,89.1208448825911
2023-11-20 18:00:00,1.5,1008.4,81.6365807489076
2023-11-20 19:00:00,1.5,1008.5,78.69274744608835
2023-11-20 20:00:00,1.0,1008.1,85.8683161234698
2023-11-20 21:00:00,1.2,1007.7,82.80267085486803
2023-11-20 22:00:00,1.6,1007.2,84.07355156949441
2023-11-20 23:00:00,1.6,1006.4,89.76073918368097
2023-11-21 00:00:00,1.5,1005.6,94.41278513724247
2023-11-21 01:00:00,1.6,1004.5,95.09962275503979
2023-11-21 02:00:00,1.5,1003.2,93.05996399064183
2023-11-21 03:00:00,1.5,1001.6,93.05996399064183
2023-11-21 04:00:00,1.7,999.7,92.40199314458661
2023-11-21 05:00:00,2.2,997.3,94.4437841458576
2023-11-21 06:00:00,2.5,994.5,95.13464355162179
2023-11-21 07:00:00,2.7,992.5,95.14237540553022
2023-11-21 08:00:00,2.6,989.5,95.13851176413263
2023-11-21 09:00:00,3.0,986.6,95.83324517300589
2023-11-21 10:00:00,3.1,984.3,97.20699252892513
2023-11-21 11:00:00,3.2,981.9,97.90037999285835
2023-11-21 12:00:00,3.5,979.8,95.84979378804988
2023-11-21 13:00:00,3.2,977.6,97.20923046474576
2023-11-21 14:00:00,3.5,975.6,96.53072190961805
2023-11-21 15:00:00,3.7,973.2,96.53625091068663
2023-11-21 16:00:00,3.6,970.8,95.8530917661761
2023-11-21 17:00:00,3.6,969.0,95.1769436505124
2023-11-21 18:00:00,2.7,968.1,85.43069090101243
2023-11-21 19:00:00,2.5,966.8,91.13244838410306
2023-11-21 20:00:00,2.5,966.1,87.91199295481616
2023-11-21 21:00:00,2.2,965.7,80.54797957370641
2023-11-21 22:00:00,2.5,965.5,77.13717023439195
2023-11-21 23:00:00,2.2,965.4,76.52410910401552
2023-11-22 00:00:00,1.5,964.5,84.06156238883037
2023-11-22 01:00:00,1.7,963.5,89.1208448825911
2023-11-22 02:00:00,1.5,963.0,87.81887658615398
2023-11-22 03:00:00,1.5,962.3,80.44752575111448
2023-11-22 04:00:00,1.0,961.4,93.70928987035867
2023-11-22 05:00:00,1.0,960.4,93.03245577175895
2023-11-22 06:00:00,-0.7,961.1,90.9071609963124
2023-11-22 07:00:00,-2.0,962.2,88.14149638533925
2023-11-22 08:00:00,-3.4,963.0,89.35153837773278
2023-11-22 09:00:00,-6.5,964.9,92.59969927445472
2023-11-22 10:00:00,-8.2,966.6,88.2384647469688
2023-11-22 11:00:00,-9.5,968.1,88.11486316866454
2023-11-22 12:00:00,-10.0,968.5,84.60758941821618
2023-11-22 13:00:00,-10.0,970.8,81.9280440223822
2023-11-22 14:00:00,-10.2,971.7,88.75538402532169
2023-11-22 15:00:00,-9.9,973.0,65.22016755661058
2023-11-22 16:00:00,-9.4,974.0,64.80598856806475
2023-11-22 17:00:00,-9.2,974.8,60.71858722609892
2023-11-22 18:00:00,-9.7,974.9,83.29760362043142
2023-11-22 19:00:00,-9.0,974.8,68.72278074185762
2023-11-22 20:00:00,-8.5,974.1,61.90994383364548
2023-11-22 21:00:00,-10.2,974.0,83.23185431454776
2023-11-22 22:00:00,-10.0,973.7,90.9244407876765
2023-11-22 23:00:00,-9.4,973.4,90.25024594531321
2023-11-23 00:00:00,-8.9,974.0,91.72674499794117
2023-11-23 01:00:00,-8.2,975.1,91.05697826139377
2023-11-23 02:00:00,-7.9,976.1,91.07879015815996
2023-11-23 03:00:00,-7.2,977.0,90.42280726725592
2023-11-23 04:00:00,-7.2,977.5,90.42280726725592
2023-11-23 05:00:00,-6.5,978.1,89.77881844927069
2023-11-23 06:00:00,-6.2,979.1,93.33350319886176
2023-11-23 07:00:00,-6.0,980.8,87.76227571101343
2023-11-23 08:00:00,-5.7,982.7,87.79132842414266
2023-11-23 09:00:00,-5.5,985.3,83.83546996365905
2023-11-23 11:00:00,-5.7,990.1,80.61663572128221
2023-11-23 12:00:00,-6.2,992.9,87.06541483879458
2023-11-23 13:00:00,-6.0,994.5,92.62977082361249
2023-11-23 14:00:00,-6.5,997.4,90.47677079538312
2023-11-23 15:00:00,-6.4,999.9,89.78702267759702
2023-11-23 16:00:00,-6.4,1001.7,93.32259410076864
2023-11-23 17:00:00,-6.4,1003.4,94.04439441923992
2023-11-23 18:00:00,-6.0,1004.6,94.06390207417292
2023-11-23 19:00:00,-6.0,1006.9,93.34438591307797
2023-11-23 20:00:00,-6.0,1006.9,91.9200277875457
2023-11-23 21:00:00,-5.0,1008.2,90.59090956391017
2023-11-23 22:00:00,-4.0,1011.1,89.98105493191329
2023-11-23 23:00:00,-3.2,1013.4,88.02955727257459
2023-11-24 00:00:00,-2.7,1014.8,91.44472625495757
2023-11-24 01:00:00,-2.7,1016.2,90.08389967746818
2023-11-24 02:00:00,-3.0,1017.7,92.11303766771334
2023-11-24 03:00:00,-3.0,1019.1,92.11303766771334
2023-11-24 04:00:00,-3.4,1020.4,93.48349799257169
2023-11-24 05:00:00,-3.5,1020.9,93.47822753237251
2023-11-24 06:00:00,-3.5,1021.4,93.47822753237251
2023-11-24 07:00:00,-3.7,1021.6,92.06861611370358
2023-11-24 08:00:00,-4.0,1021.8,90.66588625519199
2023-11-24 09:00:00,-4.0,1022.2,84.66586165628736
2023-11-24 10:00:00,-4.2,1021.1,81.45934111716862
2023-11-24 11:00:00,-3.9,1022.2,77.2328624999973
2023-11-24 12:00:00,-3.7,1022.5,74.92051960143122
2023-11-24 13:00:00,-3.9,1022.4,76.63959122588736
2023-11-24 14:00:00,-4.0,1022.2,77.21604629612364
2023-11-24 15:00:00,-3.2,1021.7,71.06971395354358
2023-11-24 16:00:00,-3.9,1021.2,63.564821568346574
2023-11-24 17:00:00,-4.4,1020.6,54.5243461037878
2023-11-24 18:00:00,-5.2,1020.3,69.00682024266504
2023-11-24 19:00:00,-4.7,1019.9,66.97414840125529
2023-11-24 20:00:00,-3.7,1019.4,69.3307065013171
2023-11-24 21:00:00,-1.9,1018.6,77.56552485099058
2023-11-24 22:00:00,-0.9,1017.8,80.69937280700256
2023-11-24 23:00:00,-0.2,1017.1,76.68736110802303
2023-11-25 00:00:00,-0.7,1016.9,81.3332754866931
2023-11-25 01:00:00,-1.4,1016.4,87.54282751335542
2023-11-25 02:00:00,-1.0,1015.4,90.88560899853698
2023-11-25 03:00:00,-0.7,1014.5,90.23911509555424
2023-11-25 04:00:00,-0.7,1013.8,92.25643373622192
2023-11-25 05:00:00,-0.2,1013.2,93.64887465643805
2023-11-25 06:00:00,0.0,1012.7,92.29931147269156
2023-11-25 07:00:00,0.5,1012.0,95.74900987721772
2023-11-25 08:00:00,0.6,1011.5,94.37255052624755
2023-11-25 09:00:00,0.2,1011.3,93.66910828389888
2023-11-25 10:00:00,0.5,1011.1,82.10395280792889
2023-11-25 11:00:00,0.1,1011.0,80.84240930558293
2023-11-25 12:00:00,-1.2,1010.7,84.99242267182647
2023-11-25 13:00:00,-1.2,1010.8,83.109304596872
2023-11-25 14:00:00,-2.4,1011.0,82.95490235415156
2023-11-25 15:00:00,-3.7,1011.3,84.0583320647066
2023-11-25 16:00:00,-3.2,1011.9,82.85083287594124
2023-11-25 17:00:00,-2.9,1011.8,81.02272056276627
2023-11-25 18:00:00,-2.5,1012.4,78.65463949379264
2023-11-25 19:00:00,-2.5,1012.8,78.05853629790164
2023-11-25 20:00:00,-2.5,1013.0,78.65463949379264
2023-11-25 21:00:00,-2.7,1013.4,78.62298963697856
2023-11-25 22:00:00,-2.9,1012.6,79.79876174896553
2023-11-25 23:00:00,-2.7,1013.6,79.22391165654935
2023-11-26 00:00:00,-2.7,1013.6,78.62298963697856
2023-11-26 01:00:00,-2.7,1014.8,79.82891437847107
2023-11-26 02:00:00,-2.9,1015.0,79.79876174896553
2023-11-26 03:00:00,-3.0,1015.1,79.78366126559958
2023-11-26 04:00:00,-3.5,1015.2,80.3202362478175
2023-11-26 05:00:00,-4.0,1015.4,80.86465600088033
2023-11-26 06:00:00,-4.0,1015.5,82.11450069270761
2023-11-26 07:00:00,-4.0,1015.9,80.86465600088033
2023-11-26 08:00:00,-2.9,1016.2,84.15595535615074
2023-11-26 09:00:00,-2.4,1016.3,82.33041047794639
2023-11-26 10:00:00,-2.0,1016.7,83.00659543299165
2023-11-26 11:00:00,-1.5,1016.6,83.69572298443917
2023-11-26 12:00:00,-2.2,1016.6,81.7376614808328
2023-11-26 13:00:00,-1.5,1016.5,86.23699547038358
2023-11-26 14:00:00,-1.5,1016.7,85.5953354214086
2023-11-26 15:00:00,-1.0,1016.8,86.28993308116371
2023-11-26 16:00:00,0.6,1016.8,85.82514788057838
2023-11-26 17:00:00,0.7,1016.8,87.74362591693023
2023-11-26 18:00:00,1.0,1017.0,88.41472607968947
2023-11-26 19:00:00,1.1,1017.3,89.07017745770347
2023-11-26 20:00:00,1.1,1017.7,89.72086870380565
2023-11-26 21:00:00,1.2,1017.7,89.72886103389828
2023-11-26 22:00:00,1.2,1017.4,90.3832807788543
2023-11-26 23:00:00,1.2,1017.7,89.0786460466193
2023-11-27 00:00:00,1.1,1017.9,88.42367432827243
2023-11-27 01:00:00,1.1,1018.2,88.42367432827243
2023-11-27 02:00:00,1.0,1018.2,87.77192440822337
2023-11-27 03:00:00,1.0,1018.1,85.8683161234698
2023-11-27 04:00:00,1.1,1018.1,87.14313926505852
2023-11-27 05:00:00,1.0,1018.1,85.24196876431684
2023-11-27 06:00:00,1.0,1018.3,85.24196876431684
2023-11-27 07:00:00,1.0,1018.3,86.4987425359005
2023-11-27 08:00:00,1.0,1018.4,86.4987425359005
2023-11-27 09:00:00,1.0,1018.7,87.1332709467782
2023-11-27 10:00:00,1.1,1018.9,91.69830592095273
2023-11-27 11:00:00,1.0,1018.9,94.39048550746949
2023-11-27 12:00:00,1.1,1019.0,96.46333477402813
2023-11-27 13:00:00,1.2,1018.7,96.46618138062811
2023-11-27 14:00:00,1.2,1018.8,96.46618138062811
2023-11-27 15:00:00,1.5,1018.6,94.41278513724247
2023-11-27 16:00:00,1.5,1018.6,96.47470073765042
2023-11-27 17:00:00,1.5,1018.6,91.72435105065941
2023-11-27 18:00:00,1.6,1018.6,90.41323184476457
2023-11-27 19:00:00,1.6,1018.3,94.41722926604892
2023-11-27 20:00:00,2.0,1018.6,94.43495339699804
2023-11-27 21:00:00,2.2,1018.4,92.43180846252054
2023-11-27 22:00:00,2.2,1018.2,92.43180846252054
2023-11-27 23:00:00,2.2,1018.3,93.09820612653837
2023-11-28 00:00:00,2.2,1018.4,93.09820612653837
2023-11-28 01:00:00,2.1,1018.6,93.09276209675352
2023-11-28 02:00:00,2.2,1018.6,92.43180846252054
2023-11-28 03:00:00,2.2,1018.6,93.09820612653837
2023-11-28 04:00:00,2.2,1018.8,93.09820612653837
2023-11-28 05:00:00,2.2,1018.7,92.43180846252054
2023-11-28 06:00:00,2.2,1018.9,93.09820612653837
2023-11-28 07:00:00,2.2,1019.5,92.43180846252054
2023-11-28 08:00:00,2.2,1020.2,92.43180846252054
2023-11-28 09:00:00,2.1,1020.9,93.09276209675352
2023-11-28 10:00:00,2.1,1021.3,93.09276209675352
2023-11-28 11:00:00,2.0,1021.6,93.08731170579986
2023-11-28 12:00:00,2.1,1022.3,90.45047794212677
2023-11-28 13:00:00,2.0,1022.8,91.75673814359024
2023-11-28 14:00:00,1.6,1023.6,93.06544633447122
2023-11-28 15:00:00,1.2,1023.7,93.04347839890933
2023-11-28 16:00:00,1.7,1024.1,93.07092226805938
2023-11-28 17:00:00,1.5,1024.8,87.182502190398
2023-11-28 18:00:00,1.7,1025.2,85.94340133809594
2023-11-28 19:00:00,1.7,1025.9,86.57073112012378
2023-11-28 20:00:00,2.0,1026.4,83.51129635809836
2023-11-28 21:00:00,2.0,1026.7,81.70452486406192
2023-11-28 22:00:00,2.0,1027.0,82.30289165962968
2023-11-28 23:00:00,2.0,1027.4,77.62287779382373
2023-11-29 00:00:00,2.1,1027.6,77.63903418293116
2023-11-29 01:00:00,2.2,1028.3,80.54797957370641
2023-11-29 02:00:00,2.2,1028.8,81.7316012906317
2023-11-29 03:00:00,2.2,1029.0,84.14521304342571
2023-11-29 04:00:00,2.5,1029.3,80.59080489879146
2023-11-29 05:00:00,2.7,1029.5,79.45463108704682
2023-11-29 06:00:00,2.2,1029.9,81.13787635735659
2023-11-29 07:00:00,2.1,1030.0,82.31604077962676
2023-11-29 08:00:00,2.0,1030.7,85.97540298981342
2023-11-29 09:00:00,1.5,1031.2,85.92200780241288
2023-11-29 10:00:00,2.0,1031.5,81.11001952568657
2023-11-29 11:00:00,2.0,1031.7,79.93250708637595
2023-11-29 12:00:00,1.7,1031.8,87.2021176676348
2023-11-29 13:00:00,1.7,1032.1,87.83758362622342
2023-11-29 14:00:00,1.0,1032.2,92.3599590688971
2023-11-29 15:00:00,0.7,1032.6,93.69426620322783
2023-11-29 16:00:00,1.0,1032.9,90.36825356678611
2023-11-29 17:00:00,0.7,1033.0,91.00675049201543
2023-11-29 18:00:00,0.2,1033.1,92.98810567223708
2023-11-29 19:00:00,-0.2,1033.2,93.64887465643805
2023-11-29 20:00:00,-0.5,1032.8,94.3227880605007
2023-11-29 21:00:00,-0.7,1033.3,92.93771045717165
2023-11-29 22:00:00,-0.9,1032.8,92.24411812889005
2023-11-29 23:00:00,-1.0,1032.9,91.5595632420443
2023-11-30 00:00:00,-1.0,1032.4,92.92079286395739
2023-11-30 01:00:00,-1.0,1032.1,92.23794946539958
2023-11-30 02:00:00,-1.0,1032.0,92.23794946539958
2023-11-30 03:00:00,-1.0,1031.9,92.23794946539958
2023-11-30 04:00:00,-1.0,1031.6,92.92079286395739
2023-11-30 05:00:00,-1.0,1030.9,92.92079286395739
2023-11-30 06:00:00,-1.0,1030.8,92.23794946539958
2023-11-30 07:00:00,-1.2,1031.1,92.2255903628762
2023-11-30 08:00:00,-1.0,1030.8,92.92079286395739
2023-11-30 09:00:00,-0.9,1030.9,94.30453055714368
2023-11-30 10:00:00,-0.7,1030.7,95.00840378324095
2023-11-30 11:00:00,-0.5,1030.5,94.3227880605007
2023-11-30 12:00:00,-0.5,1030.3,93.63363645795147
2023-11-30 13:00:00,-0.5,1030.5,94.3227880605007
2023-11-30 14:00:00,-0.4,1030.6,95.02044438648952
2023-11-30 15:00:00,-0.4,1030.7,94.32733886056488
2023-11-30 16:00:00,-0.5,1030.7,85.70544081948714
2023-11-30 17:00:00,-0.7,1030.4,81.9424745156762
2023-11-30 18:00:00,-0.7,1030.6,87.61029144157635
2023-11-30 19:00:00,-0.4,1030.4,83.2111194418596
2023-11-30 20:00:00,-0.5,1030.9,83.19844115490034
2023-11-30 21:00:00,-1.0,1030.9,82.51626377978262
2023-11-30 22:00:00,-1.0,1030.9,80.08263263285758
2023-11-30 23:00:00,-1.2,1031.1,77.09700955676595
2023-12-01 00:00:00,-1.5,1031.1,77.04681450844737
2023-12-01 01:00:00,-1.7,1031.2,74.14596136902732
2023-12-01 02:00:00,-1.5,1031.1,73.06423210607846
2023-12-01 03:00:00,-2.0,1030.6,74.65702941357559
2023-12-01 04:00:00,-1.9,1030.6,74.67527367845503
2023-12-01 05:00:00,-2.2,1030.6,72.37370705957628
2023-12-01 06:00:00,-2.5,1030.9,72.87173571805732
2023-12-01 07:00:00,-2.5,1030.7,75.13786112698784
2023-12-01 08:00:00,-2.7,1030.0,76.84446933430291
2023-12-01 09:00:00,-2.7,1030.1,73.95967470814566
2023-12-01 10:00:00,-2.5,1030.0,76.29425666890424
2023-12-01 11:00:00,-2.7,1029.6,75.67875751045867
2023-12-01 12:00:00,-2.9,1029.3,76.2249363952274
2023-12-01 13:00:00,-3.0,1028.8,75.62561486208871
2023-12-01 14:00:00,-3.0,1028.6,75.0476250040634
2023-12-01 15:00:00,-3.0,1028.0,74.4735686673442
2023-12-01 16:00:00,-3.2,1027.9,75.01140168349467
2023-12-01 17:00:00,-3.0,1027.1,75.0476250040634
2023-12-01 18:00:00,-3.0,1027.1,73.90342258501218
2023-12-01 19:00:00,-2.9,1026.8,73.92219215965194
2023-12-01 20:00:00,-2.7,1026.9,75.1018217943589
2023-12-01 21:00:00,-2.9,1027.0,73.3562672414373
2023-12-01 22:00:00,-3.0,1026.2,75.0476250040634
2023-12-01 23:00:00,-2.7,1026.2,74.5288018918281
2023-12-02 00:00:00,-3.0,1026.0,73.33716360526049
2023-12-02 01:00:00,-2.7,1026.2,74.5288018918281
2023-12-02 02:00:00,-2.7,1025.8,77.43329220486362
2023-12-02 03:00:00,-2.5,1025.8,78.05853629790164
2023-12-02 04:00:00,-2.4,1025.6,81.71010083578449
2023-12-02 05:00:00,-2.2,1025.1,78.70198929389845
2023-12-02 06:00:00,-2.0,1024.8,75.80212398848121
2023-12-02 07:00:00,-2.0,1024.8,73.52734359785221
2023-12-02 08:00:00,-2.2,1024.6,70.7283249307504
2023-12-02 09:00:00,-2.0,1024.8,71.31347897864082
2023-12-02 10:00:00,-2.0,1025.1,67.0628409496397
2023-12-02 11:00:00,-1.9,1025.2,67.08531272785642
2023-12-02 12:00:00,-1.9,1025.1,66.05905931387991
2023-12-02 13:00:00,-1.9,1024.8,84.2767708919623
2023-12-02 14:00:00,-1.7,1024.5,92.19456505842037
2023-12-02 15:00:00,-1.2,1024.5,88.21527294951326
2023-12-02 16:00:00,-1.4,1024.2,90.18519890801244
2023-12-02 17:00:00,-1.0,1024.0,87.5814439070121
2023-12-02 18:00:00,-0.7,1023.9,90.23911509555424
2023-12-02 19:00:00,-1.0,1023.4,93.60811875192596
2023-12-02 20:00:00,-0.7,1023.6,91.57959224908885
2023-12-02 21:00:00,0.0,1023.7,93.65900343482977
2023-12-02 22:00:00,0.5,1023.7,92.3297238875498
2023-12-02 23:00:00,0.5,1023.7,89.67272221568071
2023-12-03 00:00:00,0.7,1023.4,85.20829634902996
2023-12-03 01:00:00,0.6,1023.1,87.73417179608792
2023-12-03 02:00:00,1.0,1023.4,88.41472607968947
2023-12-03 03:00:00,0.7,1022.9,90.34564785839248
2023-12-03 04:00:00,0.7,1022.9,92.3418391520447
2023-12-03 05:00:00,0.7,1022.6,91.67213959102538
2023-12-03 06:00:00,0.7,1022.6,91.67213959102538
2023-12-03 07:00:00,1.1,1022.9,85.8790782802092
2023-12-03 08:00:00,1.1,1023.4,89.07017745770347
2023-12-03 09:00:00,1.1,1023.9,89.07017745770347
2023-12-03 10:00:00,1.2,1024.6,89.0786460466193
2023-12-03 11:00:00,1.5,1025.0,85.29784239339378
2023-12-03 12:00:00,1.1,1025.5,84.01347470854151
2023-12-03 13:00:00,0.7,1025.8,87.74362591693023
2023-12-03 14:00:00,1.5,1026.2,87.182502190398
2023-12-03 15:00:00,1.5,1026.3,86.55022018278777
2023-12-03 16:00:00,1.1,1026.6,88.42367432827243
2023-12-03 17:00:00,1.1,1027.0,89.07017745770347
2023-12-03 18:00:00,1.1,1027.2,88.42367432827243
2023-12-03 19:00:00,1.2,1027.1,91.7048285371109
2023-12-03 20:00:00,0.7,1027.6,93.69426620322783
2023-12-03 21:00:00,0.7,1027.6,94.37704224444765
2023-12-03 22:00:00,1.0,1027.7,92.3599590688971
2023-12-03 23:00:00,1.0,1027.7,91.02788183294317
2023-12-04 00:00:00,1.2,1027.7,89.72886103389828
2023-12-04 01:00:00,1.1,1027.5,87.14313926505852
2023-12-04 02:00:00,1.0,1027.5,85.24196876431684
2023-12-04 03:00:00,1.0,1027.6,82.17062212544323
2023-12-04 04:00:00,0.7,1027.5,83.9651766172887
2023-12-04 05:00:00,0.5,1027.6,85.18578601401433
2023-12-04 06:00:00,0.2,1027.5,86.41577881524513
2023-12-04 07:00:00,0.0,1027.6,87.03397643353166
2023-12-04 08:00:00,0.0,1027.5,88.32468351371529
2023-12-04 09:00:00,-0.2,1027.5,88.95920329772198
2023-12-04 10:00:00,-0.5,1027.5,85.70544081948714
2023-12-04 11:00:00,-0.7,1027.5,85.04967299814432
2023-12-04 12:00:00,-1.2,1027.4,88.87270997201924
2023-12-04 13:00:00,-1.4,1027.2,86.24760679342187
2023-12-04 14:00:00,-1.5,1026.9,86.88292413351203
2023-12-04 15:00:00,-1.7,1026.6,84.9348534060726
2023-12-04 16:00:00,-2.0,1026.5,86.18375948438603
2023-12-04 17:00:00,-2.0,1026.2,88.14149638533925
2023-12-04 18:00:00,-2.0,1025.9,85.53981957393279
2023-12-04 19:00:00,-1.9,1025.7,88.15075538315405
2023-12-04 20:00:00,-2.0,1025.5,87.48457293964655
2023-12-04 21:00:00,-2.2,1025.4,88.12294658099164
2023-12-04 22:00:00,-2.4,1025.2,88.1043542599548
2023-12-04 23:00:00,-2.5,1025.0,84.84207348141284
2023-12-05 00:00:00,-2.5,1024.8,81.07973414490077
2023-12-05 01:00:00,-2.7,1024.5,86.10872369676508
2023-12-05 02:00:00,-2.7,1024.2,86.10872369676508
2023-12-05 03:00:00,-2.7,1023.9,86.76022572912801
2023-12-05 04:00:00,-2.5,1023.5,86.78079146635739
2023-12-05 05:00:00,-2.7,1023.1,87.41610460249909
2023-12-05 06:00:00,-2.7,1023.2,88.74109485934854
2023-12-05 07:00:00,-2.7,1023.2,87.41610460249909
2023-12-05 08:00:00,-2.7,1023.3,79.82891437847107
2023-12-05 09:00:00,-2.9,1023.2,76.2249363952274
2023-12-05 10:00:00,-2.7,1023.2,73.95967470814566
2023-12-05 11:00:00,-2.5,1023.0,75.13786112698784
2023-12-05 12:00:00,-2.2,1022.7,76.34605975397962
2023-12-05 13:00:00,-2.5,1022.6,63.40872419859858
2023-12-05 14:00:00,-2.0,1022.4,62.06746803482005
2023-12-05 15:00:00,-2.0,1022.2,66.03606707637289
2023-12-05 16:00:00,-2.2,1022.0,63.976385805333145
2023-12-05 17:00:00,-2.2,1021.8,69.11630763387406
2023-12-05 18:00:00,-2.2,1021.8,68.05987416384333
2023-12-05 19:00:00,-2.5,1021.8,66.95017022345613
2023-12-05 20:00:00,-2.5,1021.9,70.12470206901027
2023-12-05 21:00:00,-2.7,1021.8,72.83300668743016
2023-12-05 22:00:00,-2.7,1021.7,73.95967470814566
2023-12-05 23:00:00,-2.4,1021.9,76.31154214735515
2023-12-06 00:00:00,-2.5,1021.9,83.571074082505
2023-12-06 01:00:00,-3.0,1021.8,81.00842863964726
2023-12-06 02:00:00,-3.0,1021.6,76.20756162389584
2023-12-06 03:00:00,-3.4,1021.3,85.38270954474834
2023-12-06 04:00:00,-3.9,1020.9,89.9890216352549
2023-12-06 05:00:00,-4.0,1021.2,86.62540351016045
2023-12-06 06:00:00,-4.2,1021.1,87.9350891001398
2023-12-06 07:00:00,-4.5,1021.1,83.95983508555646
2023-12-06 08:00:00,-4.2,1021.0,87.26753121823879
2023-12-06 09:00:00,-3.7,1021.4,86.00049590386752
2023-12-06 10:00:00,-3.9,1021.1,87.96354379163144
2023-12-06 11:00:00,-4.0,1020.9,87.28748864154267
2023-12-06 12:00:00,-4.2,1020.8,87.9350891001398
2023-12-06 13:00:00,-4.2,1020.3,89.28384345406141
2023-12-06 14:00:00,-4.5,1020.1,87.90653585369903
2023-12-06 15:00:00,-4.4,1019.9,88.58915329235603
2023-12-06 16:00:00,-4.0,1019.8,90.66588625519199
2023-12-06 17:00:00,-3.7,1019.7,91.37609504753351
2023-12-06 18:00:00,-3.7,1019.8,92.76579792206284
2023-12-06 19:00:00,-3.9,1019.6,92.05585633422633
2023-12-06 20:00:00,-3.5,1019.7,90.703044980092
2023-12-06 21:00:00,-3.2,1019.3,89.36836397821901
2023-12-06 22:00:00,-3.2,1019.2,90.72523570533069
2023-12-06 23:00:00,-3.2,1018.9,89.36836397821901
2023-12-07 00:00:00,-3.2,1018.5,90.72523570533069
2023-12-07 01:00:00,-3.0,1018.5,88.0483209296803
2023-12-07 02:00:00,-2.7,1018.2,88.07638578281855
2023-12-07 03:00:00,-2.5,1017.9,88.09504211617218
2023-12-07 04:00:00,-2.4,1017.6,88.1043542599548
2023-12-07 05:00:00,-2.5,1017.2,88.75877504400992
2023-12-07 06:00:00,-2.4,1017.0,86.14095440727021
2023-12-07 07:00:00,-2.2,1016.8,86.16238105929526
2023-12-07 08:00:00,-2.2,1016.5,86.81155277289227
2023-12-07 09:00:00,-1.9,1016.5,81.16479448824111
2023-12-07 10:00:00,-1.9,1016.3,81.77889055534374
2023-12-07 11:00:00,-2.9,1016.2,88.05768661573394
2023-12-07 12:00:00,-2.9,1016.0,84.79537219363203
2023-12-07 13:00:00,-2.5,1016.0,86.78079146635739
2023-12-07 14:00:00,-2.4,1015.9,86.79105685807535
2023-12-07 15:00:00,-1.9,1015.9,91.49905254667472
2023-12-07 16:00:00,-1.5,1015.8,81.83365464511134
2023-12-07 17:00:00,-1.5,1016.0,82.45021251134898
2023-12-07 18:00:00,-1.5,1016.1,80.61281484288693
2023-12-07 19:00:00,-1.7,1016.3,83.04521680585705
2023-12-07 20:00:00,-1.7,1016.3,81.1930259274044
2023-12-07 21:00:00,-1.9,1016.4,85.55094761073798
2023-12-07 22:00:00,-2.2,1016.3,82.98077723291357
2023-12-07 23:00:00,-2.2,1016.5,76.92908542127303
2023-12-08 00:00:00,-2.2,1016.5,69.11630763387406
2023-12-08 01:00:00,-2.2,1016.7,79.30097746439267
2023-12-08 02:00:00,-2.7,1016.7,82.91598341677833
2023-12-08 03:00:00,-2.2,1016.8,72.37370705957628
2023-12-08 04:00:00,-2.5,1016.8,72.3147931496095
2023-12-08 05:00:00,-2.7,1016.8,70.6253796919903
2023-12-08 06:00:00,-2.9,1017.0,72.23596950988569
2023-12-08 07:00:00,-3.2,1016.8,73.29889896685143
2023-12-08 08:00:00,-3.5,1017.0,74.38113957814573
2023-12-08 09:00:00,-3.7,1017.0,76.08543501060235
2023-12-08 10:00:00,-3.9,1017.0,80.8791034071645
2023-12-08 11:00:00,-4.4,1016.8,82.69300112634504
2023-12-08 12:00:00,-4.4,1016.5,83.97219532885657
2023-12-08 13:00:00,-5.4,1016.0,82.55986875170564
2023-12-08 14:00:00,-4.5,1015.5,83.31760722880344
2023-12-08 15:00:00,-4.2,1015.0,83.99687447097139
2023-12-08 16:00:00,-2.7,1014.2,81.05125813393065
2023-12-08 17:00:00,-2.4,1013.8,92.84104544844041
2023-12-08 18:00:00,-2.2,1013.4,82.98077723291357
2023-12-08 19:00:00,-2.7,1013.1,78.62298963697856
2023-12-08 20:00:00,-2.7,1012.8,82.29021449387338
2023-12-08 21:00:00,-2.7,1012.9,83.5459789491044
2023-12-08 22:00:00,-2.7,1012.4,80.4380218244171
2023-12-08 23:00:00,-3.2,1011.6,84.11944837684105
2023-12-09 00:00:00,-3.5,1011.3,84.08281940742583
2023-12-09 01:00:00,-3.2,1010.9,83.48299804567297
2023-12-09 02:00:00,-3.2,1010.3,72.17664716044636
2023-12-09 03:00:00,-3.7,1009.6,73.77150514470702
2023-12-09 04:00:00,-3.5,1008.9,74.95692805432917
2023-12-09 05:00:00,-3.0,1008.2,83.5082321741002
2023-12-09 06:00:00,-2.7,1007.7,75.1018217943589
2023-12-09 07:00:00,-3.2,1007.4,79.75341185365947
2023-12-09 08:00:00,-5.2,1006.9,77.61517436422731
2023-12-09 09:00:00,-6.0,1006.7,76.2748415174149
2023-12-09 10:00:00,-6.2,1006.5,74.45907834945845
2023-12-09 11:00:00,-5.2,1006.3,73.48566995011535
2023-12-09 12:00:00,-4.0,1006.6,69.80894758373584
2023-12-09 13:00:00,-4.7,1007.1,85.2345896113114
2023-12-09 14:00:00,-4.7,1007.7,76.50157932628227
2023-12-09 15:00:00,-5.0,1008.1,77.0469123629431
2023-12-09 16:00:00,-5.4,1008.1,74.6080261230548
2023-12-09 17:00:00,-6.5,1008.3,72.08231221292041
2023-12-09 18:00:00,-6.7,1008.6,70.34219536050468
2023-12-09 19:00:00,-7.0,1009.0,69.16356492594223
2023-12-09 20:00:00,-7.0,1009.2,69.16356492594223
2023-12-09 21:00:00,-7.4,1009.3,71.90030449766577
2023-12-09 22:00:00,-7.2,1009.3,74.27116596442822
2023-12-09 23:00:00,-7.0,1009.9,74.90116209930432
2023-12-10 00:00:00,-6.9,1010.1,74.32774249692451
2023-12-10 01:00:00,-6.9,1010.2,70.86308837080351
2023-12-10 02:00:00,-6.7,1010.3,69.78359233689618
2023-12-10 03:00:00,-6.7,1010.9,66.51426988299339
2023-12-10 04:00:00,-6.7,1010.9,66.51426988299339
2023-12-10 05:00:00,-6.5,1010.9,65.50272212391933
2023-12-10 06:00:00,-6.7,1011.0,65.45526738773376
2023-12-10 07:00:00,-6.7,1010.9,64.41133360586171
2023-12-10 08:00:00,-6.9,1011.1,65.40772511907774
2023-12-10 09:00:00,-7.0,1011.3,68.61195391184532
2023-12-10 10:00:00,-7.5,1011.7,67.95188973963235
2023-12-10 11:00:00,-8.2,1011.9,67.24638742146915
2023-12-10 12:00:00,-8.4,1011.9,70.54774093688475
2023-12-10 13:00:00,-8.4,1011.8,70.54774093688475
2023-12-10 14:00:00,-8.7,1011.9,71.63448851655522
2023-12-10 15:00:00,-8.9,1011.7,75.1499280222115
2023-12-10 16:00:00,-8.2,1011.5,74.08131152836886
2023-12-10 17:00:00,-8.4,1011.6,74.64045326230672
2023-12-10 18:00:00,-9.0,1011.6,73.33277794893324
2023-12-10 19:00:00,-8.5,1011.8,71.09900836817347
2023-12-10 20:00:00,-7.5,1011.9,73.03887943524113
2023-12-10 21:00:00,-8.0,1012.1,74.7153278008437
2023-12-10 22:00:00,-7.0,1012.0,76.70327175503247
2023-12-10 23:00:00,-6.4,1011.9,77.41403686471199
2023-12-11 00:00:00,-5.7,1011.8,75.7315915918741
2023-12-11 01:00:00,-4.5,1011.7,67.54878498227202
2023-12-11 02:00:00,-4.2,1011.6,70.31353513663512
2023-12-11 03:00:00,-3.7,1011.5,70.41798764508366
2023-12-11 04:00:00,-3.4,1011.2,72.69684742492714
2023-12-11 05:00:00,-3.0,1010.9,73.33716360526049
2023-12-11 06:00:00,-2.7,1010.8,75.1018217943589
2023-12-11 07:00:00,-2.0,1010.6,77.54905596403343
2023-12-11 08:00:00,-1.5,1010.2,79.40818586352142
2023-12-11 09:00:00,-1.7,1010.3,87.51374989399355
2023-12-11 10:00:00,-1.5,1010.0,88.18768571160052
2023-12-11 11:00:00,-1.4,1009.7,91.53274833876105
2023-12-11 12:00:00,-0.7,1009.2,88.91608040381527
2023-12-11 13:00:00,-0.5,1008.5,85.07248433332649
2023-12-11 14:00:00,-0.4,1008.2,85.71638394941509
2023-12-11 15:00:00,-0.2,1007.8,89.61613129576551
2023-12-11 16:00:00,-0.4,1007.3,89.59987875840511
2023-12-11 17:00:00,-0.2,1006.9,90.9429144406859
2023-12-11 18:00:00,-0.2,1006.4,95.02844748425184
2023-12-11 19:00:00,-0.2,1006.0,95.72496956200844
2023-12-11 20:00:00,-0.2,1005.7,95.72496956200844
2023-12-11 21:00:00,-0.2,1005.4,96.42601572056499
2023-12-11 22:00:00,-0.2,1004.7,95.72496956200844
2023-12-11 23:00:00,0.1,1004.2,95.0404163253797
2023-12-12 00:00:00,-0.5,1003.6,93.63363645795147
2023-12-12 01:00:00,-1.2,1003.3,91.54617148190917
2023-12-12 02:00:00,-1.0,1003.2,92.23794946539958
2023-12-12 03:00:00,-1.2,1002.3,90.20064816123401
2023-12-12 04:00:00,-2.4,1002.1,84.85371626540106
2023-12-12 05:00:00,-1.7,1002.0,90.16195774764554
2023-12-12 06:00:00,-1.9,1001.7,88.81157197716426
2023-12-12 07:00:00,-0.7,1001.5,88.91608040381527
2023-12-12 08:00:00,-0.7,1001.5,85.68351793124346
2023-12-12 09:00:00,-0.9,1001.3,83.14758943252241
2023-12-12 10:00:00,-0.9,1001.4,83.14758943252241
2023-12-12 11:00:00,-1.4,1001.4,91.53274833876105
2023-12-12 12:00:00,-2.2,1001.3,90.1230421574259
2023-12-12 13:00:00,-2.5,1001.4,84.84207348141284
2023-12-12 14:00:00,-3.5,1001.3,87.3371826713468
2023-12-12 15:00:00,-4.9,1000.8,85.86899432916208
2023-12-12 16:00:00,-5.2,1000.4,81.31789006461752
2023-12-12 17:00:00,-4.5,1000.6,71.91754098472705
2023-12-12 18:00:00,-4.0,1001.2,74.28824085318776
2023-12-12 19:00:00,-3.4,1001.0,76.1378830469072
2023-12-12 20:00:00,-3.2,1000.6,77.35008496682309
2023-12-12 21:00:00,-2.5,1000.5,76.87836838045116
2023-12-12 22:00:00,-2.2,999.9,76.34605975397962
2023-12-12 23:00:00,-2.0,999.8,74.65702941357559
2023-12-13 00:00:00,-1.7,999.6,71.9208815151669
2023-12-13 01:00:00,-1.9,999.2,71.33366442745881
2023-12-13 02:00:00,-2.0,998.8,70.76936377880763
2023-12-13 03:00:00,-1.4,998.2,77.0635634839004
2023-12-13 04:00:00,-1.0,997.7,75.9768372093094
2023-12-13 05:00:00,-1.0,997.2,76.55168098505372
2023-12-13 06:00:00,-1.0,996.8,78.88989977683664
2023-12-13 07:00:00,-0.9,996.3,80.69937280700256
2023-12-13 08:00:00,-0.5,995.7,78.37894978925083
2023-12-13 09:00:00,-0.5,995.4,77.2135284004377
2023-12-13 10:00:00,-0.4,994.9,77.23010536385337
2023-12-13 11:00:00,0.1,994.2,75.59976984428663
2023-12-13 12:00:00,0.1,993.4,86.40535612205097
2023-12-13 13:00:00,0.2,992.3,90.30779776799781
2023-12-13 14:00:00,0.2,991.8,95.04439642103681
2023-12-13 15:00:00,0.5,990.7,97.1478529423213
2023-12-13 16:00:00,0.7,989.5,95.75584157843477
2023-12-13 17:00:00,1.0,988.8,95.07606693706266
2023-12-13 18:00:00,1.2,987.8,96.46618138062811
2023-12-13 19:00:00,1.5,987.2,94.41278513724247
2023-12-13 20:00:00,1.5,987.0,92.39001836994618
2023-12-13 21:00:00,1.6,986.4,91.0699254978274
2023-12-13 22:00:00,1.7,985.4,88.47715174612614
2023-12-13 23:00:00,1.7,984.4,89.1208448825911
2023-12-14 00:00:00,2.1,983.4,87.87487181321256
2023-12-14 01:00:00,2.0,982.1,88.50375478731844
2023-12-14 02:00:00,2.0,980.6,91.09779343065976
2023-12-14 03:00:00,2.1,979.1,93.7639249813724
2023-12-14 04:00:00,2.2,977.5,94.4437841458576
2023-12-14 05:00:00,2.2,976.1,93.09820612653837
2023-12-14 06:00:00,2.2,975.4,95.80656231362632
2023-12-14 07:00:00,2.2,974.4,95.80656231362632
2023-12-14 08:00:00,2.2,974.2,96.49446056360664
2023-12-14 09:00:00,2.0,974.2,97.87997283220567
2023-12-14 10:00:00,2.1,973.9,97.18446507021248
2023-12-14 11:00:00,2.5,973.6,95.81659811915002
2023-12-14 12:00:00,2.6,973.0,95.13851176413263
2023-12-14 13:00:00,2.7,972.6,94.46577019715377
2023-12-14 14:00:00,2.5,972.2,94.45699130563608
2023-12-14 15:00:00,2.5,971.5,94.45699130563608
2023-12-14 16:00:00,2.1,972.1,93.09276209675352
2023-12-14 17:00:00,2.0,973.5,89.79247211022094
2023-12-14 18:00:00,2.0,974.0,91.09779343065976
2023-12-14 19:00:00,2.0,974.6,89.14604940724496
2023-12-14 20:00:00,2.1,975.2,88.51260246687794
2023-12-14 21:00:00,1.7,975.8,92.40199314458661
2023-12-14 22:00:00,1.5,976.4,94.41278513724247
2023-12-14 23:00:00,1.5,977.2,92.39001836994618
2023-12-15 00:00:00,1.6,977.5,89.11242428257479
2023-12-15 01:00:00,0.7,978.7,90.34564785839248
2023-12-15 02:00:00,-0.2,979.9,85.73823366829313
2023-12-15 03:00:00,-0.5,982.0,81.96953285886674
2023-12-15 04:00:00,-0.7,983.3,83.17304304715488
2023-12-15 05:00:00,-0.5,984.0,82.58195718148943
2023-12-15 06:00:00,-0.4,984.7,78.9829699479243
2023-12-15 07:00:00,0.2,985.2,82.673331406227
2023-12-15 08:00:00,0.5,985.6,88.3698324625678
2023-12-15 09:00:00,1.0,986.2,88.41472607968947
2023-12-15 10:00:00,1.1,986.7,89.72086870380565
2023-12-15 11:00:00,1.1,987.1,91.03490934892301
2023-12-15 12:00:00,1.1,987.2,91.03490934892301
2023-12-15 13:00:00,1.0,987.7,91.02788183294317
2023-12-15 14:00:00,1.1,988.0,91.69830592095273
2023-12-15 15:00:00,1.0,987.2,91.02788183294317
2023-12-15 16:00:00,0.7,986.6,93.01587328294224
2023-12-15 17:00:00,0.7,986.5,93.01587328294224
2023-12-15 18:00:00,1.0,985.8,91.6917757298076
2023-12-15 19:00:00,1.0,983.6,91.6917757298076
2023-12-15 20:00:00,1.1,981.5,90.3757714901858
2023-12-15 21:00:00,1.5,979.1,86.55022018278777
2023-12-15 22:00:00,1.0,975.6,91.6917757298076
2023-12-15 23:00:00,0.2,970.9,97.14090910418261
2023-12-16 00:00:00,0.5,967.5,97.85404433135588
2023-12-16 01:00:00,0.6,965.5,97.85578760405656
2023-12-16 02:00:00,1.2,964.5,97.86620293305378
2023-12-16 03:00:00,1.1,963.8,96.46333477402813
2023-12-16 04:00:00,1.0,962.7,91.6917757298076
2023-12-16 05:00:00,0.7,962.0,96.45191409804669
2023-12-16 06:00:00,0.6,962.0,92.33578505901374
2023-12-16 07:00:00,0.7,963.1,91.67213959102538
2023-12-16 08:00:00,0.0,963.5,90.29259655761705
2023-12-16 09:00:00,-0.5,963.8,86.98390911968417
2023-12-16 10:00:00,-0.2,963.4,85.1066066486579
2023-12-16 11:00:00,-0.5,963.9,87.62946872353842
2023-12-16 12:00:00,-1.2,964.8,87.56215762290277
2023-12-16 13:00:00,-1.4,964.1,85.60640137924295
2023-12-16 14:00:00,-0.9,963.2,86.30048498800372
2023-12-16 15:00:00,-1.0,963.3,93.60811875192596
2023-12-16 16:00:00,0.1,962.7,95.73529727263231
2023-12-16 17:00:00,-0.2,964.0,93.64887465643805
2023-12-16 18:00:00,-0.4,967.3,94.32733886056488
2023-12-16 19:00:00,-0.7,971.1,93.62344752894298
2023-12-16 20:00:00,0.0,974.3,91.62605464639685
2023-12-16 21:00:00,0.5,977.2,92.3297238875498
2023-12-16 22:00:00,0.1,980.0,92.98253254007366
2023-12-16 23:00:00,-0.2,982.8,90.9429144406859
2023-12-17 00:00:00,-0.7,985.0,91.57959224908885
2023-12-17 01:00:00,-1.0,986.6,90.21606165794711
2023-12-17 02:00:00,-1.0,988.2,88.23361205174115
2023-12-17 03:00:00,-1.0,988.6,90.21606165794711
2023-12-17 04:00:00,-1.2,989.3,91.54617148190917
2023-12-17 05:00:00,-1.4,990.1,91.53274833876105
2023-12-17 06:00:00,-1.5,990.6,92.20699710191815
2023-12-17 07:00:00,-1.5,990.9,91.52602496844557
2023-12-17 08:00:00,-1.5,991.6,91.52602496844557
2023-12-17 09:00:00,-1.5,992.0,90.84952134913217
2023-12-17 10:00:00,-1.5,992.4,90.84952134913217
2023-12-17 11:00:00,-1.5,992.5,91.52602496844557
2023-12-17 12:00:00,-1.5,993.1,92.89246327528413
2023-12-17 13:00:00,-1.5,993.0,89.50981815275505
2023-12-17 14:00:00,-1.9,992.8,90.14641862833292
2023-12-17 15:00:00,-1.5,993.1,86.23699547038358
2023-12-17 16:00:00,-2.5,993.0,84.84207348141284
2023-12-17 17:00:00,-3.0,992.8,86.72928948237622
2023-12-17 18:00:00,-3.2,992.5,88.02955727257459
2023-12-17 19:00:00,-3.2,992.2,88.6967156012947
2023-12-17 20:00:00,-2.5,992.3,86.78079146635739
2023-12-17 21:00:00,-2.4,992.2,86.79105685807535
2023-12-17 22:00:00,-2.5,991.8,86.78079146635739
2023-12-17 23:00:00,-2.7,991.4,88.07638578281855
2023-12-18 00:00:00,-2.5,990.8,86.78079146635739
2023-12-18 01:00:00,-2.7,991.0,88.74109485934854
2023-12-18 02:00:00,-2.5,990.8,91.45835575380151
2023-12-18 03:00:00,-2.2,990.7,91.47874000253651
2023-12-18 04:00:00,-2.5,990.4,91.45835575380151
2023-12-18 05:00:00,-3.0,990.4,90.7399861986418
2023-12-18 06:00:00,-3.2,990.8,91.41051178790923
2023-12-18 07:00:00,-3.7,991.1,90.68820768443446
2023-12-18 08:00:00,-3.5,991.2,91.38988611654196
2023-12-18 09:00:00,-3.9,991.3,92.75411757334933
2023-12-18 10:00:00,-4.4,991.5,91.32756880233896
2023-12-18 11:00:00,-4.7,991.1,89.24121277759664
2023-12-18 12:00:00,-4.5,991.1,88.58012211476411
2023-12-18 13:00:00,-4.5,990.9,87.23750914770348
2023-12-18 14:00:00,-4.0,990.8,92.74826693141233
2023-12-18 15:00:00,-4.2,990.6,92.03665972255259
2023-12-18 16:00:00,-4.2,990.3,90.65096148841283
2023-12-18 17:00:00,-4.0,990.1,89.98105493191329
2023-12-18 18:00:00,-4.0,990.3,92.04946506783155
2023-12-18 19:00:00,-3.7,990.2,85.34872035971092
2023-12-18 20:00:00,-3.5,990.7,82.18237888592995
2023-12-18 21:00:00,-3.5,990.9,86.02223947189503
2023-12-18 22:00:00,-3.4,990.8,82.82467221694615
2023-12-18 23:00:00,-3.2,991.1,81.59925792974224
2023-12-19 00:00:00,-3.5,991.5,80.93673680594745
2023-12-19 01:00:00,-3.7,991.6,80.29063117945755
2023-12-19 02:00:00,-3.7,991.6,80.29063117945755
2023-12-19 03:00:00,-4.0,991.6,82.74584377067087
2023-12-19 04:00:00,-4.0,991.6,82.11450069270761
2023-12-19 05:00:00,-4.0,991.4,82.11450069270761
2023-12-19 06:00:00,-4.0,991.4,78.41562788187768
2023-12-19 07:00:00,-3.7,991.2,82.15527220853706
2023-12-19 08:00:00,-4.2,991.5,83.99687447097139
2023-12-19 09:00:00,-4.2,991.8,82.08724510767242
2023-12-19 10:00:00,-4.0,991.8,83.38150122197516
2023-12-19 11:00:00,-4.0,991.9,79.02161469731482
2023-12-19 12:00:00,-4.2,991.9,77.78085316006074
2023-12-19 13:00:00,-4.5,992.1,72.48095789293794
2023-12-19 14:00:00,-4.2,992.3,81.45934111716862
2023-12-19 15:00:00,-4.2,992.5,73.67670709647189
2023-12-19 17:00:00,-4.4,993.0,71.93759076901617
2023-12-19 18:00:00,-5.2,993.4,75.82074078377596
2023-12-19 19:00:00,-5.7,993.8,77.531677054765
2023-12-19 20:00:00,-6.0,994.2,78.70486435093422
2023-12-19 21:00:00,-6.4,994.4,78.02521933537257
2023-12-19 22:00:00,-6.4,994.5,79.26049750546139
2023-12-19 23:00:00,-6.7,994.5,79.21341118533884
2023-12-20 00:00:00,-6.5,994.4,81.13167490981265
2023-12-20 01:00:00,-6.7,994.2,77.97571395855083
2023-12-20 02:00:00,-6.9,994.0,76.72062606317118
2023-12-20 03:00:00,-7.0,993.6,79.16617218945959
2023-12-20 04:00:00,-7.0,993.4,79.16617218945959
2023-12-20 05:00:00,-7.0,993.1,80.42385211148166
2023-12-20 06:00:00,-7.0,992.7,76.70327175503247
2023-12-20 07:00:00,-7.0,992.7,74.90116209930432
2023-12-20 08:00:00,-7.4,992.6,71.90030449766577
2023-12-20 09:00:00,-7.4,992.5,72.47735006163573
2023-12-20 10:00:00,-7.7,991.8,72.99953330209846
2023-12-20 11:00:00,-7.7,991.6,74.17648301550439
2023-12-20 12:00:00,-7.9,991.0,71.79847767211636
2023-12-20 13:00:00,-8.2,990.4,72.31688822895416
2023-12-20 14:00:00,-8.2,989.8,74.67792935622722
2023-12-20 15:00:00,-8.4,989.1,75.84806312178314
2023-12-20 16:00:00,-8.2,988.2,75.88403968803634
2023-12-20 17:00:00,-8.5,987.7,72.84134646344887
2023-12-20 18:00:00,-8.2,987.3,76.49358587654822
2023-12-20 19:00:00,-8.5,987.1,75.22370157605427
2023-12-20 20:00:00,-8.5,986.8,74.02397286961526
2023-12-20 21:00:00,-8.4,986.5,75.24209684691334
2023-12-20 22:00:00,-8.4,986.1,75.84806312178314
2023-12-20 23:00:00,-8.2,985.8,77.10749543799731
2023-12-21 00:00:00,-8.0,985.3,75.31548619346022
2023-12-21 01:00:00,-7.9,985.0,76.5462566457966
2023-12-21 02:00:00,-7.7,984.9,74.17648301550439
2023-12-21 03:00:00,-7.7,984.8,75.97365122903223
2023-12-21 04:00:00,-7.5,984.8,76.61622524604758
2023-12-21 05:00:00,-7.0,984.8,77.9260499917504
2023-12-21 06:00:00,-6.7,984.7,74.95653842289477
2023-12-21 07:00:00,-6.4,984.7,73.83569782247748
2023-12-21 09:00:00,-6.0,985.0,77.48136648103818
2023-12-21 10:00:00,-5.7,985.2,82.51964100804
2023-12-21 11:00:00,-4.5,985.6,87.23750914770348
2023-12-21 12:00:00,-3.7,985.9,83.41966793529745
2023-12-21 13:00:00,-3.9,986.1,84.03379011716038
2023-12-21 14:00:00,-3.2,986.6,84.76020904558669
2023-12-21 15:00:00,-2.4,986.9,84.85371626540106
2023-12-21 16:00:00,-1.7,987.2,90.16195774764554
2023-12-21 17:00:00,-1.2,987.8,86.26879370372735
2023-12-21 18:00:00,-1.2,988.2,86.91333937459812
2023-12-21 19:00:00,-2.0,989.3,92.86396555773935
2023-12-21 20:00:00,-2.4,991.0,92.84104544844041
2023-12-21 21:00:00,-2.7,992.1,73.95967470814566
2023-12-21 22:00:00,-2.7,992.9,90.08389967746818
2023-12-21 23:00:00,-3.0,993.6,90.7399861986418
2023-12-22 00:00:00,-3.9,994.2,92.75411757334933
2023-12-22 01:00:00,-4.0,995.3,89.30082630126421
2023-12-22 02:00:00,-4.2,995.8,86.60448401658508
2023-12-22 03:00:00,-4.0,996.1,84.02149861792975
2023-12-22 04:00:00,-4.4,996.7,86.58351676374927
2023-12-22 05:00:00,-4.4,997.0,86.58351676374927
2023-12-22 06:00:00,-4.2,997.5,83.99687447097139
2023-12-22 07:00:00,-4.0,998.1,82.74584377067087
2023-12-22 08:00:00,-4.0,999.1,80.86465600088033
2023-12-22 09:00:00,-4.0,999.8,79.02161469731482
2023-12-22 10:00:00,-4.0,1000.2,80.86465600088033
2023-12-22 11:00:00,-4.0,1000.3,81.48744654273536
2023-12-22 12:00:00,-3.7,1000.5,83.41966793529745
2023-12-22 13:00:00,-3.2,1000.2,88.6967156012947
2023-12-22 14:00:00,-3.4,1000.4,91.39676945206834
2023-12-22 15:00:00,-3.0,1000.6,80.39397086392636
2023-12-22 16:00:00,-3.0,1001.1,78.57538942795716
2023-12-22 17:00:00,-2.9,1001.4,82.26334392964189
2023-12-22 18:00:00,-2.2,1001.4,78.10702687156126
2023-12-22 19:00:00,-2.4,1001.6,75.15585330328516
2023-12-22 20:00:00,-2.2,1002.3,68.58628086438503
2023-12-22 21:00:00,-1.9,1002.5,71.88118826438202
2023-12-22 22:00:00,-2.0,1002.6,68.62964889533629
2023-12-22 23:00:00,-2.2,1003.1,76.92908542127303
2023-12-23 00:00:00,-2.2,1002.9,87.46506623360943
2023-12-23 01:00:00,-2.2,1003.1,84.87696291797194
2023-12-23 02:00:00,-1.7,1003.1,73.58402828003291
2023-12-23 03:00:00,-1.7,1003.1,67.13019408976945
2023-12-23 04:00:00,-1.5,1003.4,66.66115588600695
2023-12-23 05:00:00,-1.4,1003.6,69.28702777336083
2023-12-23 06:00:00,-1.7,1003.6,63.60264685809168
2023-12-23 07:00:00,-1.5,1003.8,61.711905812828775
2023-12-23 08:00:00,-1.4,1003.6,64.66423327705051
2023-12-23 09:00:00,-1.2,1003.4,61.786811832486876
2023-12-23 10:00:00,-1.2,1004.2,61.786811832486876
2023-12-23 11:00:00,-1.4,1004.2,69.28702777336083
2023-12-23 12:00:00,-2.0,1004.5,75.2276392707879
2023-12-23 13:00:00,-1.7,1004.2,75.28128750464643
2023-12-23 14:00:00,-1.7,1004.3,75.28128750464643
2023-12-23 15:00:00,-2.0,1004.5,77.54905596403343
2023-12-23 16:00:00,-2.9,1004.8,94.91876864258563
2023-12-23 17:00:00,-2.9,1004.7,95.63032122236106
2023-12-23 18:00:00,-2.5,1004.6,92.14454262855458
2023-12-23 19:00:00,-2.7,1004.6,86.76022572912801
2023-12-23 20:00:00,-2.5,1004.5,84.20444246287285
2023-12-23 21:00:00,-1.9,1004.0,79.34702125235998
2023-12-23 22:00:00,-2.0,1004.1,83.00659543299165
2023-12-23 23:00:00,-1.5,1004.0,78.21958079098191
2023-12-24 00:00:00,-2.0,1003.7,79.33168958072388
2023-12-24 01:00:00,-2.0,1003.5,80.54025751338591
2023-12-24 02:00:00,-1.9,1003.6,75.81967575562543
2023-12-24 03:00:00,-1.4,1003.5,68.75926383106284
2023-12-24 04:00:00,-1.5,1003.9,73.6217239391397
2023-12-24 05:00:00,-1.2,1003.9,75.9420371617819
2023-12-24 06:00:00,-1.5,1003.7,67.69235033995851
2023-12-24 07:00:00,-1.9,1003.7,72.43244694975029
2023-12-24 08:00:00,-1.5,1004.0,66.15081916450652
2023-12-24 09:00:00,-1.5,1004.3,69.26575849483177
2023-12-24 10:00:00,-1.4,1004.2,70.8920052454589
2023-12-24 11:00:00,-1.7,1004.4,69.75538651456179
2023-12-24 12:00:00,-1.7,1004.9,70.29125066417976
2023-12-24 13:00:00,-1.5,1004.8,63.161146795654446
2023-12-24 14:00:00,-1.7,1005.5,69.2231594150512
2023-12-24 15:00:00,-1.9,1005.7,61.134429926911636
2023-12-24 16:00:00,-2.0,1006.0,65.52794633778888
2023-12-24 17:00:00,-2.2,1006.4,66.50216004588975
2023-12-24 18:00:00,-2.2,1006.7,68.58628086438503
2023-12-24 19:00:00,-2.0,1006.9,69.69220063567484
2023-12-24 20:00:00,-2.2,1007.5,75.19178278929836
2023-12-24 21:00:00,-1.9,1007.6,79.34702125235998
2023-12-24 22:00:00,-2.0,1007.7,77.54905596403343
2023-12-24 23:00:00,-1.9,1007.8,82.39711216728874
2023-12-25 00:00:00,-2.0,1007.5,73.52734359785221
2023-12-25 01:00:00,-2.2,1007.9,77.51606670624656
2023-12-25 02:00:00,-2.5,1007.6,74.56553099422575
2023-12-25 03:00:00,-2.2,1008.3,71.82150241827439
2023-12-25 04:00:00,-2.4,1007.6,73.45149950910914
2023-12-25 05:00:00,-2.5,1008.2,73.43249110108096
2023-12-25 06:00:00,-2.7,1008.1,67.94970316803919
2023-12-25 07:00:00,-2.7,1008.3,65.87453356572995
2023-12-25 08:00:00,-3.0,1008.5,58.969613124257606
2023-12-25 09:00:00,-2.7,1009.0,71.72163524427995
2023-12-25 10:00:00,-3.0,1009.4,75.62561486208871
2023-12-25 11:00:00,-3.0,1009.7,77.97737889949323
2023-12-25 12:00:00,-3.4,1010.0,77.31668027870657
2023-12-25 13:00:00,-3.7,1010.3,81.52948998443634
2023-12-25 14:00:00,-3.9,1010.4,78.43168018712467
2023-12-25 15:00:00,-3.7,1010.5,78.4637338745763
2023-12-25 16:00:00,-3.9,1010.8,78.43168018712467
2023-12-25 17:00:00,-4.0,1010.7,75.44728720300557
2023-12-25 18:00:00,-4.4,1011.3,74.21358179255141
2023-12-25 19:00:00,-4.4,1011.4,74.79250309857785
2023-12-25 20:00:00,-4.5,1011.6,74.77414018856486
2023-12-25 21:00:00,-5.0,1012.2,73.52403190247124
2023-12-25 22:00:00,-5.5,1012.5,72.85330036487183
2023-12-25 23:00:00,-6.0,1012.7,73.33144386892288
2023-12-26 00:00:00,-6.9,1013.1,71.43033253380196
2023-12-26 01:00:00,-7.4,1013.5,73.05852254939958
2023-12-26 02:00:00,-8.4,1013.8,74.0431054602002
2023-12-26 03:00:00,-8.9,1013.6,75.1499280222115
2023-12-26 04:00:00,-9.0,1013.2,78.84729783940699
2023-12-26 05:00:00,-9.2,1013.7,73.29353450399977
2023-12-26 06:00:00,-9.5,1013.7,75.64883378466315
2023-12-26 07:00:00,-9.7,1014.0,75.61236172491988
2023-12-26 08:00:00,-10.0,1014.4,73.13575274923545
2023-12-26 09:00:00,-10.7,1014.4,75.42884291870396
2023-12-26 10:00:00,-10.5,1015.2,77.33470415597684
2023-12-26 11:00:00,-10.7,1015.4,79.85989296319414
2023-12-26 12:00:00,-10.7,1015.8,74.20383337430081
2023-12-26 13:00:00,-10.7,1016.1,76.67188326925596
2023-12-26 14:00:00,-11.4,1016.1,73.46044136776788
2023-12-26 15:00:00,-11.0,1015.9,79.81315184143199
2023-12-26 16:00:00,-11.0,1015.5,77.24839729269462
2023-12-26 17:00:00,-10.0,1015.8,78.05061104247613
2023-12-26 18:00:00,-8.5,1015.4,79.56056079407625
2023-12-26 19:00:00,-7.0,1015.5,72.55709653343257
2023-12-26 20:00:00,-6.7,1015.8,67.58853036142656
2023-12-26 21:00:00,-6.9,1016.0,67.00357523083083
2023-12-26 22:00:00,-7.0,1016.3,70.27866846476691
2023-12-26 23:00:00,-7.7,1016.9,67.36097666388942
2023-12-27 00:00:00,-7.9,1017.2,70.08696108622019
2023-12-27 01:00:00,-8.0,1016.9,73.52779312061884
2023-12-27 02:00:00,-8.0,1016.9,72.94036397526071
2023-12-27 03:00:00,-8.2,1016.7,72.31688822895416
2023-12-27 04:00:00,-8.0,1016.9,75.91994075745428
2023-12-27 05:00:00,-7.7,1016.4,75.97365122903223
2023-12-27 06:00:00,-7.7,1016.5,75.37032756144387
2023-12-27 07:00:00,-7.4,1016.2,74.8270591886054
2023-12-27 08:00:00,-7.2,1015.6,74.27116596442822
2023-12-27 09:00:00,-7.4,1015.0,76.02719292102995
2023-12-27 10:00:00,-7.0,1014.8,74.90116209930432
2023-12-27 11:00:00,-6.5,1014.8,75.58798703032863
2023-12-27 12:00:00,-6.0,1014.1,79.94554245936538
2023-12-27 13:00:00,-5.5,1013.3,78.17279019146946
2023-12-27 14:00:00,-5.2,1012.0,86.49916733637491
2023-12-27 15:00:00,-5.0,1010.6,92.68937407739088
2023-12-27 16:00:00,-4.5,1009.4,94.13621765470529
2023-12-27 17:00:00,-3.9,1008.6,95.59447349514036
2023-12-27 18:00:00,-3.0,1007.9,96.34361598547082
2023-12-27 19:00:00,-1.4,1007.1,98.54228026243057
2023-12-27 20:00:00,-0.2,1006.5,97.84178189963477
2023-12-27 21:00:00,-0.2,1005.6,97.13161133533717
2023-12-27 22:00:00,-0.2,1005.3,94.33642422935549
2023-12-27 23:00:00,0.0,1005.1,91.62605464639685
2023-12-28 00:00:00,0.5,1004.8,89.01916297421701
2023-12-28 01:00:00,0.6,1004.2,86.45735330275241
2023-12-28 02:00:00,0.5,1003.6,86.44697709017416
2023-12-28 03:00:00,0.5,1003.0,87.08376303225035
2023-12-28 04:00:00,0.6,1002.0,88.37883155240924
2023-12-28 05:00:00,0.1,1001.6,93.66405884587398
2023-12-28 06:00:00,0.2,1001.0,88.34277385352127
2023-12-28 07:00:00,0.5,1000.5,87.08376303225035
2023-12-28 09:00:00,-0.5,1000.0,95.71460457711434
2023-12-28 10:00:00,-1.2,1000.0,94.29078017184166
2023-12-28 11:00:00,-2.0,1000.0,93.55662641537592
2023-12-28 12:00:00,-3.7,999.9,87.98245905084534
2023-12-28 13:00:00,-5.5,1000.7,91.25049556409508
2023-12-28 14:00:00,-6.0,1001.1,85.74686556299531
2023-12-28 15:00:00,-7.2,1000.5,86.96259560704279
2023-12-28 16:00:00,-8.2,1000.8,85.49795657059725
2023-12-28 17:00:00,-8.7,1001.2,83.42798902152005
2023-12-28 18:00:00,-9.2,1001.3,84.70467898035562
2023-12-28 19:00:00,-9.5,1001.9,85.34789222988653
2023-12-28 20:00:00,-9.5,1001.8,86.72153669918258
2023-12-28 21:00:00,-9.5,1001.4,86.03226944304983
2023-12-28 22:00:00,-9.7,1001.4,86.70026837603888
2023-12-28 23:00:00,-10.0,1001.9,87.36504874887818
2023-12-29 00:00:00,-10.2,1001.1,88.04751930722638
2023-12-29 01:00:00,-10.5,1001.6,88.01848655100835
2023-12-29 02:00:00,-10.5,1002.2,81.85738943180854
2023-12-29 03:00:00,-11.0,1002.1,81.1238225051373
2023-12-29 04:00:00,-11.2,1001.5,87.24220377858454
2023-12-29 05:00:00,-11.7,1001.4,86.48482469742805
2023-12-29 06:00:00,-11.5,1001.5,85.11257994405622
2023-12-29 07:00:00,-12.0,1001.8,83.67397700776208
2023-12-29 08:00:00,-12.0,1002.4,83.67397700776208
2023-12-29 09:00:00,-12.0,1003.3,79.65622328366375
2023-12-29 10:00:00,-11.7,1004.0,77.12678343371935
2023-12-29 11:00:00,-11.7,1004.1,76.49435274449787
2023-12-29 12:00:00,-11.7,1004.0,74.62476844057382
2023-12-29 13:00:00,-11.0,1004.3,76.61882368023669
2023-12-29 14:00:00,-11.2,1003.8,71.70345482694589
2023-12-29 15:00:00,-11.0,1003.9,70.57060536080138
2023-12-29 16:00:00,-10.7,1003.8,72.9966258126201
2023-12-29 17:00:00,-10.5,1003.8,68.95292441129162
2023-12-29 18:00:00,-10.2,1003.9,73.09610431885444
2023-12-29 19:00:00,-10.2,1003.8,70.16308542871269
2023-12-29 20:00:00,-10.0,1004.0,71.36517825942109
2023-12-29 21:00:00,-9.9,1004.2,68.5216188600443
2023-12-29 22:00:00,-9.5,1003.9,66.39885912153528
2023-12-29 23:00:00,-9.2,1004.1,78.1837270492082
2023-12-30 00:00:00,-8.9,1004.3,75.75779013009377
2023-12-30 01:00:00,-8.7,1004.3,78.8955706304325
2023-12-30 02:00:00,-8.9,1004.6,74.54642202583217
2023-12-30 03:00:00,-8.9,1004.8,74.54642202583217
2023-12-30 04:00:00,-8.5,1005.0,69.39396232962311
2023-12-30 05:00:00,-8.5,1005.3,73.43053524336584
2023-12-30 06:00:00,-9.0,1005.7,74.52755712449283
2023-12-30 07:00:00,-8.5,1006.3,70.52655083651082
2023-12-30 08:00:00,-8.7,1006.7,73.98564845262604
2023-12-30 09:00:00,-8.4,1007.3,65.04835005985797
2023-12-30 10:00:00,-8.5,1007.7,72.84134646344887
2023-12-30 11:00:00,-8.5,1008.2,67.1773722343709
2023-12-30 12:00:00,-8.5,1008.7,63.970924397480886
2023-12-30 13:00:00,-8.9,1009.1,65.46095507934531
2023-12-30 14:00:00,-9.0,1009.3,70.99438114138505
2023-12-30 15:00:00,-8.9,1009.3,75.1499280222115
2023-12-30 16:00:00,-8.5,1009.7,71.67560936968388
2023-12-30 17:00:00,-8.7,1010.2,78.2663424266838
2023-12-30 18:00:00,-8.7,1010.8,78.2663424266838
2023-12-30 19:00:00,-8.7,1011.2,80.8104183598256
2023-12-30 20:00:00,-9.5,1011.6,81.99830323442409
2023-12-30 21:00:00,-9.4,1012.0,80.06065957811468
2023-12-30 22:00:00,-9.4,1012.4,84.00628632432874
2023-12-30 23:00:00,-9.4,1012.9,81.35709414352242
2023-12-31 00:00:00,-9.7,1013.2,79.37201121190108
2023-12-31 01:00:00,-9.9,1013.4,80.63187166298688
2023-12-31 02:00:00,-9.4,1013.8,80.06065957811468
2023-12-31 03:00:00,-9.7,1014.0,80.01458376480603
2023-12-31 04:00:00,-9.5,1014.3,78.13394336452659
2023-12-31 05:00:00,-9.0,1014.7,76.35231089289819
2023-12-31 06:00:00,-9.0,1014.9,82.06816986659732
2023-12-31 07:00:00,-8.5,1015.1,84.11903615414518
2023-12-31 08:00:00,-8.2,1016.1,82.17914683127825
2023-12-31 09:00:00,-8.0,1016.7,81.55782417560873
2023-12-31 10:00:00,-7.9,1017.5,82.22050822060926
2023-12-31 11:00:00,-7.9,1017.8,74.73399796569436
2023-12-31 12:00:00,-7.5,1018.3,74.80848547662315
2023-12-31 13:00:00,-7.5,1018.3,72.45736312235715
2023-12-31 14:00:00,-7.2,1019.4,70.23621315670974
2023-12-31 15:00:00,-7.2,1019.3,66.39795135842313
2023-12-31 16:00:00,-7.0,1019.6,63.82130230459801
2023-12-31 17:00:00,-7.2,1020.1,63.258178098561245
2023-12-31 18:00:00,-7.2,1020.1,61.23930747480429
2023-12-31 19:00:00,-7.2,1020.7,59.76311390645631
2023-12-31 20:00:00,-7.5,1020.3,66.86533808978172
2023-12-31 21:00:00,-7.2,1020.8,60.74366582269231
2023-12-31 22:00:00,-7.7,1021.1,63.13351840626046
2023-12-31 23:00:00,-7.9,1021.1,64.11852859386933
